Starting data processing at 2025-01-07 23:04:22.560810
Processing year 2004
Processing site AGMT for year 2004
Processing site ALAM for year 2004
Processing site ALPP for year 2004
Processing site AOA1 for year 2004
Processing site ARGU for year 2004
Processing site ARM1 for year 2004
Processing site ARM2 for year 2004
Processing site AVRY for year 2004
Processing site AZRY for year 2004
Processing site BALD for year 2004
Processing site BBDM for year 2004
Processing site BBRY for year 2004
Processing site BCWR for year 2004
Processing site BEAT for year 2004
Processing site BEMT for year 2004
Processing site BEPK for year 2004
Processing site BGIS for year 2004
Processing site BILL for year 2004
Processing site BKAP for year 2004
Processing site BKMS for year 2004
Processing site BLSA for year 2004
Processing site BMHL for year 2004
Processing site BMRY for year 2004
Processing site BRAN for year 2004
Processing site BRPK for year 2004
Processing site BSRY for year 2004
Processing site BULL for year 2004
Processing site BUST for year 2004
Processing site BVPP for year 2004
Processing site CA99 for year 2004
Processing site CACT for year 2004
Processing site CASA for year 2004
Processing site CAT1 for year 2004
Processing site CAT2 for year 2004
Processing site CBHS for year 2004
Processing site CCCC for year 2004
Processing site CCCO for year 2004
Processing site CCCS for year 2004
Processing site CDMT for year 2004
Processing site CGDM for year 2004
Processing site CHIL for year 2004
Processing site CHLO for year 2004
Processing site CHMS for year 2004
Processing site CIC1 for year 2004
Processing site CIRX for year 2004
Processing site CIT1 for year 2004
Processing site CJMS for year 2004
Processing site CLAR for year 2004
Processing site CMP9 for year 2004
Processing site CNPP for year 2004
Processing site COPR for year 2004
Processing site CORX for year 2004
Processing site COSO for year 2004
Processing site COTD for year 2004
Processing site CRAT for year 2004
Processing site CRFP for year 2004
Processing site CRHS for year 2004
Processing site CRRS for year 2004
Processing site CRU1 for year 2004
Processing site CSCI for year 2004
Processing site CSDH for year 2004
Processing site CSN1 for year 2004
Processing site CSST for year 2004
Processing site CTDM for year 2004
Processing site CTMS for year 2004
Processing site CUHS for year 2004
Processing site CVHS for year 2004
Processing site DAM2 for year 2004
Processing site DAM3 for year 2004
Processing site DHLG for year 2004
Processing site DSHS for year 2004
Processing site DVLE for year 2004
Processing site DVLS for year 2004
Processing site DVLW for year 2004
Processing site DVNE for year 2004
Processing site DVPB for year 2004
Processing site DVSE for year 2004
Processing site DVSW for year 2004
Processing site DYER for year 2004
Processing site DYHS for year 2004
Processing site ECCO for year 2004
Processing site ECFS for year 2004
Processing site EDPP for year 2004
Processing site ELSC for year 2004
Processing site ESE2 for year 2004
Processing site EWPP for year 2004
Processing site FMTP for year 2004
Processing site FMVT for year 2004
Processing site FVPK for year 2004
Processing site FXHS for year 2004
Processing site FZHS for year 2004
Processing site GDEC for year 2004
Processing site GLRS for year 2004
Processing site GMRC for year 2004
Processing site GOL2 for year 2004
Processing site GOLD for year 2004
Processing site GVRS for year 2004
Processing site HBCO for year 2004
Processing site HCMN for year 2004
Processing site HIVI for year 2004
Processing site HNPS for year 2004
Processing site HOL3 for year 2004
Processing site HOLC for year 2004
Processing site HOLP for year 2004
Processing site HOTK for year 2004
Processing site HVYS for year 2004
Processing site IID2 for year 2004
Processing site ISLK for year 2004
Processing site JNPR for year 2004
Processing site JOHN for year 2004
Processing site JPLM for year 2004
Processing site KBRC for year 2004
Processing site KRAC for year 2004
Processing site KYVW for year 2004
Processing site LAPC for year 2004
Processing site LASC for year 2004
Processing site LBC1 for year 2004
Processing site LBC2 for year 2004
Processing site LBCH for year 2004
Processing site LDES for year 2004
Processing site LDSW for year 2004
Processing site LEEP for year 2004
Processing site LFRS for year 2004
Processing site LINJ for year 2004
Processing site LITT for year 2004
Processing site LL01 for year 2004
Processing site LLAS for year 2004
Processing site LNMT for year 2004
Processing site LONG for year 2004
Processing site LORS for year 2004
Processing site LPHS for year 2004
Processing site LVMS for year 2004
Processing site LVWD for year 2004
Processing site MAT2 for year 2004
Processing site MERC for year 2004
Processing site MHMS for year 2004
Processing site MINS for year 2004
Processing site MJPK for year 2004
Processing site MLFP for year 2004
Processing site MONP for year 2004
Processing site MPWD for year 2004
Processing site MSOB for year 2004
Processing site MUSB for year 2004
Processing site MVFD for year 2004
Processing site MWTP for year 2004
Processing site NBPS for year 2004
Processing site NHRG for year 2004
Processing site NOCO for year 2004
Processing site NOPK for year 2004
Processing site NSSS for year 2004
Processing site OEOC for year 2004
Processing site OGHS for year 2004
Processing site OPBL for year 2004
Processing site OPCL for year 2004
Processing site OPCP for year 2004
Processing site OPCX for year 2004
Processing site OPRD for year 2004
Processing site ORMT for year 2004
Processing site OVLS for year 2004
Processing site OXYC for year 2004
Processing site PBPP for year 2004
Processing site PERL for year 2004
Processing site PHLB for year 2004
Processing site PIN1 for year 2004
Processing site PIN2 for year 2004
Processing site PKRD for year 2004
Processing site PLO3 for year 2004
Processing site PMHS for year 2004
Processing site PMOB for year 2004
Processing site POIN for year 2004
Processing site PPBF for year 2004
Processing site PSAP for year 2004
Processing site PSDM for year 2004
Processing site PVE3 for year 2004
Processing site PVHS for year 2004
Processing site PVRS for year 2004
Processing site QHTP for year 2004
Processing site RAMT for year 2004
Processing site RCA2 for year 2004
Processing site RDMT for year 2004
Processing site RDOM for year 2004
Processing site RELA for year 2004
Processing site REPO for year 2004
Processing site RHCL for year 2004
Processing site ROCH for year 2004
Processing site ROCK for year 2004
Processing site ROGE for year 2004
Processing site RSTP for year 2004
Processing site RTHS for year 2004
Processing site RYAN for year 2004
Processing site SACY for year 2004
Processing site SAWC for year 2004
Processing site SBCC for year 2004
Processing site SCIP for year 2004
Processing site SCMS for year 2004
Processing site SDHL for year 2004
Processing site SFDM for year 2004
Processing site SGHS for year 2004
Processing site SGPS for year 2004
Processing site SHOS for year 2004
Processing site SIBE for year 2004
Processing site SILK for year 2004
Processing site SIO3 for year 2004
Processing site SIO5 for year 2004
Processing site SKUL for year 2004
Processing site SLMS for year 2004
Processing site SMYC for year 2004
Processing site SNHS for year 2004
Processing site SNI1 for year 2004
Processing site SOMT for year 2004
Processing site SPK1 for year 2004
Processing site SPMS for year 2004
Processing site STRI for year 2004
Processing site TABL for year 2004
Processing site TATE for year 2004
Processing site THCP for year 2004
Processing site TILC for year 2004
Processing site TIVA for year 2004
Processing site TMAP for year 2004
Processing site TORP for year 2004
Processing site TOST for year 2004
Processing site TRAK for year 2004
Processing site TROY for year 2004
Processing site TWMS for year 2004
Processing site UCLP for year 2004
Processing site UCSB for year 2004
Processing site USC1 for year 2004
Processing site USGC for year 2004
Processing site VDCY for year 2004
Processing site VIMT for year 2004
Processing site VNCO for year 2004
Processing site VNCX for year 2004
Processing site VNPS for year 2004
Processing site VTIS for year 2004
Processing site VYAS for year 2004
Processing site WATC for year 2004
Processing site WCHS for year 2004
Processing site WGPP for year 2004
Processing site WHC1 for year 2004
Processing site WHYT for year 2004
Processing site WIDC for year 2004
Processing site WLSN for year 2004
Processing site WMAP for year 2004
Processing site WNRA for year 2004
Processing site WOMT for year 2004
Processing site WRHS for year 2004
Processing site WWMT for year 2004
Processing site LJRN for year 2004
Processing site PMTN for year 2004
Processing site SCIA for year 2004
Processing site DDMN for year 2004
Processing site ESRW for year 2004
Processing site IVCO for year 2004
Processing site OAES for year 2004
Processing site DVNW for year 2004
Processing site IMPS for year 2004
Processing site KNOL for year 2004
Processing site LINC for year 2004
Processing site WKPK for year 2004
Processing site DSSC for year 2004
Processing site BKR1 for year 2004
Processing site BKR2 for year 2004
Processing site MRDM for year 2004
Processing site SGDM for year 2004
Processing site MTA1 for year 2004
Processing site BTDM for year 2004
Processing site BAR1 for year 2004
Processing site ANA1 for year 2004
Processing site GHRP for year 2004
Processing site P584 for year 2004
Processing site P482 for year 2004
Processing site OZST for year 2004
Processing site RSVY for year 2004
Processing site VCST for year 2004
Processing site 7ODM for year 2004
Processing site LNCO for year 2004
Processing site CCST for year 2004
Processing site AZU1 for year 2004
Processing site P483 for year 2004
Processing site P474 for year 2004
Processing site P478 for year 2004
Processing site P066 for year 2004
Processing site P480 for year 2004
Processing site P562 for year 2004
Processing site P472 for year 2004
Processing site P470 for year 2004
Processing site P577 for year 2004
Processing site P473 for year 2004
Error processing year 2004: 'DataFrame.iloc' only supports selecting columns. It must be used like 'df.iloc[:, column_indexer]'.
No data processed for year 2004
Processing year 2005
Processing site 7ODM for year 2005
Processing site AGMT for year 2005
Processing site ALAM for year 2005
Processing site ALPP for year 2005
Processing site ANA1 for year 2005
Processing site AOA1 for year 2005
Processing site ARGU for year 2005
Processing site ARM1 for year 2005
Processing site ARM2 for year 2005
Processing site AVRY for year 2005
Processing site AZRY for year 2005
Processing site AZU1 for year 2005
Processing site BALD for year 2005
Processing site BAR1 for year 2005
Processing site BBDM for year 2005
Processing site BBRY for year 2005
Processing site BCWR for year 2005
Processing site BEAT for year 2005
Processing site BEMT for year 2005
Processing site BEPK for year 2005
Processing site BGIS for year 2005
Processing site BILL for year 2005
Processing site BKAP for year 2005
Processing site BKMS for year 2005
Processing site BKR1 for year 2005
Processing site BLSA for year 2005
Processing site BMHL for year 2005
Processing site BMRY for year 2005
Processing site BRAN for year 2005
Processing site BRPK for year 2005
Processing site BSRY for year 2005
Processing site BTDM for year 2005
Processing site BULL for year 2005
Processing site BUST for year 2005
Processing site BVPP for year 2005
Processing site CA99 for year 2005
Processing site CACT for year 2005
Processing site CASA for year 2005
Processing site CAT1 for year 2005
Processing site CAT2 for year 2005
Processing site CCCC for year 2005
Processing site CCCO for year 2005
Processing site CCCS for year 2005
Processing site CCST for year 2005
Processing site CDMT for year 2005
Processing site CGDM for year 2005
Processing site CHIL for year 2005
Processing site CHLO for year 2005
Processing site CHMS for year 2005
Processing site CIC1 for year 2005
Processing site CIRX for year 2005
Processing site CIT1 for year 2005
Processing site CJMS for year 2005
Processing site CLAR for year 2005
Processing site CMP9 for year 2005
Processing site CNPP for year 2005
Processing site COPR for year 2005
Processing site CORX for year 2005
Processing site COSO for year 2005
Processing site COTD for year 2005
Processing site CRAT for year 2005
Processing site CRFP for year 2005
Processing site CRHS for year 2005
Processing site CRRS for year 2005
Processing site CRU1 for year 2005
Processing site CSCI for year 2005
Processing site CSDH for year 2005
Processing site CSN1 for year 2005
Processing site CSST for year 2005
Processing site CTDM for year 2005
Processing site CTMS for year 2005
Processing site CUHS for year 2005
Processing site CVHS for year 2005
Processing site DAM3 for year 2005
Processing site DDMN for year 2005
Processing site DHLG for year 2005
Processing site DSHS for year 2005
Processing site DSSC for year 2005
Processing site DVLE for year 2005
Processing site DVLS for year 2005
Processing site DVNE for year 2005
Processing site DVPB for year 2005
Processing site DVSW for year 2005
Processing site DYER for year 2005
Processing site DYHS for year 2005
Processing site ECCO for year 2005
Processing site ECFS for year 2005
Processing site EDPP for year 2005
Processing site ELSC for year 2005
Processing site EWPP for year 2005
Processing site FMTP for year 2005
Processing site FMVT for year 2005
Processing site FVPK for year 2005
Processing site FXHS for year 2005
Processing site FZHS for year 2005
Processing site GDEC for year 2005
Processing site GHRP for year 2005
Processing site GLRS for year 2005
Processing site GMRC for year 2005
Processing site GOL2 for year 2005
Processing site GOLD for year 2005
Processing site GVRS for year 2005
Processing site HBCO for year 2005
Processing site HCMN for year 2005
Processing site HIVI for year 2005
Processing site HNPS for year 2005
Processing site HOL3 for year 2005
Processing site HOLC for year 2005
Processing site HOLP for year 2005
Processing site HOTK for year 2005
Processing site HVYS for year 2005
Processing site IID2 for year 2005
Processing site IMPS for year 2005
Processing site ISLK for year 2005
Processing site IVCO for year 2005
Processing site JNPR for year 2005
Processing site JOHN for year 2005
Processing site JPLM for year 2005
Processing site KBRC for year 2005
Processing site KNOL for year 2005
Processing site KRAC for year 2005
Processing site KYVW for year 2005
Processing site LAPC for year 2005
Processing site LASC for year 2005
Processing site LBC1 for year 2005
Processing site LBC2 for year 2005
Processing site LBCH for year 2005
Processing site LDES for year 2005
Processing site LDSW for year 2005
Processing site LEEP for year 2005
Processing site LFRS for year 2005
Processing site LINC for year 2005
Processing site LINJ for year 2005
Processing site LITT for year 2005
Processing site LJRN for year 2005
Processing site LL01 for year 2005
Processing site LLAS for year 2005
Processing site LNCO for year 2005
Processing site LNMT for year 2005
Processing site LONG for year 2005
Processing site LORS for year 2005
Processing site LPHS for year 2005
Processing site LVMS for year 2005
Processing site LVWD for year 2005
Processing site MAT2 for year 2005
Processing site MERC for year 2005
Processing site MHMS for year 2005
Processing site MINS for year 2005
Processing site MJPK for year 2005
Processing site MLFP for year 2005
Processing site MONP for year 2005
Processing site MPWD for year 2005
Processing site MRDM for year 2005
Processing site MSOB for year 2005
Processing site MTA1 for year 2005
Processing site MUSB for year 2005
Processing site MVFD for year 2005
Processing site MWTP for year 2005
Processing site NBPS for year 2005
Processing site NHRG for year 2005
Processing site NOCO for year 2005
Processing site NOPK for year 2005
Processing site NSSS for year 2005
Processing site OAES for year 2005
Processing site OEOC for year 2005
Processing site OGHS for year 2005
Processing site OPBL for year 2005
Processing site OPCL for year 2005
Processing site OPCP for year 2005
Processing site OPCX for year 2005
Processing site OPRD for year 2005
Processing site ORMT for year 2005
Processing site OVLS for year 2005
Processing site OXYC for year 2005
Processing site OZST for year 2005
Processing site P066 for year 2005
Processing site P470 for year 2005
Processing site P472 for year 2005
Processing site P473 for year 2005
Processing site P474 for year 2005
Processing site P478 for year 2005
Processing site P480 for year 2005
Processing site P482 for year 2005
Processing site P483 for year 2005
Processing site P562 for year 2005
Processing site P577 for year 2005
Processing site P584 for year 2005
Processing site PBPP for year 2005
Processing site PERL for year 2005
Processing site PHLB for year 2005
Processing site PIN1 for year 2005
Processing site PIN2 for year 2005
Processing site PKRD for year 2005
Processing site PLO3 for year 2005
Processing site PMHS for year 2005
Processing site PMOB for year 2005
Processing site PMTN for year 2005
Processing site POIN for year 2005
Processing site PPBF for year 2005
Processing site PSAP for year 2005
Processing site PSDM for year 2005
Processing site PVE3 for year 2005
Processing site PVHS for year 2005
Processing site PVRS for year 2005
Processing site QHTP for year 2005
Processing site RAMT for year 2005
Processing site RCA2 for year 2005
Processing site RDMT for year 2005
Processing site RDOM for year 2005
Processing site RELA for year 2005
Processing site REPO for year 2005
Processing site RHCL for year 2005
Processing site ROCH for year 2005
Processing site ROCK for year 2005
Processing site ROGE for year 2005
Processing site RSTP for year 2005
Processing site RSVY for year 2005
Processing site RTHS for year 2005
Processing site RYAN for year 2005
Processing site SACY for year 2005
Processing site SAWC for year 2005
Processing site SBCC for year 2005
Processing site SCIA for year 2005
Processing site SCIP for year 2005
Processing site SCMS for year 2005
Processing site SDHL for year 2005
Processing site SFDM for year 2005
Processing site SGDM for year 2005
Processing site SGHS for year 2005
Processing site SGPS for year 2005
Processing site SHOS for year 2005
Processing site SIBE for year 2005
Processing site SILK for year 2005
Processing site SIO3 for year 2005
Processing site SIO5 for year 2005
Processing site SKUL for year 2005
Processing site SLMS for year 2005
Processing site SMYC for year 2005
Processing site SNHS for year 2005
Processing site SNI1 for year 2005
Processing site SOMT for year 2005
Processing site SPK1 for year 2005
Processing site SPMS for year 2005
Processing site STRI for year 2005
Processing site TABL for year 2005
Processing site TATE for year 2005
Processing site THCP for year 2005
Processing site TIVA for year 2005
Processing site TMAP for year 2005
Processing site TORP for year 2005
Processing site TOST for year 2005
Processing site TRAK for year 2005
Processing site TROY for year 2005
Processing site TWMS for year 2005
Processing site UCLP for year 2005
Processing site USC1 for year 2005
Processing site USGC for year 2005
Processing site VCST for year 2005
Processing site VDCY for year 2005
Processing site VIMT for year 2005
Processing site VNCO for year 2005
Processing site VNCX for year 2005
Processing site VNPS for year 2005
Processing site VTIS for year 2005
Processing site VYAS for year 2005
Processing site WATC for year 2005
Processing site WCHS for year 2005
Processing site WGPP for year 2005
Processing site WHC1 for year 2005
Processing site WHYT for year 2005
Processing site WIDC for year 2005
Processing site WKPK for year 2005
Processing site WLSN for year 2005
Processing site WMAP for year 2005
Processing site WNRA for year 2005
Processing site WOMT for year 2005
Processing site WRHS for year 2005
Processing site WWMT for year 2005
Processing site BKR2 for year 2005
Processing site DVLW for year 2005
Processing site TILC for year 2005
Processing site DVSE for year 2005
Processing site UCSB for year 2005
Processing site P589 for year 2005
Processing site DVNW for year 2005
Processing site ESE2 for year 2005
Processing site P594 for year 2005
Processing site P588 for year 2005
Processing site ESRW for year 2005
Processing site P486 for year 2005
Processing site P600 for year 2005
Processing site RAAP for year 2005
Processing site DAM2 for year 2005
Processing site P476 for year 2005
Processing site P560 for year 2005
Processing site P494 for year 2005
Processing site P501 for year 2005
Processing site P506 for year 2005
Processing site P498 for year 2005
Processing site P500 for year 2005
Processing site P504 for year 2005
Processing site DSME for year 2005
Processing site P477 for year 2005
Processing site P586 for year 2005
Processing site P561 for year 2005
Processing site P484 for year 2005
Processing site P612 for year 2005
Processing site P479 for year 2005
Processing site P591 for year 2005
Processing site P511 for year 2005
Processing site P491 for year 2005
Processing site P567 for year 2005
Processing site P571 for year 2005
Processing site SHRC for year 2005
Processing site P557 for year 2005
Processing site LEMA for year 2005
Processing site P553 for year 2005
Processing site RUMP for year 2005
Processing site ASHM for year 2005
Processing site P621 for year 2005
Processing site CRAM for year 2005
Processing site VONS for year 2005
Processing site BATM for year 2005
Processing site P507 for year 2005
Processing site P495 for year 2005
Processing site P508 for year 2005
Processing site P606 for year 2005
Processing site I40A for year 2005
Processing site P622 for year 2005
Processing site P595 for year 2005
Processing site CPBN for year 2005
Processing site P626 for year 2005
Processing site P583 for year 2005
Processing site P556 for year 2005
Processing site P559 for year 2005
Processing site P502 for year 2005
Processing site P496 for year 2005
Processing site P566 for year 2005
Processing site P056 for year 2005
Processing site P565 for year 2005
Processing site P544 for year 2005
Processing site P547 for year 2005
Processing site P581 for year 2005
Processing site P563 for year 2005
Processing site P618 for year 2005
Error processing year 2005: 'DataFrame.iloc' only supports selecting columns. It must be used like 'df.iloc[:, column_indexer]'.
No data processed for year 2005
Processing year 2006
Processing site 7ODM for year 2006
Processing site AGMT for year 2006
Processing site ALAM for year 2006
Processing site ALPP for year 2006
Processing site ANA1 for year 2006
Processing site AOA1 for year 2006
Processing site ARGU for year 2006
Processing site ARM1 for year 2006
Processing site ARM2 for year 2006
Processing site ASHM for year 2006
Processing site AVRY for year 2006
Processing site AZRY for year 2006
Processing site AZU1 for year 2006
Processing site BALD for year 2006
Processing site BAR1 for year 2006
Processing site BATM for year 2006
Processing site BBRY for year 2006
Processing site BCWR for year 2006
Processing site BEAT for year 2006
Processing site BEPK for year 2006
Processing site BGIS for year 2006
Processing site BILL for year 2006
Processing site BKAP for year 2006
Processing site BKMS for year 2006
Processing site BKR1 for year 2006
Processing site BKR2 for year 2006
Processing site BLSA for year 2006
Processing site BMHL for year 2006
Processing site BMRY for year 2006
Processing site BRAN for year 2006
Processing site BRPK for year 2006
Processing site BSRY for year 2006
Processing site BTDM for year 2006
Processing site BUST for year 2006
Processing site BVPP for year 2006
Processing site CA99 for year 2006
Processing site CACT for year 2006
Processing site CAT1 for year 2006
Processing site CAT2 for year 2006
Processing site CCCC for year 2006
Processing site CCCO for year 2006
Processing site CCCS for year 2006
Processing site CCST for year 2006
Processing site CDMT for year 2006
Processing site CGDM for year 2006
Processing site CHIL for year 2006
Processing site CHLO for year 2006
Processing site CHMS for year 2006
Processing site CIRX for year 2006
Processing site CIT1 for year 2006
Processing site CJMS for year 2006
Processing site CMP9 for year 2006
Processing site CNPP for year 2006
Processing site COPR for year 2006
Processing site COSO for year 2006
Processing site COTD for year 2006
Processing site CPBN for year 2006
Processing site CRAM for year 2006
Processing site CRAT for year 2006
Processing site CRFP for year 2006
Processing site CRHS for year 2006
Processing site CRRS for year 2006
Processing site CRU1 for year 2006
Processing site CSCI for year 2006
Processing site CSDH for year 2006
Processing site CSN1 for year 2006
Processing site CSST for year 2006
Processing site CTDM for year 2006
Processing site CTMS for year 2006
Processing site CUHS for year 2006
Processing site CVHS for year 2006
Processing site DAM2 for year 2006
Processing site DAM3 for year 2006
Processing site DDMN for year 2006
Processing site DHLG for year 2006
Processing site DSME for year 2006
Processing site DSSC for year 2006
Processing site DVLE for year 2006
Processing site DVLW for year 2006
Processing site DVPB for year 2006
Processing site DYER for year 2006
Processing site DYHS for year 2006
Processing site ECCO for year 2006
Processing site ECFS for year 2006
Processing site EDPP for year 2006
Processing site ELSC for year 2006
Processing site ESRW for year 2006
Processing site FMTP for year 2006
Processing site FMVT for year 2006
Processing site FVPK for year 2006
Processing site FXHS for year 2006
Processing site FZHS for year 2006
Processing site GDEC for year 2006
Processing site GLRS for year 2006
Processing site GMRC for year 2006
Processing site GOLD for year 2006
Processing site GVRS for year 2006
Processing site HBCO for year 2006
Processing site HCMN for year 2006
Processing site HIVI for year 2006
Processing site HNPS for year 2006
Processing site HOL3 for year 2006
Processing site HOLP for year 2006
Processing site HOTK for year 2006
Processing site HVYS for year 2006
Processing site I40A for year 2006
Processing site IID2 for year 2006
Processing site IMPS for year 2006
Processing site ISLK for year 2006
Processing site IVCO for year 2006
Processing site JOHN for year 2006
Processing site JPLM for year 2006
Processing site KBRC for year 2006
Processing site KNOL for year 2006
Processing site KRAC for year 2006
Processing site KYVW for year 2006
Processing site LAPC for year 2006
Processing site LASC for year 2006
Processing site LBC1 for year 2006
Processing site LBC2 for year 2006
Processing site LBCH for year 2006
Processing site LDES for year 2006
Processing site LDSW for year 2006
Processing site LEEP for year 2006
Processing site LEMA for year 2006
Processing site LFRS for year 2006
Processing site LINC for year 2006
Processing site LINJ for year 2006
Processing site LITT for year 2006
Processing site LJRN for year 2006
Processing site LL01 for year 2006
Processing site LLAS for year 2006
Processing site LNCO for year 2006
Processing site LONG for year 2006
Processing site LORS for year 2006
Processing site LPHS for year 2006
Processing site LVMS for year 2006
Processing site LVWD for year 2006
Processing site MAT2 for year 2006
Processing site MERC for year 2006
Processing site MHMS for year 2006
Processing site MINS for year 2006
Processing site MJPK for year 2006
Processing site MLFP for year 2006
Processing site MONP for year 2006
Processing site MPWD for year 2006
Processing site MRDM for year 2006
Processing site MSOB for year 2006
Processing site MTA1 for year 2006
Processing site MUSB for year 2006
Processing site MVFD for year 2006
Processing site MWTP for year 2006
Processing site NBPS for year 2006
Processing site NHRG for year 2006
Processing site NOCO for year 2006
Processing site NOPK for year 2006
Processing site NSSS for year 2006
Processing site OAES for year 2006
Processing site OEOC for year 2006
Processing site OGHS for year 2006
Processing site OPBL for year 2006
Processing site OPCL for year 2006
Processing site OPCP for year 2006
Processing site OPRD for year 2006
Processing site ORMT for year 2006
Processing site OVLS for year 2006
Processing site OXYC for year 2006
Processing site OZST for year 2006
Processing site P066 for year 2006
Processing site P470 for year 2006
Processing site P472 for year 2006
Processing site P473 for year 2006
Processing site P474 for year 2006
Processing site P476 for year 2006
Processing site P477 for year 2006
Processing site P478 for year 2006
Processing site P479 for year 2006
Processing site P480 for year 2006
Processing site P482 for year 2006
Processing site P483 for year 2006
Processing site P484 for year 2006
Processing site P486 for year 2006
Processing site P491 for year 2006
Processing site P494 for year 2006
Processing site P495 for year 2006
Processing site P496 for year 2006
Processing site P498 for year 2006
Processing site P500 for year 2006
Processing site P501 for year 2006
Processing site P502 for year 2006
Starting data processing at 2025-01-07 23:08:33.749737
Processing year 2004
Processing site AGMT for year 2004
Processing site ALAM for year 2004
Processing site ALPP for year 2004
Processing site AOA1 for year 2004
Processing site ARGU for year 2004
Processing site ARM1 for year 2004
Processing site ARM2 for year 2004
Processing site AVRY for year 2004
Processing site AZRY for year 2004
Processing site BALD for year 2004
Processing site BBDM for year 2004
Processing site BBRY for year 2004
Processing site BCWR for year 2004
Processing site BEAT for year 2004
Processing site BEMT for year 2004
Processing site BEPK for year 2004
Processing site BGIS for year 2004
Processing site BILL for year 2004
Processing site BKAP for year 2004
Processing site BKMS for year 2004
Processing site BLSA for year 2004
Processing site BMHL for year 2004
Processing site BMRY for year 2004
Processing site BRAN for year 2004
Processing site BRPK for year 2004
Processing site BSRY for year 2004
Processing site BULL for year 2004
Processing site BUST for year 2004
Processing site BVPP for year 2004
Processing site CA99 for year 2004
Processing site CACT for year 2004
Processing site CASA for year 2004
Processing site CAT1 for year 2004
Processing site CAT2 for year 2004
Processing site CBHS for year 2004
Processing site CCCC for year 2004
Processing site CCCO for year 2004
Processing site CCCS for year 2004
Processing site CDMT for year 2004
Processing site CGDM for year 2004
Processing site CHIL for year 2004
Processing site CHLO for year 2004
Processing site CHMS for year 2004
Processing site CIC1 for year 2004
Processing site CIRX for year 2004
Processing site CIT1 for year 2004
Processing site CJMS for year 2004
Processing site CLAR for year 2004
Processing site CMP9 for year 2004
Processing site CNPP for year 2004
Processing site COPR for year 2004
Processing site CORX for year 2004
Processing site COSO for year 2004
Processing site COTD for year 2004
Processing site CRAT for year 2004
Processing site CRFP for year 2004
Processing site CRHS for year 2004
Processing site CRRS for year 2004
Processing site CRU1 for year 2004
Processing site CSCI for year 2004
Processing site CSDH for year 2004
Processing site CSN1 for year 2004
Processing site CSST for year 2004
Processing site CTDM for year 2004
Processing site CTMS for year 2004
Processing site CUHS for year 2004
Processing site CVHS for year 2004
Processing site DAM2 for year 2004
Processing site DAM3 for year 2004
Processing site DHLG for year 2004
Processing site DSHS for year 2004
Processing site DVLE for year 2004
Processing site DVLS for year 2004
Processing site DVLW for year 2004
Processing site DVNE for year 2004
Processing site DVPB for year 2004
Processing site DVSE for year 2004
Processing site DVSW for year 2004
Processing site DYER for year 2004
Processing site DYHS for year 2004
Processing site ECCO for year 2004
Processing site ECFS for year 2004
Processing site EDPP for year 2004
Processing site ELSC for year 2004
Processing site ESE2 for year 2004
Processing site EWPP for year 2004
Processing site FMTP for year 2004
Processing site FMVT for year 2004
Processing site FVPK for year 2004
Processing site FXHS for year 2004
Processing site FZHS for year 2004
Processing site GDEC for year 2004
Processing site GLRS for year 2004
Processing site GMRC for year 2004
Processing site GOL2 for year 2004
Processing site GOLD for year 2004
Processing site GVRS for year 2004
Processing site HBCO for year 2004
Processing site HCMN for year 2004
Processing site HIVI for year 2004
Processing site HNPS for year 2004
Processing site HOL3 for year 2004
Processing site HOLC for year 2004
Processing site HOLP for year 2004
Processing site HOTK for year 2004
Processing site HVYS for year 2004
Processing site IID2 for year 2004
Processing site ISLK for year 2004
Processing site JNPR for year 2004
Processing site JOHN for year 2004
Processing site JPLM for year 2004
Processing site KBRC for year 2004
Processing site KRAC for year 2004
Processing site KYVW for year 2004
Processing site LAPC for year 2004
Processing site LASC for year 2004
Processing site LBC1 for year 2004
Processing site LBC2 for year 2004
Processing site LBCH for year 2004
Processing site LDES for year 2004
Processing site LDSW for year 2004
Processing site LEEP for year 2004
Processing site LFRS for year 2004
Processing site LINJ for year 2004
Processing site LITT for year 2004
Processing site LL01 for year 2004
Processing site LLAS for year 2004
Processing site LNMT for year 2004
Processing site LONG for year 2004
Processing site LORS for year 2004
Processing site LPHS for year 2004
Processing site LVMS for year 2004
Processing site LVWD for year 2004
Processing site MAT2 for year 2004
Processing site MERC for year 2004
Processing site MHMS for year 2004
Processing site MINS for year 2004
Processing site MJPK for year 2004
Processing site MLFP for year 2004
Processing site MONP for year 2004
Processing site MPWD for year 2004
Processing site MSOB for year 2004
Processing site MUSB for year 2004
Processing site MVFD for year 2004
Processing site MWTP for year 2004
Processing site NBPS for year 2004
Processing site NHRG for year 2004
Processing site NOCO for year 2004
Processing site NOPK for year 2004
Processing site NSSS for year 2004
Processing site OEOC for year 2004
Processing site OGHS for year 2004
Processing site OPBL for year 2004
Processing site OPCL for year 2004
Processing site OPCP for year 2004
Processing site OPCX for year 2004
Processing site OPRD for year 2004
Processing site ORMT for year 2004
Processing site OVLS for year 2004
Processing site OXYC for year 2004
Processing site PBPP for year 2004
Processing site PERL for year 2004
Processing site PHLB for year 2004
Processing site PIN1 for year 2004
Processing site PIN2 for year 2004
Processing site PKRD for year 2004
Processing site PLO3 for year 2004
Processing site PMHS for year 2004
Processing site PMOB for year 2004
Processing site POIN for year 2004
Processing site PPBF for year 2004
Processing site PSAP for year 2004
Processing site PSDM for year 2004
Processing site PVE3 for year 2004
Processing site PVHS for year 2004
Processing site PVRS for year 2004
Processing site QHTP for year 2004
Processing site RAMT for year 2004
Processing site RCA2 for year 2004
Processing site RDMT for year 2004
Processing site RDOM for year 2004
Processing site RELA for year 2004
Processing site REPO for year 2004
Processing site RHCL for year 2004
Processing site ROCH for year 2004
Processing site ROCK for year 2004
Processing site ROGE for year 2004
Processing site RSTP for year 2004
Processing site RTHS for year 2004
Processing site RYAN for year 2004
Processing site SACY for year 2004
Processing site SAWC for year 2004
Processing site SBCC for year 2004
Processing site SCIP for year 2004
Processing site SCMS for year 2004
Processing site SDHL for year 2004
Processing site SFDM for year 2004
Processing site SGHS for year 2004
Processing site SGPS for year 2004
Processing site SHOS for year 2004
Processing site SIBE for year 2004
Processing site SILK for year 2004
Processing site SIO3 for year 2004
Processing site SIO5 for year 2004
Processing site SKUL for year 2004
Processing site SLMS for year 2004
Processing site SMYC for year 2004
Processing site SNHS for year 2004
Processing site SNI1 for year 2004
Processing site SOMT for year 2004
Processing site SPK1 for year 2004
Processing site SPMS for year 2004
Processing site STRI for year 2004
Processing site TABL for year 2004
Processing site TATE for year 2004
Processing site THCP for year 2004
Processing site TILC for year 2004
Processing site TIVA for year 2004
Processing site TMAP for year 2004
Processing site TORP for year 2004
Processing site TOST for year 2004
Processing site TRAK for year 2004
Processing site TROY for year 2004
Processing site TWMS for year 2004
Processing site UCLP for year 2004
Processing site UCSB for year 2004
Processing site USC1 for year 2004
Processing site USGC for year 2004
Processing site VDCY for year 2004
Processing site VIMT for year 2004
Processing site VNCO for year 2004
Processing site VNCX for year 2004
Processing site VNPS for year 2004
Processing site VTIS for year 2004
Processing site VYAS for year 2004
Processing site WATC for year 2004
Processing site WCHS for year 2004
Processing site WGPP for year 2004
Processing site WHC1 for year 2004
Processing site WHYT for year 2004
Processing site WIDC for year 2004
Processing site WLSN for year 2004
Processing site WMAP for year 2004
Processing site WNRA for year 2004
Processing site WOMT for year 2004
Processing site WRHS for year 2004
Processing site WWMT for year 2004
Processing site LJRN for year 2004
Processing site PMTN for year 2004
Processing site SCIA for year 2004
Processing site DDMN for year 2004
Processing site ESRW for year 2004
Processing site IVCO for year 2004
Processing site OAES for year 2004
Processing site DVNW for year 2004
Processing site IMPS for year 2004
Processing site KNOL for year 2004
Processing site LINC for year 2004
Processing site WKPK for year 2004
Processing site DSSC for year 2004
Processing site BKR1 for year 2004
Processing site BKR2 for year 2004
Processing site MRDM for year 2004
Processing site SGDM for year 2004
Processing site MTA1 for year 2004
Processing site BTDM for year 2004
Processing site BAR1 for year 2004
Processing site ANA1 for year 2004
Processing site GHRP for year 2004
Processing site P584 for year 2004
Processing site P482 for year 2004
Processing site OZST for year 2004
Processing site RSVY for year 2004
Processing site VCST for year 2004
Processing site 7ODM for year 2004
Processing site LNCO for year 2004
Processing site CCST for year 2004
Processing site AZU1 for year 2004
Processing site P483 for year 2004
Processing site P474 for year 2004
Processing site P478 for year 2004
Processing site P066 for year 2004
Processing site P480 for year 2004
Processing site P562 for year 2004
Processing site P472 for year 2004
Processing site P470 for year 2004
Processing site P577 for year 2004
Processing site P473 for year 2004
Starting data processing at 2025-01-07 23:20:34.390758
Processing year 2004
Processing site AGMT for year 2004
Processing site ALAM for year 2004
Processing site ALPP for year 2004
Processing site AOA1 for year 2004
Processing site ARGU for year 2004
Processing site ARM1 for year 2004
Processing site ARM2 for year 2004
Processing site AVRY for year 2004
Processing site AZRY for year 2004
Processing site BALD for year 2004
Processing site BBDM for year 2004
Processing site BBRY for year 2004
Processing site BCWR for year 2004
Processing site BEAT for year 2004
Processing site BEMT for year 2004
Processing site BEPK for year 2004
Processing site BGIS for year 2004
Processing site BILL for year 2004
Processing site BKAP for year 2004
Processing site BKMS for year 2004
Processing site BLSA for year 2004
Processing site BMHL for year 2004
Processing site BMRY for year 2004
Processing site BRAN for year 2004
Processing site BRPK for year 2004
Processing site BSRY for year 2004
Processing site BULL for year 2004
Processing site BUST for year 2004
Processing site BVPP for year 2004
Processing site CA99 for year 2004
Processing site CACT for year 2004
Processing site CASA for year 2004
Processing site CAT1 for year 2004
Processing site CAT2 for year 2004
Processing site CBHS for year 2004
Processing site CCCC for year 2004
Processing site CCCO for year 2004
Processing site CCCS for year 2004
Processing site CDMT for year 2004
Processing site CGDM for year 2004
Processing site CHIL for year 2004
Processing site CHLO for year 2004
Processing site CHMS for year 2004
Processing site CIC1 for year 2004
Processing site CIRX for year 2004
Processing site CIT1 for year 2004
Processing site CJMS for year 2004
Processing site CLAR for year 2004
Processing site CMP9 for year 2004
Processing site CNPP for year 2004
Processing site COPR for year 2004
Processing site CORX for year 2004
Processing site COSO for year 2004
Processing site COTD for year 2004
Processing site CRAT for year 2004
Processing site CRFP for year 2004
Processing site CRHS for year 2004
Processing site CRRS for year 2004
Processing site CRU1 for year 2004
Processing site CSCI for year 2004
Processing site CSDH for year 2004
Processing site CSN1 for year 2004
Processing site CSST for year 2004
Processing site CTDM for year 2004
Processing site CTMS for year 2004
Processing site CUHS for year 2004
Processing site CVHS for year 2004
Processing site DAM2 for year 2004
Processing site DAM3 for year 2004
Processing site DHLG for year 2004
Processing site DSHS for year 2004
Processing site DVLE for year 2004
Processing site DVLS for year 2004
Processing site DVLW for year 2004
Processing site DVNE for year 2004
Processing site DVPB for year 2004
Processing site DVSE for year 2004
Processing site DVSW for year 2004
Processing site DYER for year 2004
Processing site DYHS for year 2004
Processing site ECCO for year 2004
Processing site ECFS for year 2004
Processing site EDPP for year 2004
Processing site ELSC for year 2004
Processing site ESE2 for year 2004
Processing site EWPP for year 2004
Processing site FMTP for year 2004
Processing site FMVT for year 2004
Processing site FVPK for year 2004
Processing site FXHS for year 2004
Processing site FZHS for year 2004
Processing site GDEC for year 2004
Processing site GLRS for year 2004
Processing site GMRC for year 2004
Processing site GOL2 for year 2004
Processing site GOLD for year 2004
Processing site GVRS for year 2004
Processing site HBCO for year 2004
Processing site HCMN for year 2004
Processing site HIVI for year 2004
Processing site HNPS for year 2004
Processing site HOL3 for year 2004
Processing site HOLC for year 2004
Processing site HOLP for year 2004
Processing site HOTK for year 2004
Processing site HVYS for year 2004
Processing site IID2 for year 2004
Processing site ISLK for year 2004
Processing site JNPR for year 2004
Processing site JOHN for year 2004
Processing site JPLM for year 2004
Processing site KBRC for year 2004
Processing site KRAC for year 2004
Processing site KYVW for year 2004
Processing site LAPC for year 2004
Processing site LASC for year 2004
Processing site LBC1 for year 2004
Processing site LBC2 for year 2004
Processing site LBCH for year 2004
Processing site LDES for year 2004
Processing site LDSW for year 2004
Processing site LEEP for year 2004
Processing site LFRS for year 2004
Processing site LINJ for year 2004
Processing site LITT for year 2004
Processing site LL01 for year 2004
Processing site LLAS for year 2004
Processing site LNMT for year 2004
Processing site LONG for year 2004
Processing site LORS for year 2004
Processing site LPHS for year 2004
Processing site LVMS for year 2004
Processing site LVWD for year 2004
Processing site MAT2 for year 2004
Processing site MERC for year 2004
Processing site MHMS for year 2004
Processing site MINS for year 2004
Processing site MJPK for year 2004
Processing site MLFP for year 2004
Processing site MONP for year 2004
Processing site MPWD for year 2004
Processing site MSOB for year 2004
Processing site MUSB for year 2004
Processing site MVFD for year 2004
Processing site MWTP for year 2004
Processing site NBPS for year 2004
Processing site NHRG for year 2004
Processing site NOCO for year 2004
Processing site NOPK for year 2004
Processing site NSSS for year 2004
Processing site OEOC for year 2004
Processing site OGHS for year 2004
Processing site OPBL for year 2004
Processing site OPCL for year 2004
Processing site OPCP for year 2004
Processing site OPCX for year 2004
Processing site OPRD for year 2004
Processing site ORMT for year 2004
Processing site OVLS for year 2004
Processing site OXYC for year 2004
Processing site PBPP for year 2004
Processing site PERL for year 2004
Processing site PHLB for year 2004
Processing site PIN1 for year 2004
Processing site PIN2 for year 2004
Processing site PKRD for year 2004
Processing site PLO3 for year 2004
Processing site PMHS for year 2004
Processing site PMOB for year 2004
Processing site POIN for year 2004
Processing site PPBF for year 2004
Processing site PSAP for year 2004
Processing site PSDM for year 2004
Processing site PVE3 for year 2004
Processing site PVHS for year 2004
Processing site PVRS for year 2004
Processing site QHTP for year 2004
Processing site RAMT for year 2004
Processing site RCA2 for year 2004
Processing site RDMT for year 2004
Processing site RDOM for year 2004
Processing site RELA for year 2004
Processing site REPO for year 2004
Processing site RHCL for year 2004
Processing site ROCH for year 2004
Processing site ROCK for year 2004
Processing site ROGE for year 2004
Processing site RSTP for year 2004
Processing site RTHS for year 2004
Processing site RYAN for year 2004
Processing site SACY for year 2004
Processing site SAWC for year 2004
Processing site SBCC for year 2004
Processing site SCIP for year 2004
Processing site SCMS for year 2004
Processing site SDHL for year 2004
Processing site SFDM for year 2004
Processing site SGHS for year 2004
Processing site SGPS for year 2004
Processing site SHOS for year 2004
Processing site SIBE for year 2004
Processing site SILK for year 2004
Processing site SIO3 for year 2004
Processing site SIO5 for year 2004
Processing site SKUL for year 2004
Processing site SLMS for year 2004
Processing site SMYC for year 2004
Processing site SNHS for year 2004
Processing site SNI1 for year 2004
Processing site SOMT for year 2004
Processing site SPK1 for year 2004
Processing site SPMS for year 2004
Processing site STRI for year 2004
Processing site TABL for year 2004
Processing site TATE for year 2004
Processing site THCP for year 2004
Processing site TILC for year 2004
Processing site TIVA for year 2004
Processing site TMAP for year 2004
Processing site TORP for year 2004
Processing site TOST for year 2004
Processing site TRAK for year 2004
Processing site TROY for year 2004
Processing site TWMS for year 2004
Processing site UCLP for year 2004
Processing site UCSB for year 2004
Processing site USC1 for year 2004
Processing site USGC for year 2004
Processing site VDCY for year 2004
Processing site VIMT for year 2004
Processing site VNCO for year 2004
Processing site VNCX for year 2004
Processing site VNPS for year 2004
Processing site VTIS for year 2004
Processing site VYAS for year 2004
Processing site WATC for year 2004
Processing site WCHS for year 2004
Processing site WGPP for year 2004
Processing site WHC1 for year 2004
Processing site WHYT for year 2004
Processing site WIDC for year 2004
Processing site WLSN for year 2004
Processing site WMAP for year 2004
Processing site WNRA for year 2004
Processing site WOMT for year 2004
Processing site WRHS for year 2004
Processing site WWMT for year 2004
Processing site LJRN for year 2004
Processing site PMTN for year 2004
Processing site SCIA for year 2004
Processing site DDMN for year 2004
Processing site ESRW for year 2004
Processing site IVCO for year 2004
Processing site OAES for year 2004
Processing site DVNW for year 2004
Processing site IMPS for year 2004
Processing site KNOL for year 2004
Processing site LINC for year 2004
Processing site WKPK for year 2004
Processing site DSSC for year 2004
Processing site BKR1 for year 2004
Processing site BKR2 for year 2004
Processing site MRDM for year 2004
Processing site SGDM for year 2004
Processing site MTA1 for year 2004
Processing site BTDM for year 2004
Processing site BAR1 for year 2004
Processing site ANA1 for year 2004
Processing site GHRP for year 2004
Processing site P584 for year 2004
Processing site P482 for year 2004
Processing site OZST for year 2004
Processing site RSVY for year 2004
Processing site VCST for year 2004
Processing site 7ODM for year 2004
Processing site LNCO for year 2004
Processing site CCST for year 2004
Processing site AZU1 for year 2004
Processing site P483 for year 2004
Processing site P474 for year 2004
Processing site P478 for year 2004
Processing site P066 for year 2004
Processing site P480 for year 2004
Processing site P562 for year 2004
Processing site P472 for year 2004
Processing site P470 for year 2004
Processing site P577 for year 2004
Processing site P473 for year 2004
Error processing year 2004: Failed to convert partition to expected pyarrow schema:
    `ArrowTypeError('Expected a string or bytes dtype, got float64', 'Conversion failed for column Rutz_Label_approx with type float64')`

Expected partition schema:
    Timestamp: large_string
    Site: large_string
    Latitude: double
    Longitude: double
    ZWD: double
    Wet Gradient North: double
    Wet Gradient East: double
    IVT: double
    Rutz_Label_exact: double
    IVT_approx: double
    Rutz_Label_approx: string
    Guan_Label_exact: double
    Guan_Label_approx: string
    Precipitation_Label_exact: double
    Precipitation_Label_approx: double
    ffw: int64
    __null_dask_index__: int64

Received partition schema:
    Timestamp: large_string
    Site: large_string
    Latitude: double
    Longitude: double
    ZWD: double
    Wet Gradient North: double
    Wet Gradient East: double
    IVT: double
    Rutz_Label_exact: double
    IVT_approx: double
    Rutz_Label_approx: double
    Guan_Label_exact: double
    Guan_Label_approx: double
    Precipitation_Label_exact: double
    Precipitation_Label_approx: double
    ffw: int64
    __null_dask_index__: int64

This error *may* be resolved by passing in schema information for
the mismatched column(s) using the `schema` keyword in `to_parquet`.
No data processed for year 2004
Processing year 2005
Processing site 7ODM for year 2005
Processing site AGMT for year 2005
Processing site ALAM for year 2005
Processing site ALPP for year 2005
Processing site ANA1 for year 2005
Processing site AOA1 for year 2005
Processing site ARGU for year 2005
Processing site ARM1 for year 2005
Processing site ARM2 for year 2005
Processing site AVRY for year 2005
Processing site AZRY for year 2005
Processing site AZU1 for year 2005
Processing site BALD for year 2005
Processing site BAR1 for year 2005
Processing site BBDM for year 2005
Processing site BBRY for year 2005
Processing site BCWR for year 2005
Processing site BEAT for year 2005
Processing site BEMT for year 2005
Processing site BEPK for year 2005
Processing site BGIS for year 2005
Processing site BILL for year 2005
Processing site BKAP for year 2005
Processing site BKMS for year 2005
Processing site BKR1 for year 2005
Processing site BLSA for year 2005
Processing site BMHL for year 2005
Processing site BMRY for year 2005
Processing site BRAN for year 2005
Processing site BRPK for year 2005
Processing site BSRY for year 2005
Processing site BTDM for year 2005
Processing site BULL for year 2005
Processing site BUST for year 2005
Processing site BVPP for year 2005
Processing site CA99 for year 2005
Processing site CACT for year 2005
Processing site CASA for year 2005
Processing site CAT1 for year 2005
Processing site CAT2 for year 2005
Processing site CCCC for year 2005
Processing site CCCO for year 2005
Processing site CCCS for year 2005
Processing site CCST for year 2005
Processing site CDMT for year 2005
Processing site CGDM for year 2005
Processing site CHIL for year 2005
Processing site CHLO for year 2005
Processing site CHMS for year 2005
Processing site CIC1 for year 2005
Processing site CIRX for year 2005
Processing site CIT1 for year 2005
Processing site CJMS for year 2005
Processing site CLAR for year 2005
Processing site CMP9 for year 2005
Processing site CNPP for year 2005
Processing site COPR for year 2005
Processing site CORX for year 2005
Processing site COSO for year 2005
Processing site COTD for year 2005
Processing site CRAT for year 2005
Processing site CRFP for year 2005
Processing site CRHS for year 2005
Processing site CRRS for year 2005
Processing site CRU1 for year 2005
Processing site CSCI for year 2005
Processing site CSDH for year 2005
Processing site CSN1 for year 2005
Processing site CSST for year 2005
Processing site CTDM for year 2005
Processing site CTMS for year 2005
Processing site CUHS for year 2005
Processing site CVHS for year 2005
Processing site DAM3 for year 2005
Processing site DDMN for year 2005
Processing site DHLG for year 2005
Processing site DSHS for year 2005
Processing site DSSC for year 2005
Processing site DVLE for year 2005
Processing site DVLS for year 2005
Processing site DVNE for year 2005
Processing site DVPB for year 2005
Processing site DVSW for year 2005
Processing site DYER for year 2005
Processing site DYHS for year 2005
Processing site ECCO for year 2005
Processing site ECFS for year 2005
Processing site EDPP for year 2005
Processing site ELSC for year 2005
Processing site EWPP for year 2005
Processing site FMTP for year 2005
Processing site FMVT for year 2005
Processing site FVPK for year 2005
Processing site FXHS for year 2005
Processing site FZHS for year 2005
Processing site GDEC for year 2005
Processing site GHRP for year 2005
Processing site GLRS for year 2005
Processing site GMRC for year 2005
Processing site GOL2 for year 2005
Processing site GOLD for year 2005
Processing site GVRS for year 2005
Processing site HBCO for year 2005
Processing site HCMN for year 2005
Processing site HIVI for year 2005
Processing site HNPS for year 2005
Processing site HOL3 for year 2005
Processing site HOLC for year 2005
Processing site HOLP for year 2005
Processing site HOTK for year 2005
Processing site HVYS for year 2005
Processing site IID2 for year 2005
Processing site IMPS for year 2005
Processing site ISLK for year 2005
Processing site IVCO for year 2005
Processing site JNPR for year 2005
Processing site JOHN for year 2005
Processing site JPLM for year 2005
Processing site KBRC for year 2005
Processing site KNOL for year 2005
Processing site KRAC for year 2005
Processing site KYVW for year 2005
Processing site LAPC for year 2005
Processing site LASC for year 2005
Processing site LBC1 for year 2005
Processing site LBC2 for year 2005
Processing site LBCH for year 2005
Processing site LDES for year 2005
Processing site LDSW for year 2005
Processing site LEEP for year 2005
Processing site LFRS for year 2005
Processing site LINC for year 2005
Processing site LINJ for year 2005
Processing site LITT for year 2005
Processing site LJRN for year 2005
Processing site LL01 for year 2005
Processing site LLAS for year 2005
Processing site LNCO for year 2005
Processing site LNMT for year 2005
Processing site LONG for year 2005
Processing site LORS for year 2005
Processing site LPHS for year 2005
Processing site LVMS for year 2005
Processing site LVWD for year 2005
Processing site MAT2 for year 2005
Processing site MERC for year 2005
Processing site MHMS for year 2005
Processing site MINS for year 2005
Processing site MJPK for year 2005
Processing site MLFP for year 2005
Processing site MONP for year 2005
Processing site MPWD for year 2005
Processing site MRDM for year 2005
Processing site MSOB for year 2005
Processing site MTA1 for year 2005
Processing site MUSB for year 2005
Processing site MVFD for year 2005
Processing site MWTP for year 2005
Processing site NBPS for year 2005
Processing site NHRG for year 2005
Processing site NOCO for year 2005
Processing site NOPK for year 2005
Processing site NSSS for year 2005
Processing site OAES for year 2005
Processing site OEOC for year 2005
Processing site OGHS for year 2005
Processing site OPBL for year 2005
Processing site OPCL for year 2005
Processing site OPCP for year 2005
Processing site OPCX for year 2005
Processing site OPRD for year 2005
Processing site ORMT for year 2005
Processing site OVLS for year 2005
Processing site OXYC for year 2005
Processing site OZST for year 2005
Processing site P066 for year 2005
Processing site P470 for year 2005
Processing site P472 for year 2005
Processing site P473 for year 2005
Processing site P474 for year 2005
Processing site P478 for year 2005
Processing site P480 for year 2005
Processing site P482 for year 2005
Processing site P483 for year 2005
Processing site P562 for year 2005
Processing site P577 for year 2005
Processing site P584 for year 2005
Processing site PBPP for year 2005
Processing site PERL for year 2005
Processing site PHLB for year 2005
Processing site PIN1 for year 2005
Processing site PIN2 for year 2005
Processing site PKRD for year 2005
Processing site PLO3 for year 2005
Processing site PMHS for year 2005
Processing site PMOB for year 2005
Processing site PMTN for year 2005
Processing site POIN for year 2005
Processing site PPBF for year 2005
Processing site PSAP for year 2005
Processing site PSDM for year 2005
Processing site PVE3 for year 2005
Processing site PVHS for year 2005
Processing site PVRS for year 2005
Processing site QHTP for year 2005
Processing site RAMT for year 2005
Processing site RCA2 for year 2005
Processing site RDMT for year 2005
Processing site RDOM for year 2005
Processing site RELA for year 2005
Processing site REPO for year 2005
Processing site RHCL for year 2005
Processing site ROCH for year 2005
Processing site ROCK for year 2005
Processing site ROGE for year 2005
Processing site RSTP for year 2005
Processing site RSVY for year 2005
Processing site RTHS for year 2005
Processing site RYAN for year 2005
Processing site SACY for year 2005
Processing site SAWC for year 2005
Processing site SBCC for year 2005
Processing site SCIA for year 2005
Processing site SCIP for year 2005
Processing site SCMS for year 2005
Processing site SDHL for year 2005
Processing site SFDM for year 2005
Processing site SGDM for year 2005
Processing site SGHS for year 2005
Processing site SGPS for year 2005
Processing site SHOS for year 2005
Processing site SIBE for year 2005
Processing site SILK for year 2005
Processing site SIO3 for year 2005
Processing site SIO5 for year 2005
Processing site SKUL for year 2005
Processing site SLMS for year 2005
Processing site SMYC for year 2005
Processing site SNHS for year 2005
Processing site SNI1 for year 2005
Processing site SOMT for year 2005
Processing site SPK1 for year 2005
Processing site SPMS for year 2005
Processing site STRI for year 2005
Processing site TABL for year 2005
Processing site TATE for year 2005
Processing site THCP for year 2005
Processing site TIVA for year 2005
Processing site TMAP for year 2005
Processing site TORP for year 2005
Processing site TOST for year 2005
Processing site TRAK for year 2005
Processing site TROY for year 2005
Processing site TWMS for year 2005
Processing site UCLP for year 2005
Processing site USC1 for year 2005
Processing site USGC for year 2005
Processing site VCST for year 2005
Processing site VDCY for year 2005
Processing site VIMT for year 2005
Processing site VNCO for year 2005
Processing site VNCX for year 2005
Processing site VNPS for year 2005
Processing site VTIS for year 2005
Processing site VYAS for year 2005
Processing site WATC for year 2005
Processing site WCHS for year 2005
Processing site WGPP for year 2005
Processing site WHC1 for year 2005
Processing site WHYT for year 2005
Processing site WIDC for year 2005
Processing site WKPK for year 2005
Processing site WLSN for year 2005
Processing site WMAP for year 2005
Processing site WNRA for year 2005
Processing site WOMT for year 2005
Processing site WRHS for year 2005
Processing site WWMT for year 2005
Processing site BKR2 for year 2005
Processing site DVLW for year 2005
Processing site TILC for year 2005
Processing site DVSE for year 2005
Processing site UCSB for year 2005
Processing site P589 for year 2005
Processing site DVNW for year 2005
Processing site ESE2 for year 2005
Processing site P594 for year 2005
Processing site P588 for year 2005
Processing site ESRW for year 2005
Processing site P486 for year 2005
Processing site P600 for year 2005
Processing site RAAP for year 2005
Processing site DAM2 for year 2005
Processing site P476 for year 2005
Processing site P560 for year 2005
Processing site P494 for year 2005
Processing site P501 for year 2005
Processing site P506 for year 2005
Processing site P498 for year 2005
Processing site P500 for year 2005
Processing site P504 for year 2005
Processing site DSME for year 2005
Processing site P477 for year 2005
Processing site P586 for year 2005
Processing site P561 for year 2005
Processing site P484 for year 2005
Processing site P612 for year 2005
Processing site P479 for year 2005
Processing site P591 for year 2005
Processing site P511 for year 2005
Processing site P491 for year 2005
Processing site P567 for year 2005
Processing site P571 for year 2005
Processing site SHRC for year 2005
Processing site P557 for year 2005
Processing site LEMA for year 2005
Processing site P553 for year 2005
Processing site RUMP for year 2005
Processing site ASHM for year 2005
Processing site P621 for year 2005
Processing site CRAM for year 2005
Processing site VONS for year 2005
Processing site BATM for year 2005
Processing site P507 for year 2005
Processing site P495 for year 2005
Processing site P508 for year 2005
Processing site P606 for year 2005
Processing site I40A for year 2005
Processing site P622 for year 2005
Processing site P595 for year 2005
Processing site CPBN for year 2005
Processing site P626 for year 2005
Processing site P583 for year 2005
Processing site P556 for year 2005
Processing site P559 for year 2005
Processing site P502 for year 2005
Processing site P496 for year 2005
Processing site P566 for year 2005
Processing site P056 for year 2005
Processing site P565 for year 2005
Processing site P544 for year 2005
Processing site P547 for year 2005
Processing site P581 for year 2005
Processing site P563 for year 2005
Processing site P618 for year 2005
Starting data processing at 2025-01-07 23:36:53.565267
Processing year 2004
Processing site AGMT for year 2004
Processing site ALAM for year 2004
Processing site ALPP for year 2004
Processing site AOA1 for year 2004
Processing site ARGU for year 2004
Processing site ARM1 for year 2004
Processing site ARM2 for year 2004
Processing site AVRY for year 2004
Processing site AZRY for year 2004
Processing site BALD for year 2004
Processing site BBDM for year 2004
Processing site BBRY for year 2004
Processing site BCWR for year 2004
Processing site BEAT for year 2004
Processing site BEMT for year 2004
Processing site BEPK for year 2004
Processing site BGIS for year 2004
Processing site BILL for year 2004
Processing site BKAP for year 2004
Processing site BKMS for year 2004
Processing site BLSA for year 2004
Processing site BMHL for year 2004
Processing site BMRY for year 2004
Processing site BRAN for year 2004
Processing site BRPK for year 2004
Processing site BSRY for year 2004
Processing site BULL for year 2004
Processing site BUST for year 2004
Processing site BVPP for year 2004
Processing site CA99 for year 2004
Processing site CACT for year 2004
Processing site CASA for year 2004
Processing site CAT1 for year 2004
Processing site CAT2 for year 2004
Processing site CBHS for year 2004
Processing site CCCC for year 2004
Processing site CCCO for year 2004
Processing site CCCS for year 2004
Processing site CDMT for year 2004
Processing site CGDM for year 2004
Processing site CHIL for year 2004
Processing site CHLO for year 2004
Processing site CHMS for year 2004
Processing site CIC1 for year 2004
Processing site CIRX for year 2004
Processing site CIT1 for year 2004
Processing site CJMS for year 2004
Processing site CLAR for year 2004
Processing site CMP9 for year 2004
Processing site CNPP for year 2004
Processing site COPR for year 2004
Processing site CORX for year 2004
Processing site COSO for year 2004
Processing site COTD for year 2004
Processing site CRAT for year 2004
Processing site CRFP for year 2004
Processing site CRHS for year 2004
Processing site CRRS for year 2004
Processing site CRU1 for year 2004
Processing site CSCI for year 2004
Processing site CSDH for year 2004
Processing site CSN1 for year 2004
Processing site CSST for year 2004
Processing site CTDM for year 2004
Processing site CTMS for year 2004
Processing site CUHS for year 2004
Processing site CVHS for year 2004
Processing site DAM2 for year 2004
Processing site DAM3 for year 2004
Processing site DHLG for year 2004
Processing site DSHS for year 2004
Processing site DVLE for year 2004
Processing site DVLS for year 2004
Processing site DVLW for year 2004
Processing site DVNE for year 2004
Processing site DVPB for year 2004
Processing site DVSE for year 2004
Processing site DVSW for year 2004
Processing site DYER for year 2004
Processing site DYHS for year 2004
Processing site ECCO for year 2004
Processing site ECFS for year 2004
Processing site EDPP for year 2004
Processing site ELSC for year 2004
Processing site ESE2 for year 2004
Processing site EWPP for year 2004
Processing site FMTP for year 2004
Processing site FMVT for year 2004
Processing site FVPK for year 2004
Processing site FXHS for year 2004
Processing site FZHS for year 2004
Processing site GDEC for year 2004
Processing site GLRS for year 2004
Processing site GMRC for year 2004
Processing site GOL2 for year 2004
Processing site GOLD for year 2004
Processing site GVRS for year 2004
Processing site HBCO for year 2004
Processing site HCMN for year 2004
Processing site HIVI for year 2004
Processing site HNPS for year 2004
Processing site HOL3 for year 2004
Processing site HOLC for year 2004
Processing site HOLP for year 2004
Processing site HOTK for year 2004
Processing site HVYS for year 2004
Processing site IID2 for year 2004
Processing site ISLK for year 2004
Processing site JNPR for year 2004
Processing site JOHN for year 2004
Processing site JPLM for year 2004
Processing site KBRC for year 2004
Processing site KRAC for year 2004
Processing site KYVW for year 2004
Processing site LAPC for year 2004
Processing site LASC for year 2004
Processing site LBC1 for year 2004
Processing site LBC2 for year 2004
Processing site LBCH for year 2004
Processing site LDES for year 2004
Processing site LDSW for year 2004
Processing site LEEP for year 2004
Processing site LFRS for year 2004
Processing site LINJ for year 2004
Processing site LITT for year 2004
Processing site LL01 for year 2004
Processing site LLAS for year 2004
Processing site LNMT for year 2004
Processing site LONG for year 2004
Processing site LORS for year 2004
Processing site LPHS for year 2004
Processing site LVMS for year 2004
Processing site LVWD for year 2004
Processing site MAT2 for year 2004
Processing site MERC for year 2004
Processing site MHMS for year 2004
Processing site MINS for year 2004
Processing site MJPK for year 2004
Processing site MLFP for year 2004
Processing site MONP for year 2004
Processing site MPWD for year 2004
Processing site MSOB for year 2004
Processing site MUSB for year 2004
Processing site MVFD for year 2004
Processing site MWTP for year 2004
Processing site NBPS for year 2004
Processing site NHRG for year 2004
Processing site NOCO for year 2004
Processing site NOPK for year 2004
Processing site NSSS for year 2004
Processing site OEOC for year 2004
Processing site OGHS for year 2004
Processing site OPBL for year 2004
Processing site OPCL for year 2004
Processing site OPCP for year 2004
Processing site OPCX for year 2004
Processing site OPRD for year 2004
Processing site ORMT for year 2004
Processing site OVLS for year 2004
Processing site OXYC for year 2004
Processing site PBPP for year 2004
Processing site PERL for year 2004
Processing site PHLB for year 2004
Processing site PIN1 for year 2004
Processing site PIN2 for year 2004
Processing site PKRD for year 2004
Processing site PLO3 for year 2004
Processing site PMHS for year 2004
Processing site PMOB for year 2004
Processing site POIN for year 2004
Processing site PPBF for year 2004
Processing site PSAP for year 2004
Processing site PSDM for year 2004
Processing site PVE3 for year 2004
Processing site PVHS for year 2004
Processing site PVRS for year 2004
Processing site QHTP for year 2004
Processing site RAMT for year 2004
Processing site RCA2 for year 2004
Processing site RDMT for year 2004
Processing site RDOM for year 2004
Processing site RELA for year 2004
Processing site REPO for year 2004
Processing site RHCL for year 2004
Processing site ROCH for year 2004
Processing site ROCK for year 2004
Processing site ROGE for year 2004
Processing site RSTP for year 2004
Processing site RTHS for year 2004
Processing site RYAN for year 2004
Processing site SACY for year 2004
Processing site SAWC for year 2004
Processing site SBCC for year 2004
Processing site SCIP for year 2004
Processing site SCMS for year 2004
Processing site SDHL for year 2004
Processing site SFDM for year 2004
Processing site SGHS for year 2004
Processing site SGPS for year 2004
Processing site SHOS for year 2004
Processing site SIBE for year 2004
Processing site SILK for year 2004
Processing site SIO3 for year 2004
Processing site SIO5 for year 2004
Processing site SKUL for year 2004
Processing site SLMS for year 2004
Processing site SMYC for year 2004
Processing site SNHS for year 2004
Processing site SNI1 for year 2004
Processing site SOMT for year 2004
Processing site SPK1 for year 2004
Processing site SPMS for year 2004
Processing site STRI for year 2004
Processing site TABL for year 2004
Processing site TATE for year 2004
Processing site THCP for year 2004
Processing site TILC for year 2004
Processing site TIVA for year 2004
Processing site TMAP for year 2004
Processing site TORP for year 2004
Processing site TOST for year 2004
Processing site TRAK for year 2004
Processing site TROY for year 2004
Processing site TWMS for year 2004
Processing site UCLP for year 2004
Processing site UCSB for year 2004
Processing site USC1 for year 2004
Processing site USGC for year 2004
Processing site VDCY for year 2004
Processing site VIMT for year 2004
Processing site VNCO for year 2004
Processing site VNCX for year 2004
Processing site VNPS for year 2004
Processing site VTIS for year 2004
Processing site VYAS for year 2004
Processing site WATC for year 2004
Processing site WCHS for year 2004
Processing site WGPP for year 2004
Processing site WHC1 for year 2004
Processing site WHYT for year 2004
Processing site WIDC for year 2004
Processing site WLSN for year 2004
Processing site WMAP for year 2004
Processing site WNRA for year 2004
Processing site WOMT for year 2004
Processing site WRHS for year 2004
Processing site WWMT for year 2004
Processing site LJRN for year 2004
Processing site PMTN for year 2004
Processing site SCIA for year 2004
Processing site DDMN for year 2004
Processing site ESRW for year 2004
Processing site IVCO for year 2004
Processing site OAES for year 2004
Processing site DVNW for year 2004
Processing site IMPS for year 2004
Processing site KNOL for year 2004
Processing site LINC for year 2004
Processing site WKPK for year 2004
Processing site DSSC for year 2004
Processing site BKR1 for year 2004
Processing site BKR2 for year 2004
Processing site MRDM for year 2004
Processing site SGDM for year 2004
Processing site MTA1 for year 2004
Processing site BTDM for year 2004
Processing site BAR1 for year 2004
Processing site ANA1 for year 2004
Processing site GHRP for year 2004
Processing site P584 for year 2004
Processing site P482 for year 2004
Processing site OZST for year 2004
Processing site RSVY for year 2004
Processing site VCST for year 2004
Processing site 7ODM for year 2004
Processing site LNCO for year 2004
Processing site CCST for year 2004
Processing site AZU1 for year 2004
Processing site P483 for year 2004
Processing site P474 for year 2004
Processing site P478 for year 2004
Processing site P066 for year 2004
Processing site P480 for year 2004
Processing site P562 for year 2004
Processing site P472 for year 2004
Processing site P470 for year 2004
Processing site P577 for year 2004
Processing site P473 for year 2004
Error processing year 2004: __cinit__() got an unexpected keyword argument 'index'
No data processed for year 2004
Processing year 2005
Processing site 7ODM for year 2005
Processing site AGMT for year 2005
Processing site ALAM for year 2005
Processing site ALPP for year 2005
Processing site ANA1 for year 2005
Processing site AOA1 for year 2005
Processing site ARGU for year 2005
Processing site ARM1 for year 2005
Processing site ARM2 for year 2005
Processing site AVRY for year 2005
Processing site AZRY for year 2005
Processing site AZU1 for year 2005
Processing site BALD for year 2005
Processing site BAR1 for year 2005
Processing site BBDM for year 2005
Processing site BBRY for year 2005
Processing site BCWR for year 2005
Processing site BEAT for year 2005
Processing site BEMT for year 2005
Processing site BEPK for year 2005
Processing site BGIS for year 2005
Processing site BILL for year 2005
Processing site BKAP for year 2005
Processing site BKMS for year 2005
Processing site BKR1 for year 2005
Processing site BLSA for year 2005
Processing site BMHL for year 2005
Processing site BMRY for year 2005
Processing site BRAN for year 2005
Processing site BRPK for year 2005
Processing site BSRY for year 2005
Processing site BTDM for year 2005
Processing site BULL for year 2005
Processing site BUST for year 2005
Processing site BVPP for year 2005
Processing site CA99 for year 2005
Processing site CACT for year 2005
Processing site CASA for year 2005
Processing site CAT1 for year 2005
Processing site CAT2 for year 2005
Processing site CCCC for year 2005
Processing site CCCO for year 2005
Processing site CCCS for year 2005
Processing site CCST for year 2005
Processing site CDMT for year 2005
Processing site CGDM for year 2005
Processing site CHIL for year 2005
Processing site CHLO for year 2005
Processing site CHMS for year 2005
Processing site CIC1 for year 2005
Processing site CIRX for year 2005
Processing site CIT1 for year 2005
Processing site CJMS for year 2005
Processing site CLAR for year 2005
Processing site CMP9 for year 2005
Processing site CNPP for year 2005
Processing site COPR for year 2005
Processing site CORX for year 2005
Processing site COSO for year 2005
Processing site COTD for year 2005
Processing site CRAT for year 2005
Processing site CRFP for year 2005
Processing site CRHS for year 2005
Processing site CRRS for year 2005
Processing site CRU1 for year 2005
Processing site CSCI for year 2005
Processing site CSDH for year 2005
Processing site CSN1 for year 2005
Processing site CSST for year 2005
Processing site CTDM for year 2005
Processing site CTMS for year 2005
Processing site CUHS for year 2005
Processing site CVHS for year 2005
Processing site DAM3 for year 2005
Processing site DDMN for year 2005
Processing site DHLG for year 2005
Processing site DSHS for year 2005
Processing site DSSC for year 2005
Processing site DVLE for year 2005
Processing site DVLS for year 2005
Processing site DVNE for year 2005
Processing site DVPB for year 2005
Processing site DVSW for year 2005
Processing site DYER for year 2005
Processing site DYHS for year 2005
Processing site ECCO for year 2005
Processing site ECFS for year 2005
Processing site EDPP for year 2005
Processing site ELSC for year 2005
Processing site EWPP for year 2005
Processing site FMTP for year 2005
Processing site FMVT for year 2005
Processing site FVPK for year 2005
Processing site FXHS for year 2005
Processing site FZHS for year 2005
Processing site GDEC for year 2005
Processing site GHRP for year 2005
Processing site GLRS for year 2005
Processing site GMRC for year 2005
Processing site GOL2 for year 2005
Processing site GOLD for year 2005
Processing site GVRS for year 2005
Processing site HBCO for year 2005
Processing site HCMN for year 2005
Processing site HIVI for year 2005
Processing site HNPS for year 2005
Processing site HOL3 for year 2005
Processing site HOLC for year 2005
Processing site HOLP for year 2005
Processing site HOTK for year 2005
Processing site HVYS for year 2005
Processing site IID2 for year 2005
Processing site IMPS for year 2005
Processing site ISLK for year 2005
Processing site IVCO for year 2005
Processing site JNPR for year 2005
Processing site JOHN for year 2005
Processing site JPLM for year 2005
Processing site KBRC for year 2005
Processing site KNOL for year 2005
Processing site KRAC for year 2005
Processing site KYVW for year 2005
Processing site LAPC for year 2005
Processing site LASC for year 2005
Processing site LBC1 for year 2005
Processing site LBC2 for year 2005
Processing site LBCH for year 2005
Processing site LDES for year 2005
Processing site LDSW for year 2005
Processing site LEEP for year 2005
Processing site LFRS for year 2005
Processing site LINC for year 2005
Processing site LINJ for year 2005
Processing site LITT for year 2005
Processing site LJRN for year 2005
Processing site LL01 for year 2005
Processing site LLAS for year 2005
Processing site LNCO for year 2005
Processing site LNMT for year 2005
Processing site LONG for year 2005
Processing site LORS for year 2005
Processing site LPHS for year 2005
Processing site LVMS for year 2005
Processing site LVWD for year 2005
Processing site MAT2 for year 2005
Processing site MERC for year 2005
Processing site MHMS for year 2005
Processing site MINS for year 2005
Processing site MJPK for year 2005
Processing site MLFP for year 2005
Processing site MONP for year 2005
Processing site MPWD for year 2005
Processing site MRDM for year 2005
Processing site MSOB for year 2005
Processing site MTA1 for year 2005
Processing site MUSB for year 2005
Processing site MVFD for year 2005
Processing site MWTP for year 2005
Processing site NBPS for year 2005
Processing site NHRG for year 2005
Processing site NOCO for year 2005
Processing site NOPK for year 2005
Processing site NSSS for year 2005
Processing site OAES for year 2005
Processing site OEOC for year 2005
Processing site OGHS for year 2005
Processing site OPBL for year 2005
Processing site OPCL for year 2005
Processing site OPCP for year 2005
Processing site OPCX for year 2005
Processing site OPRD for year 2005
Processing site ORMT for year 2005
Processing site OVLS for year 2005
Processing site OXYC for year 2005
Processing site OZST for year 2005
Processing site P066 for year 2005
Processing site P470 for year 2005
Processing site P472 for year 2005
Processing site P473 for year 2005
Processing site P474 for year 2005
Processing site P478 for year 2005
Processing site P480 for year 2005
Processing site P482 for year 2005
Processing site P483 for year 2005
Processing site P562 for year 2005
Processing site P577 for year 2005
Processing site P584 for year 2005
Processing site PBPP for year 2005
Processing site PERL for year 2005
Processing site PHLB for year 2005
Processing site PIN1 for year 2005
Processing site PIN2 for year 2005
Processing site PKRD for year 2005
Processing site PLO3 for year 2005
Processing site PMHS for year 2005
Processing site PMOB for year 2005
Processing site PMTN for year 2005
Processing site POIN for year 2005
Processing site PPBF for year 2005
Processing site PSAP for year 2005
Processing site PSDM for year 2005
Processing site PVE3 for year 2005
Processing site PVHS for year 2005
Processing site PVRS for year 2005
Processing site QHTP for year 2005
Processing site RAMT for year 2005
Processing site RCA2 for year 2005
Processing site RDMT for year 2005
Processing site RDOM for year 2005
Processing site RELA for year 2005
Processing site REPO for year 2005
Processing site RHCL for year 2005
Processing site ROCH for year 2005
Processing site ROCK for year 2005
Processing site ROGE for year 2005
Processing site RSTP for year 2005
Processing site RSVY for year 2005
Processing site RTHS for year 2005
Processing site RYAN for year 2005
Processing site SACY for year 2005
Processing site SAWC for year 2005
Processing site SBCC for year 2005
Processing site SCIA for year 2005
Processing site SCIP for year 2005
Processing site SCMS for year 2005
Processing site SDHL for year 2005
Processing site SFDM for year 2005
Processing site SGDM for year 2005
Processing site SGHS for year 2005
Processing site SGPS for year 2005
Processing site SHOS for year 2005
Processing site SIBE for year 2005
Processing site SILK for year 2005
Processing site SIO3 for year 2005
Processing site SIO5 for year 2005
Processing site SKUL for year 2005
Processing site SLMS for year 2005
Processing site SMYC for year 2005
Processing site SNHS for year 2005
Processing site SNI1 for year 2005
Processing site SOMT for year 2005
Processing site SPK1 for year 2005
Processing site SPMS for year 2005
Processing site STRI for year 2005
Processing site TABL for year 2005
Processing site TATE for year 2005
Processing site THCP for year 2005
Processing site TIVA for year 2005
Processing site TMAP for year 2005
Processing site TORP for year 2005
Processing site TOST for year 2005
Processing site TRAK for year 2005
Processing site TROY for year 2005
Processing site TWMS for year 2005
Processing site UCLP for year 2005
Processing site USC1 for year 2005
Processing site USGC for year 2005
Processing site VCST for year 2005
Processing site VDCY for year 2005
Processing site VIMT for year 2005
Processing site VNCO for year 2005
Processing site VNCX for year 2005
Processing site VNPS for year 2005
Processing site VTIS for year 2005
Processing site VYAS for year 2005
Processing site WATC for year 2005
Processing site WCHS for year 2005
Processing site WGPP for year 2005
Processing site WHC1 for year 2005
Processing site WHYT for year 2005
Processing site WIDC for year 2005
Processing site WKPK for year 2005
Processing site WLSN for year 2005
Processing site WMAP for year 2005
Processing site WNRA for year 2005
Processing site WOMT for year 2005
Processing site WRHS for year 2005
Processing site WWMT for year 2005
Processing site BKR2 for year 2005
Processing site DVLW for year 2005
Processing site TILC for year 2005
Processing site DVSE for year 2005
Processing site UCSB for year 2005
Processing site P589 for year 2005
Processing site DVNW for year 2005
Processing site ESE2 for year 2005
Processing site P594 for year 2005
Processing site P588 for year 2005
Processing site ESRW for year 2005
Processing site P486 for year 2005
Processing site P600 for year 2005
Processing site RAAP for year 2005
Processing site DAM2 for year 2005
Processing site P476 for year 2005
Processing site P560 for year 2005
Processing site P494 for year 2005
Processing site P501 for year 2005
Processing site P506 for year 2005
Processing site P498 for year 2005
Processing site P500 for year 2005
Processing site P504 for year 2005
Processing site DSME for year 2005
Processing site P477 for year 2005
Processing site P586 for year 2005
Processing site P561 for year 2005
Processing site P484 for year 2005
Processing site P612 for year 2005
Processing site P479 for year 2005
Processing site P591 for year 2005
Processing site P511 for year 2005
Processing site P491 for year 2005
Processing site P567 for year 2005
Processing site P571 for year 2005
Processing site SHRC for year 2005
Processing site P557 for year 2005
Processing site LEMA for year 2005
Processing site P553 for year 2005
Processing site RUMP for year 2005
Processing site ASHM for year 2005
Processing site P621 for year 2005
Processing site CRAM for year 2005
Processing site VONS for year 2005
Processing site BATM for year 2005
Processing site P507 for year 2005
Processing site P495 for year 2005
Processing site P508 for year 2005
Processing site P606 for year 2005
Processing site I40A for year 2005
Processing site P622 for year 2005
Processing site P595 for year 2005
Processing site CPBN for year 2005
Processing site P626 for year 2005
Processing site P583 for year 2005
Processing site P556 for year 2005
Processing site P559 for year 2005
Processing site P502 for year 2005
Processing site P496 for year 2005
Processing site P566 for year 2005
Processing site P056 for year 2005
Processing site P565 for year 2005
Processing site P544 for year 2005
Processing site P547 for year 2005
Processing site P581 for year 2005
Processing site P563 for year 2005
Processing site P618 for year 2005
Starting data processing at 2025-01-07 23:47:52.174664
Processing year 2004
Processing site AGMT for year 2004
Processing site ALAM for year 2004
Processing site ALPP for year 2004
Processing site AOA1 for year 2004
Processing site ARGU for year 2004
Processing site ARM1 for year 2004
Processing site ARM2 for year 2004
Processing site AVRY for year 2004
Processing site AZRY for year 2004
Processing site BALD for year 2004
Processing site BBDM for year 2004
Processing site BBRY for year 2004
Processing site BCWR for year 2004
Processing site BEAT for year 2004
Processing site BEMT for year 2004
Processing site BEPK for year 2004
Processing site BGIS for year 2004
Processing site BILL for year 2004
Processing site BKAP for year 2004
Processing site BKMS for year 2004
Processing site BLSA for year 2004
Processing site BMHL for year 2004
Processing site BMRY for year 2004
Processing site BRAN for year 2004
Processing site BRPK for year 2004
Processing site BSRY for year 2004
Processing site BULL for year 2004
Processing site BUST for year 2004
Processing site BVPP for year 2004
Processing site CA99 for year 2004
Processing site CACT for year 2004
Processing site CASA for year 2004
Processing site CAT1 for year 2004
Processing site CAT2 for year 2004
Processing site CBHS for year 2004
Processing site CCCC for year 2004
Processing site CCCO for year 2004
Processing site CCCS for year 2004
Processing site CDMT for year 2004
Processing site CGDM for year 2004
Processing site CHIL for year 2004
Processing site CHLO for year 2004
Processing site CHMS for year 2004
Processing site CIC1 for year 2004
Processing site CIRX for year 2004
Processing site CIT1 for year 2004
Processing site CJMS for year 2004
Processing site CLAR for year 2004
Processing site CMP9 for year 2004
Processing site CNPP for year 2004
Processing site COPR for year 2004
Processing site CORX for year 2004
Processing site COSO for year 2004
Processing site COTD for year 2004
Processing site CRAT for year 2004
Processing site CRFP for year 2004
Processing site CRHS for year 2004
Processing site CRRS for year 2004
Processing site CRU1 for year 2004
Processing site CSCI for year 2004
Processing site CSDH for year 2004
Processing site CSN1 for year 2004
Processing site CSST for year 2004
Processing site CTDM for year 2004
Processing site CTMS for year 2004
Processing site CUHS for year 2004
Processing site CVHS for year 2004
Processing site DAM2 for year 2004
Processing site DAM3 for year 2004
Processing site DHLG for year 2004
Processing site DSHS for year 2004
Processing site DVLE for year 2004
Processing site DVLS for year 2004
Processing site DVLW for year 2004
Processing site DVNE for year 2004
Processing site DVPB for year 2004
Processing site DVSE for year 2004
Processing site DVSW for year 2004
Processing site DYER for year 2004
Processing site DYHS for year 2004
Processing site ECCO for year 2004
Processing site ECFS for year 2004
Processing site EDPP for year 2004
Processing site ELSC for year 2004
Processing site ESE2 for year 2004
Processing site EWPP for year 2004
Processing site FMTP for year 2004
Processing site FMVT for year 2004
Processing site FVPK for year 2004
Processing site FXHS for year 2004
Processing site FZHS for year 2004
Processing site GDEC for year 2004
Processing site GLRS for year 2004
Processing site GMRC for year 2004
Processing site GOL2 for year 2004
Processing site GOLD for year 2004
Processing site GVRS for year 2004
Processing site HBCO for year 2004
Processing site HCMN for year 2004
Processing site HIVI for year 2004
Processing site HNPS for year 2004
Processing site HOL3 for year 2004
Processing site HOLC for year 2004
Processing site HOLP for year 2004
Processing site HOTK for year 2004
Processing site HVYS for year 2004
Processing site IID2 for year 2004
Processing site ISLK for year 2004
Processing site JNPR for year 2004
Processing site JOHN for year 2004
Processing site JPLM for year 2004
Processing site KBRC for year 2004
Processing site KRAC for year 2004
Processing site KYVW for year 2004
Processing site LAPC for year 2004
Processing site LASC for year 2004
Processing site LBC1 for year 2004
Processing site LBC2 for year 2004
Processing site LBCH for year 2004
Processing site LDES for year 2004
Processing site LDSW for year 2004
Processing site LEEP for year 2004
Processing site LFRS for year 2004
Processing site LINJ for year 2004
Processing site LITT for year 2004
Processing site LL01 for year 2004
Processing site LLAS for year 2004
Processing site LNMT for year 2004
Processing site LONG for year 2004
Processing site LORS for year 2004
Processing site LPHS for year 2004
Processing site LVMS for year 2004
Processing site LVWD for year 2004
Processing site MAT2 for year 2004
Processing site MERC for year 2004
Processing site MHMS for year 2004
Processing site MINS for year 2004
Processing site MJPK for year 2004
Processing site MLFP for year 2004
Processing site MONP for year 2004
Processing site MPWD for year 2004
Processing site MSOB for year 2004
Processing site MUSB for year 2004
Processing site MVFD for year 2004
Processing site MWTP for year 2004
Processing site NBPS for year 2004
Processing site NHRG for year 2004
Processing site NOCO for year 2004
Processing site NOPK for year 2004
Processing site NSSS for year 2004
Processing site OEOC for year 2004
Processing site OGHS for year 2004
Processing site OPBL for year 2004
Processing site OPCL for year 2004
Processing site OPCP for year 2004
Processing site OPCX for year 2004
Processing site OPRD for year 2004
Processing site ORMT for year 2004
Processing site OVLS for year 2004
Processing site OXYC for year 2004
Processing site PBPP for year 2004
Processing site PERL for year 2004
Processing site PHLB for year 2004
Processing site PIN1 for year 2004
Processing site PIN2 for year 2004
Processing site PKRD for year 2004
Processing site PLO3 for year 2004
Processing site PMHS for year 2004
Processing site PMOB for year 2004
Processing site POIN for year 2004
Processing site PPBF for year 2004
Processing site PSAP for year 2004
Processing site PSDM for year 2004
Processing site PVE3 for year 2004
Processing site PVHS for year 2004
Processing site PVRS for year 2004
Processing site QHTP for year 2004
Processing site RAMT for year 2004
Processing site RCA2 for year 2004
Processing site RDMT for year 2004
Processing site RDOM for year 2004
Processing site RELA for year 2004
Processing site REPO for year 2004
Processing site RHCL for year 2004
Processing site ROCH for year 2004
Processing site ROCK for year 2004
Processing site ROGE for year 2004
Processing site RSTP for year 2004
Processing site RTHS for year 2004
Processing site RYAN for year 2004
Processing site SACY for year 2004
Processing site SAWC for year 2004
Processing site SBCC for year 2004
Processing site SCIP for year 2004
Processing site SCMS for year 2004
Processing site SDHL for year 2004
Processing site SFDM for year 2004
Processing site SGHS for year 2004
Processing site SGPS for year 2004
Processing site SHOS for year 2004
Processing site SIBE for year 2004
Processing site SILK for year 2004
Processing site SIO3 for year 2004
Processing site SIO5 for year 2004
Processing site SKUL for year 2004
Processing site SLMS for year 2004
Processing site SMYC for year 2004
Processing site SNHS for year 2004
Processing site SNI1 for year 2004
Processing site SOMT for year 2004
Processing site SPK1 for year 2004
Processing site SPMS for year 2004
Processing site STRI for year 2004
Processing site TABL for year 2004
Processing site TATE for year 2004
Processing site THCP for year 2004
Processing site TILC for year 2004
Processing site TIVA for year 2004
Processing site TMAP for year 2004
Processing site TORP for year 2004
Processing site TOST for year 2004
Processing site TRAK for year 2004
Processing site TROY for year 2004
Processing site TWMS for year 2004
Processing site UCLP for year 2004
Processing site UCSB for year 2004
Processing site USC1 for year 2004
Processing site USGC for year 2004
Processing site VDCY for year 2004
Processing site VIMT for year 2004
Processing site VNCO for year 2004
Processing site VNCX for year 2004
Processing site VNPS for year 2004
Processing site VTIS for year 2004
Processing site VYAS for year 2004
Processing site WATC for year 2004
Processing site WCHS for year 2004
Processing site WGPP for year 2004
Processing site WHC1 for year 2004
Processing site WHYT for year 2004
Processing site WIDC for year 2004
Processing site WLSN for year 2004
Processing site WMAP for year 2004
Processing site WNRA for year 2004
Processing site WOMT for year 2004
Processing site WRHS for year 2004
Processing site WWMT for year 2004
Processing site LJRN for year 2004
Processing site PMTN for year 2004
Processing site SCIA for year 2004
Processing site DDMN for year 2004
Processing site ESRW for year 2004
Processing site IVCO for year 2004
Processing site OAES for year 2004
Processing site DVNW for year 2004
Processing site IMPS for year 2004
Processing site KNOL for year 2004
Processing site LINC for year 2004
Processing site WKPK for year 2004
Processing site DSSC for year 2004
Processing site BKR1 for year 2004
Processing site BKR2 for year 2004
Processing site MRDM for year 2004
Processing site SGDM for year 2004
Processing site MTA1 for year 2004
Processing site BTDM for year 2004
Processing site BAR1 for year 2004
Processing site ANA1 for year 2004
Processing site GHRP for year 2004
Processing site P584 for year 2004
Processing site P482 for year 2004
Processing site OZST for year 2004
Processing site RSVY for year 2004
Processing site VCST for year 2004
Processing site 7ODM for year 2004
Processing site LNCO for year 2004
Processing site CCST for year 2004
Processing site AZU1 for year 2004
Processing site P483 for year 2004
Processing site P474 for year 2004
Processing site P478 for year 2004
Processing site P066 for year 2004
Processing site P480 for year 2004
Processing site P562 for year 2004
Processing site P472 for year 2004
Processing site P470 for year 2004
Processing site P577 for year 2004
Processing site P473 for year 2004
Successfully processed and saved data for year 2004
Successfully processed year 2004
Processing year 2005
Processing site 7ODM for year 2005
Processing site AGMT for year 2005
Processing site ALAM for year 2005
Processing site ALPP for year 2005
Processing site ANA1 for year 2005
Processing site AOA1 for year 2005
Processing site ARGU for year 2005
Processing site ARM1 for year 2005
Processing site ARM2 for year 2005
Processing site AVRY for year 2005
Processing site AZRY for year 2005
Processing site AZU1 for year 2005
Processing site BALD for year 2005
Processing site BAR1 for year 2005
Processing site BBDM for year 2005
Processing site BBRY for year 2005
Processing site BCWR for year 2005
Processing site BEAT for year 2005
Processing site BEMT for year 2005
Processing site BEPK for year 2005
Processing site BGIS for year 2005
Processing site BILL for year 2005
Processing site BKAP for year 2005
Processing site BKMS for year 2005
Processing site BKR1 for year 2005
Processing site BLSA for year 2005
Processing site BMHL for year 2005
Processing site BMRY for year 2005
Processing site BRAN for year 2005
Processing site BRPK for year 2005
Processing site BSRY for year 2005
Processing site BTDM for year 2005
Processing site BULL for year 2005
Processing site BUST for year 2005
Processing site BVPP for year 2005
Processing site CA99 for year 2005
Processing site CACT for year 2005
Processing site CASA for year 2005
Processing site CAT1 for year 2005
Processing site CAT2 for year 2005
Processing site CCCC for year 2005
Processing site CCCO for year 2005
Processing site CCCS for year 2005
Processing site CCST for year 2005
Processing site CDMT for year 2005
Processing site CGDM for year 2005
Processing site CHIL for year 2005
Processing site CHLO for year 2005
Processing site CHMS for year 2005
Processing site CIC1 for year 2005
Processing site CIRX for year 2005
Processing site CIT1 for year 2005
Processing site CJMS for year 2005
Processing site CLAR for year 2005
Processing site CMP9 for year 2005
Processing site CNPP for year 2005
Processing site COPR for year 2005
Processing site CORX for year 2005
Processing site COSO for year 2005
Processing site COTD for year 2005
Processing site CRAT for year 2005
Processing site CRFP for year 2005
Processing site CRHS for year 2005
Processing site CRRS for year 2005
Processing site CRU1 for year 2005
Processing site CSCI for year 2005
Processing site CSDH for year 2005
Processing site CSN1 for year 2005
Processing site CSST for year 2005
Processing site CTDM for year 2005
Processing site CTMS for year 2005
Processing site CUHS for year 2005
Processing site CVHS for year 2005
Processing site DAM3 for year 2005
Processing site DDMN for year 2005
Processing site DHLG for year 2005
Processing site DSHS for year 2005
Processing site DSSC for year 2005
Processing site DVLE for year 2005
Processing site DVLS for year 2005
Processing site DVNE for year 2005
Processing site DVPB for year 2005
Processing site DVSW for year 2005
Processing site DYER for year 2005
Processing site DYHS for year 2005
Processing site ECCO for year 2005
Processing site ECFS for year 2005
Processing site EDPP for year 2005
Processing site ELSC for year 2005
Processing site EWPP for year 2005
Processing site FMTP for year 2005
Processing site FMVT for year 2005
Processing site FVPK for year 2005
Processing site FXHS for year 2005
Processing site FZHS for year 2005
Processing site GDEC for year 2005
Processing site GHRP for year 2005
Processing site GLRS for year 2005
Processing site GMRC for year 2005
Processing site GOL2 for year 2005
Processing site GOLD for year 2005
Processing site GVRS for year 2005
Processing site HBCO for year 2005
Processing site HCMN for year 2005
Processing site HIVI for year 2005
Processing site HNPS for year 2005
Processing site HOL3 for year 2005
Processing site HOLC for year 2005
Processing site HOLP for year 2005
Processing site HOTK for year 2005
Processing site HVYS for year 2005
Processing site IID2 for year 2005
Processing site IMPS for year 2005
Processing site ISLK for year 2005
Processing site IVCO for year 2005
Processing site JNPR for year 2005
Processing site JOHN for year 2005
Processing site JPLM for year 2005
Processing site KBRC for year 2005
Processing site KNOL for year 2005
Processing site KRAC for year 2005
Processing site KYVW for year 2005
Processing site LAPC for year 2005
Processing site LASC for year 2005
Processing site LBC1 for year 2005
Processing site LBC2 for year 2005
Processing site LBCH for year 2005
Processing site LDES for year 2005
Processing site LDSW for year 2005
Processing site LEEP for year 2005
Processing site LFRS for year 2005
Processing site LINC for year 2005
Processing site LINJ for year 2005
Processing site LITT for year 2005
Processing site LJRN for year 2005
Processing site LL01 for year 2005
Processing site LLAS for year 2005
Processing site LNCO for year 2005
Processing site LNMT for year 2005
Processing site LONG for year 2005
Processing site LORS for year 2005
Processing site LPHS for year 2005
Processing site LVMS for year 2005
Processing site LVWD for year 2005
Processing site MAT2 for year 2005
Processing site MERC for year 2005
Processing site MHMS for year 2005
Processing site MINS for year 2005
Processing site MJPK for year 2005
Processing site MLFP for year 2005
Processing site MONP for year 2005
Processing site MPWD for year 2005
Processing site MRDM for year 2005
Processing site MSOB for year 2005
Processing site MTA1 for year 2005
Processing site MUSB for year 2005
Processing site MVFD for year 2005
Processing site MWTP for year 2005
Processing site NBPS for year 2005
Processing site NHRG for year 2005
Processing site NOCO for year 2005
Processing site NOPK for year 2005
Processing site NSSS for year 2005
Processing site OAES for year 2005
Processing site OEOC for year 2005
Processing site OGHS for year 2005
Processing site OPBL for year 2005
Processing site OPCL for year 2005
Processing site OPCP for year 2005
Processing site OPCX for year 2005
Processing site OPRD for year 2005
Processing site ORMT for year 2005
Processing site OVLS for year 2005
Processing site OXYC for year 2005
Processing site OZST for year 2005
Processing site P066 for year 2005
Processing site P470 for year 2005
Processing site P472 for year 2005
Processing site P473 for year 2005
Processing site P474 for year 2005
Processing site P478 for year 2005
Processing site P480 for year 2005
Processing site P482 for year 2005
Processing site P483 for year 2005
Processing site P562 for year 2005
Processing site P577 for year 2005
Processing site P584 for year 2005
Processing site PBPP for year 2005
Processing site PERL for year 2005
Processing site PHLB for year 2005
Processing site PIN1 for year 2005
Processing site PIN2 for year 2005
Processing site PKRD for year 2005
Processing site PLO3 for year 2005
Processing site PMHS for year 2005
Processing site PMOB for year 2005
Processing site PMTN for year 2005
Processing site POIN for year 2005
Processing site PPBF for year 2005
Processing site PSAP for year 2005
Processing site PSDM for year 2005
Processing site PVE3 for year 2005
Processing site PVHS for year 2005
Processing site PVRS for year 2005
Processing site QHTP for year 2005
Processing site RAMT for year 2005
Processing site RCA2 for year 2005
Processing site RDMT for year 2005
Processing site RDOM for year 2005
Processing site RELA for year 2005
Processing site REPO for year 2005
Processing site RHCL for year 2005
Processing site ROCH for year 2005
Processing site ROCK for year 2005
Processing site ROGE for year 2005
Processing site RSTP for year 2005
Processing site RSVY for year 2005
Processing site RTHS for year 2005
Processing site RYAN for year 2005
Processing site SACY for year 2005
Processing site SAWC for year 2005
Processing site SBCC for year 2005
Processing site SCIA for year 2005
Processing site SCIP for year 2005
Processing site SCMS for year 2005
Processing site SDHL for year 2005
Processing site SFDM for year 2005
Processing site SGDM for year 2005
Processing site SGHS for year 2005
Processing site SGPS for year 2005
Processing site SHOS for year 2005
Processing site SIBE for year 2005
Processing site SILK for year 2005
Processing site SIO3 for year 2005
Processing site SIO5 for year 2005
Processing site SKUL for year 2005
Processing site SLMS for year 2005
Processing site SMYC for year 2005
Processing site SNHS for year 2005
Processing site SNI1 for year 2005
Processing site SOMT for year 2005
Processing site SPK1 for year 2005
Processing site SPMS for year 2005
Processing site STRI for year 2005
Processing site TABL for year 2005
Processing site TATE for year 2005
Processing site THCP for year 2005
Processing site TIVA for year 2005
Processing site TMAP for year 2005
Processing site TORP for year 2005
Processing site TOST for year 2005
Processing site TRAK for year 2005
Processing site TROY for year 2005
Processing site TWMS for year 2005
Processing site UCLP for year 2005
Processing site USC1 for year 2005
Processing site USGC for year 2005
Processing site VCST for year 2005
Processing site VDCY for year 2005
Processing site VIMT for year 2005
Processing site VNCO for year 2005
Processing site VNCX for year 2005
Processing site VNPS for year 2005
Processing site VTIS for year 2005
Processing site VYAS for year 2005
Processing site WATC for year 2005
Processing site WCHS for year 2005
Processing site WGPP for year 2005
Processing site WHC1 for year 2005
Processing site WHYT for year 2005
Processing site WIDC for year 2005
Processing site WKPK for year 2005
Processing site WLSN for year 2005
Processing site WMAP for year 2005
Processing site WNRA for year 2005
Processing site WOMT for year 2005
Processing site WRHS for year 2005
Processing site WWMT for year 2005
Processing site BKR2 for year 2005
Processing site DVLW for year 2005
Processing site TILC for year 2005
Processing site DVSE for year 2005
Processing site UCSB for year 2005
Processing site P589 for year 2005
Processing site DVNW for year 2005
Processing site ESE2 for year 2005
Processing site P594 for year 2005
Processing site P588 for year 2005
Processing site ESRW for year 2005
Processing site P486 for year 2005
Processing site P600 for year 2005
Processing site RAAP for year 2005
Processing site DAM2 for year 2005
Processing site P476 for year 2005
Processing site P560 for year 2005
Processing site P494 for year 2005
Processing site P501 for year 2005
Processing site P506 for year 2005
Processing site P498 for year 2005
Processing site P500 for year 2005
Processing site P504 for year 2005
Processing site DSME for year 2005
Processing site P477 for year 2005
Processing site P586 for year 2005
Processing site P561 for year 2005
Processing site P484 for year 2005
Processing site P612 for year 2005
Processing site P479 for year 2005
Processing site P591 for year 2005
Processing site P511 for year 2005
Processing site P491 for year 2005
Processing site P567 for year 2005
Processing site P571 for year 2005
Processing site SHRC for year 2005
Processing site P557 for year 2005
Processing site LEMA for year 2005
Processing site P553 for year 2005
Processing site RUMP for year 2005
Processing site ASHM for year 2005
Processing site P621 for year 2005
Processing site CRAM for year 2005
Processing site VONS for year 2005
Processing site BATM for year 2005
Processing site P507 for year 2005
Processing site P495 for year 2005
Processing site P508 for year 2005
Processing site P606 for year 2005
Processing site I40A for year 2005
Processing site P622 for year 2005
Processing site P595 for year 2005
Processing site CPBN for year 2005
Processing site P626 for year 2005
Processing site P583 for year 2005
Processing site P556 for year 2005
Processing site P559 for year 2005
Processing site P502 for year 2005
Processing site P496 for year 2005
Processing site P566 for year 2005
Processing site P056 for year 2005
Processing site P565 for year 2005
Processing site P544 for year 2005
Processing site P547 for year 2005
Processing site P581 for year 2005
Processing site P563 for year 2005
Processing site P618 for year 2005
Starting data processing at 2025-01-08 00:00:17.556094
Processing year 2004
Processing site AGMT for year 2004
Processing site ALAM for year 2004
Processing site ALPP for year 2004
Processing site AOA1 for year 2004
Processing site ARGU for year 2004
Processing site ARM1 for year 2004
Processing site ARM2 for year 2004
Processing site AVRY for year 2004
Processing site AZRY for year 2004
Processing site BALD for year 2004
Processing site BBDM for year 2004
Processing site BBRY for year 2004
Processing site BCWR for year 2004
Processing site BEAT for year 2004
Processing site BEMT for year 2004
Processing site BEPK for year 2004
Processing site BGIS for year 2004
Processing site BILL for year 2004
Processing site BKAP for year 2004
Processing site BKMS for year 2004
Processing site BLSA for year 2004
Processing site BMHL for year 2004
Processing site BMRY for year 2004
Processing site BRAN for year 2004
Processing site BRPK for year 2004
Processing site BSRY for year 2004
Processing site BULL for year 2004
Processing site BUST for year 2004
Processing site BVPP for year 2004
Processing site CA99 for year 2004
Processing site CACT for year 2004
Processing site CASA for year 2004
Processing site CAT1 for year 2004
Processing site CAT2 for year 2004
Processing site CBHS for year 2004
Processing site CCCC for year 2004
Processing site CCCO for year 2004
Processing site CCCS for year 2004
Processing site CDMT for year 2004
Processing site CGDM for year 2004
Processing site CHIL for year 2004
Processing site CHLO for year 2004
Processing site CHMS for year 2004
Processing site CIC1 for year 2004
Processing site CIRX for year 2004
Processing site CIT1 for year 2004
Processing site CJMS for year 2004
Processing site CLAR for year 2004
Processing site CMP9 for year 2004
Processing site CNPP for year 2004
Processing site COPR for year 2004
Processing site CORX for year 2004
Processing site COSO for year 2004
Processing site COTD for year 2004
Processing site CRAT for year 2004
Processing site CRFP for year 2004
Processing site CRHS for year 2004
Processing site CRRS for year 2004
Processing site CRU1 for year 2004
Processing site CSCI for year 2004
Processing site CSDH for year 2004
Processing site CSN1 for year 2004
Processing site CSST for year 2004
Processing site CTDM for year 2004
Processing site CTMS for year 2004
Processing site CUHS for year 2004
Processing site CVHS for year 2004
Processing site DAM2 for year 2004
Processing site DAM3 for year 2004
Processing site DHLG for year 2004
Processing site DSHS for year 2004
Processing site DVLE for year 2004
Processing site DVLS for year 2004
Processing site DVLW for year 2004
Processing site DVNE for year 2004
Processing site DVPB for year 2004
Processing site DVSE for year 2004
Processing site DVSW for year 2004
Processing site DYER for year 2004
Processing site DYHS for year 2004
Processing site ECCO for year 2004
Processing site ECFS for year 2004
Processing site EDPP for year 2004
Processing site ELSC for year 2004
Processing site ESE2 for year 2004
Processing site EWPP for year 2004
Processing site FMTP for year 2004
Processing site FMVT for year 2004
Processing site FVPK for year 2004
Processing site FXHS for year 2004
Processing site FZHS for year 2004
Processing site GDEC for year 2004
Processing site GLRS for year 2004
Processing site GMRC for year 2004
Processing site GOL2 for year 2004
Processing site GOLD for year 2004
Processing site GVRS for year 2004
Processing site HBCO for year 2004
Processing site HCMN for year 2004
Processing site HIVI for year 2004
Processing site HNPS for year 2004
Processing site HOL3 for year 2004
Processing site HOLC for year 2004
Processing site HOLP for year 2004
Processing site HOTK for year 2004
Processing site HVYS for year 2004
Processing site IID2 for year 2004
Processing site ISLK for year 2004
Processing site JNPR for year 2004
Processing site JOHN for year 2004
Processing site JPLM for year 2004
Processing site KBRC for year 2004
Processing site KRAC for year 2004
Processing site KYVW for year 2004
Processing site LAPC for year 2004
Processing site LASC for year 2004
Processing site LBC1 for year 2004
Processing site LBC2 for year 2004
Processing site LBCH for year 2004
Processing site LDES for year 2004
Processing site LDSW for year 2004
Processing site LEEP for year 2004
Processing site LFRS for year 2004
Processing site LINJ for year 2004
Processing site LITT for year 2004
Processing site LL01 for year 2004
Processing site LLAS for year 2004
Processing site LNMT for year 2004
Processing site LONG for year 2004
Processing site LORS for year 2004
Processing site LPHS for year 2004
Processing site LVMS for year 2004
Processing site LVWD for year 2004
Processing site MAT2 for year 2004
Processing site MERC for year 2004
Processing site MHMS for year 2004
Processing site MINS for year 2004
Processing site MJPK for year 2004
Processing site MLFP for year 2004
Processing site MONP for year 2004
Processing site MPWD for year 2004
Processing site MSOB for year 2004
Processing site MUSB for year 2004
Processing site MVFD for year 2004
Processing site MWTP for year 2004
Processing site NBPS for year 2004
Processing site NHRG for year 2004
Processing site NOCO for year 2004
Processing site NOPK for year 2004
Processing site NSSS for year 2004
Processing site OEOC for year 2004
Processing site OGHS for year 2004
Processing site OPBL for year 2004
Processing site OPCL for year 2004
Processing site OPCP for year 2004
Processing site OPCX for year 2004
Processing site OPRD for year 2004
Processing site ORMT for year 2004
Processing site OVLS for year 2004
Processing site OXYC for year 2004
Processing site PBPP for year 2004
Processing site PERL for year 2004
Processing site PHLB for year 2004
Processing site PIN1 for year 2004
Processing site PIN2 for year 2004
Processing site PKRD for year 2004
Processing site PLO3 for year 2004
Processing site PMHS for year 2004
Processing site PMOB for year 2004
Processing site POIN for year 2004
Processing site PPBF for year 2004
Processing site PSAP for year 2004
Processing site PSDM for year 2004
Processing site PVE3 for year 2004
Processing site PVHS for year 2004
Processing site PVRS for year 2004
Processing site QHTP for year 2004
Processing site RAMT for year 2004
Processing site RCA2 for year 2004
Processing site RDMT for year 2004
Processing site RDOM for year 2004
Processing site RELA for year 2004
Processing site REPO for year 2004
Processing site RHCL for year 2004
Processing site ROCH for year 2004
Processing site ROCK for year 2004
Processing site ROGE for year 2004
Processing site RSTP for year 2004
Processing site RTHS for year 2004
Processing site RYAN for year 2004
Processing site SACY for year 2004
Processing site SAWC for year 2004
Processing site SBCC for year 2004
Processing site SCIP for year 2004
Processing site SCMS for year 2004
Processing site SDHL for year 2004
Processing site SFDM for year 2004
Processing site SGHS for year 2004
Processing site SGPS for year 2004
Processing site SHOS for year 2004
Processing site SIBE for year 2004
Processing site SILK for year 2004
Processing site SIO3 for year 2004
Processing site SIO5 for year 2004
Processing site SKUL for year 2004
Processing site SLMS for year 2004
Processing site SMYC for year 2004
Processing site SNHS for year 2004
Processing site SNI1 for year 2004
Processing site SOMT for year 2004
Processing site SPK1 for year 2004
Processing site SPMS for year 2004
Processing site STRI for year 2004
Processing site TABL for year 2004
Processing site TATE for year 2004
Processing site THCP for year 2004
Processing site TILC for year 2004
Processing site TIVA for year 2004
Processing site TMAP for year 2004
Processing site TORP for year 2004
Processing site TOST for year 2004
Processing site TRAK for year 2004
Processing site TROY for year 2004
Processing site TWMS for year 2004
Processing site UCLP for year 2004
Processing site UCSB for year 2004
Processing site USC1 for year 2004
Processing site USGC for year 2004
Processing site VDCY for year 2004
Processing site VIMT for year 2004
Processing site VNCO for year 2004
Processing site VNCX for year 2004
Processing site VNPS for year 2004
Processing site VTIS for year 2004
Processing site VYAS for year 2004
Processing site WATC for year 2004
Processing site WCHS for year 2004
Processing site WGPP for year 2004
Processing site WHC1 for year 2004
Processing site WHYT for year 2004
Processing site WIDC for year 2004
Processing site WLSN for year 2004
Processing site WMAP for year 2004
Processing site WNRA for year 2004
Processing site WOMT for year 2004
Processing site WRHS for year 2004
Processing site WWMT for year 2004
Processing site LJRN for year 2004
Processing site PMTN for year 2004
Processing site SCIA for year 2004
Processing site DDMN for year 2004
Processing site ESRW for year 2004
Processing site IVCO for year 2004
Processing site OAES for year 2004
Processing site DVNW for year 2004
Processing site IMPS for year 2004
Processing site KNOL for year 2004
Processing site LINC for year 2004
Processing site WKPK for year 2004
Processing site DSSC for year 2004
Processing site BKR1 for year 2004
Processing site BKR2 for year 2004
Processing site MRDM for year 2004
Processing site SGDM for year 2004
Processing site MTA1 for year 2004
Processing site BTDM for year 2004
Processing site BAR1 for year 2004
Processing site ANA1 for year 2004
Processing site GHRP for year 2004
Processing site P584 for year 2004
Processing site P482 for year 2004
Processing site OZST for year 2004
Processing site RSVY for year 2004
Processing site VCST for year 2004
Processing site 7ODM for year 2004
Processing site LNCO for year 2004
Processing site CCST for year 2004
Processing site AZU1 for year 2004
Processing site P483 for year 2004
Processing site P474 for year 2004
Processing site P478 for year 2004
Processing site P066 for year 2004
Processing site P480 for year 2004
Processing site P562 for year 2004
Processing site P472 for year 2004
Processing site P470 for year 2004
Processing site P577 for year 2004
Processing site P473 for year 2004
Successfully processed and saved data for year 2004
Successfully processed year 2004
Processing year 2005
Processing site 7ODM for year 2005
Processing site AGMT for year 2005
Processing site ALAM for year 2005
Processing site ALPP for year 2005
Processing site ANA1 for year 2005
Processing site AOA1 for year 2005
Processing site ARGU for year 2005
Processing site ARM1 for year 2005
Processing site ARM2 for year 2005
Processing site AVRY for year 2005
Processing site AZRY for year 2005
Processing site AZU1 for year 2005
Processing site BALD for year 2005
Processing site BAR1 for year 2005
Processing site BBDM for year 2005
Processing site BBRY for year 2005
Processing site BCWR for year 2005
Processing site BEAT for year 2005
Processing site BEMT for year 2005
Processing site BEPK for year 2005
Processing site BGIS for year 2005
Processing site BILL for year 2005
Processing site BKAP for year 2005
Processing site BKMS for year 2005
Processing site BKR1 for year 2005
Processing site BLSA for year 2005
Processing site BMHL for year 2005
Processing site BMRY for year 2005
Processing site BRAN for year 2005
Processing site BRPK for year 2005
Processing site BSRY for year 2005
Processing site BTDM for year 2005
Processing site BULL for year 2005
Processing site BUST for year 2005
Processing site BVPP for year 2005
Processing site CA99 for year 2005
Processing site CACT for year 2005
Processing site CASA for year 2005
Processing site CAT1 for year 2005
Processing site CAT2 for year 2005
Processing site CCCC for year 2005
Processing site CCCO for year 2005
Processing site CCCS for year 2005
Processing site CCST for year 2005
Processing site CDMT for year 2005
Processing site CGDM for year 2005
Processing site CHIL for year 2005
Processing site CHLO for year 2005
Processing site CHMS for year 2005
Processing site CIC1 for year 2005
Processing site CIRX for year 2005
Processing site CIT1 for year 2005
Processing site CJMS for year 2005
Processing site CLAR for year 2005
Processing site CMP9 for year 2005
Processing site CNPP for year 2005
Processing site COPR for year 2005
Processing site CORX for year 2005
Processing site COSO for year 2005
Processing site COTD for year 2005
Processing site CRAT for year 2005
Processing site CRFP for year 2005
Processing site CRHS for year 2005
Processing site CRRS for year 2005
Processing site CRU1 for year 2005
Processing site CSCI for year 2005
Processing site CSDH for year 2005
Processing site CSN1 for year 2005
Processing site CSST for year 2005
Processing site CTDM for year 2005
Processing site CTMS for year 2005
Processing site CUHS for year 2005
Processing site CVHS for year 2005
Processing site DAM3 for year 2005
Processing site DDMN for year 2005
Processing site DHLG for year 2005
Processing site DSHS for year 2005
Processing site DSSC for year 2005
Processing site DVLE for year 2005
Processing site DVLS for year 2005
Processing site DVNE for year 2005
Processing site DVPB for year 2005
Processing site DVSW for year 2005
Processing site DYER for year 2005
Processing site DYHS for year 2005
Processing site ECCO for year 2005
Processing site ECFS for year 2005
Processing site EDPP for year 2005
Processing site ELSC for year 2005
Processing site EWPP for year 2005
Processing site FMTP for year 2005
Processing site FMVT for year 2005
Processing site FVPK for year 2005
Processing site FXHS for year 2005
Processing site FZHS for year 2005
Processing site GDEC for year 2005
Processing site GHRP for year 2005
Processing site GLRS for year 2005
Processing site GMRC for year 2005
Processing site GOL2 for year 2005
Processing site GOLD for year 2005
Processing site GVRS for year 2005
Processing site HBCO for year 2005
Processing site HCMN for year 2005
Processing site HIVI for year 2005
Processing site HNPS for year 2005
Processing site HOL3 for year 2005
Processing site HOLC for year 2005
Processing site HOLP for year 2005
Processing site HOTK for year 2005
Processing site HVYS for year 2005
Processing site IID2 for year 2005
Processing site IMPS for year 2005
Processing site ISLK for year 2005
Processing site IVCO for year 2005
Processing site JNPR for year 2005
Processing site JOHN for year 2005
Processing site JPLM for year 2005
Processing site KBRC for year 2005
Processing site KNOL for year 2005
Processing site KRAC for year 2005
Processing site KYVW for year 2005
Processing site LAPC for year 2005
Processing site LASC for year 2005
Processing site LBC1 for year 2005
Processing site LBC2 for year 2005
Processing site LBCH for year 2005
Processing site LDES for year 2005
Processing site LDSW for year 2005
Processing site LEEP for year 2005
Processing site LFRS for year 2005
Processing site LINC for year 2005
Processing site LINJ for year 2005
Processing site LITT for year 2005
Processing site LJRN for year 2005
Processing site LL01 for year 2005
Processing site LLAS for year 2005
Processing site LNCO for year 2005
Processing site LNMT for year 2005
Processing site LONG for year 2005
Processing site LORS for year 2005
Processing site LPHS for year 2005
Processing site LVMS for year 2005
Processing site LVWD for year 2005
Processing site MAT2 for year 2005
Processing site MERC for year 2005
Processing site MHMS for year 2005
Processing site MINS for year 2005
Processing site MJPK for year 2005
Processing site MLFP for year 2005
Processing site MONP for year 2005
Processing site MPWD for year 2005
Processing site MRDM for year 2005
Processing site MSOB for year 2005
Processing site MTA1 for year 2005
Processing site MUSB for year 2005
Processing site MVFD for year 2005
Processing site MWTP for year 2005
Processing site NBPS for year 2005
Processing site NHRG for year 2005
Processing site NOCO for year 2005
Processing site NOPK for year 2005
Processing site NSSS for year 2005
Processing site OAES for year 2005
Processing site OEOC for year 2005
Processing site OGHS for year 2005
Processing site OPBL for year 2005
Processing site OPCL for year 2005
Processing site OPCP for year 2005
Processing site OPCX for year 2005
Processing site OPRD for year 2005
Processing site ORMT for year 2005
Processing site OVLS for year 2005
Processing site OXYC for year 2005
Processing site OZST for year 2005
Processing site P066 for year 2005
Processing site P470 for year 2005
Processing site P472 for year 2005
Processing site P473 for year 2005
Processing site P474 for year 2005
Processing site P478 for year 2005
Processing site P480 for year 2005
Processing site P482 for year 2005
Processing site P483 for year 2005
Processing site P562 for year 2005
Processing site P577 for year 2005
Processing site P584 for year 2005
Processing site PBPP for year 2005
Processing site PERL for year 2005
Processing site PHLB for year 2005
Processing site PIN1 for year 2005
Processing site PIN2 for year 2005
Processing site PKRD for year 2005
Processing site PLO3 for year 2005
Processing site PMHS for year 2005
Processing site PMOB for year 2005
Processing site PMTN for year 2005
Processing site POIN for year 2005
Processing site PPBF for year 2005
Processing site PSAP for year 2005
Processing site PSDM for year 2005
Processing site PVE3 for year 2005
Processing site PVHS for year 2005
Processing site PVRS for year 2005
Processing site QHTP for year 2005
Processing site RAMT for year 2005
Processing site RCA2 for year 2005
Processing site RDMT for year 2005
Processing site RDOM for year 2005
Processing site RELA for year 2005
Processing site REPO for year 2005
Processing site RHCL for year 2005
Processing site ROCH for year 2005
Processing site ROCK for year 2005
Processing site ROGE for year 2005
Processing site RSTP for year 2005
Processing site RSVY for year 2005
Processing site RTHS for year 2005
Processing site RYAN for year 2005
Processing site SACY for year 2005
Processing site SAWC for year 2005
Processing site SBCC for year 2005
Processing site SCIA for year 2005
Processing site SCIP for year 2005
Processing site SCMS for year 2005
Processing site SDHL for year 2005
Processing site SFDM for year 2005
Processing site SGDM for year 2005
Processing site SGHS for year 2005
Processing site SGPS for year 2005
Processing site SHOS for year 2005
Processing site SIBE for year 2005
Processing site SILK for year 2005
Processing site SIO3 for year 2005
Processing site SIO5 for year 2005
Processing site SKUL for year 2005
Processing site SLMS for year 2005
Processing site SMYC for year 2005
Processing site SNHS for year 2005
Processing site SNI1 for year 2005
Processing site SOMT for year 2005
Processing site SPK1 for year 2005
Processing site SPMS for year 2005
Processing site STRI for year 2005
Processing site TABL for year 2005
Processing site TATE for year 2005
Processing site THCP for year 2005
Processing site TIVA for year 2005
Processing site TMAP for year 2005
Processing site TORP for year 2005
Processing site TOST for year 2005
Processing site TRAK for year 2005
Processing site TROY for year 2005
Processing site TWMS for year 2005
Processing site UCLP for year 2005
Processing site USC1 for year 2005
Processing site USGC for year 2005
Processing site VCST for year 2005
Processing site VDCY for year 2005
Processing site VIMT for year 2005
Processing site VNCO for year 2005
Processing site VNCX for year 2005
Processing site VNPS for year 2005
Processing site VTIS for year 2005
Processing site VYAS for year 2005
Processing site WATC for year 2005
Processing site WCHS for year 2005
Processing site WGPP for year 2005
Processing site WHC1 for year 2005
Processing site WHYT for year 2005
Processing site WIDC for year 2005
Processing site WKPK for year 2005
Processing site WLSN for year 2005
Processing site WMAP for year 2005
Processing site WNRA for year 2005
Processing site WOMT for year 2005
Processing site WRHS for year 2005
Processing site WWMT for year 2005
Processing site BKR2 for year 2005
Processing site DVLW for year 2005
Processing site TILC for year 2005
Processing site DVSE for year 2005
Processing site UCSB for year 2005
Processing site P589 for year 2005
Processing site DVNW for year 2005
Processing site ESE2 for year 2005
Processing site P594 for year 2005
Processing site P588 for year 2005
Processing site ESRW for year 2005
Processing site P486 for year 2005
Processing site P600 for year 2005
Processing site RAAP for year 2005
Processing site DAM2 for year 2005
Processing site P476 for year 2005
Processing site P560 for year 2005
Processing site P494 for year 2005
Processing site P501 for year 2005
Processing site P506 for year 2005
Processing site P498 for year 2005
Processing site P500 for year 2005
Processing site P504 for year 2005
Processing site DSME for year 2005
Processing site P477 for year 2005
Processing site P586 for year 2005
Processing site P561 for year 2005
Processing site P484 for year 2005
Processing site P612 for year 2005
Processing site P479 for year 2005
Processing site P591 for year 2005
Processing site P511 for year 2005
Processing site P491 for year 2005
Processing site P567 for year 2005
Processing site P571 for year 2005
Processing site SHRC for year 2005
Processing site P557 for year 2005
Processing site LEMA for year 2005
Processing site P553 for year 2005
Processing site RUMP for year 2005
Processing site ASHM for year 2005
Processing site P621 for year 2005
Processing site CRAM for year 2005
Processing site VONS for year 2005
Processing site BATM for year 2005
Processing site P507 for year 2005
Processing site P495 for year 2005
Processing site P508 for year 2005
Processing site P606 for year 2005
Processing site I40A for year 2005
Processing site P622 for year 2005
Processing site P595 for year 2005
Processing site CPBN for year 2005
Processing site P626 for year 2005
Processing site P583 for year 2005
Processing site P556 for year 2005
Processing site P559 for year 2005
Processing site P502 for year 2005
Processing site P496 for year 2005
Processing site P566 for year 2005
Processing site P056 for year 2005
Processing site P565 for year 2005
Processing site P544 for year 2005
Processing site P547 for year 2005
Processing site P581 for year 2005
Processing site P563 for year 2005
Processing site P618 for year 2005
Successfully processed and saved data for year 2005
Successfully processed year 2005
Processing year 2006
Processing site 7ODM for year 2006
Processing site AGMT for year 2006
Processing site ALAM for year 2006
Processing site ALPP for year 2006
Processing site ANA1 for year 2006
Processing site AOA1 for year 2006
Processing site ARGU for year 2006
Processing site ARM1 for year 2006
Processing site ARM2 for year 2006
Processing site ASHM for year 2006
Processing site AVRY for year 2006
Processing site AZRY for year 2006
Processing site AZU1 for year 2006
Processing site BALD for year 2006
Processing site BAR1 for year 2006
Processing site BATM for year 2006
Processing site BBRY for year 2006
Processing site BCWR for year 2006
Processing site BEAT for year 2006
Processing site BEPK for year 2006
Processing site BGIS for year 2006
Processing site BILL for year 2006
Processing site BKAP for year 2006
Processing site BKMS for year 2006
Processing site BKR1 for year 2006
Processing site BKR2 for year 2006
Processing site BLSA for year 2006
Processing site BMHL for year 2006
Processing site BMRY for year 2006
Processing site BRAN for year 2006
Processing site BRPK for year 2006
Processing site BSRY for year 2006
Processing site BTDM for year 2006
Processing site BUST for year 2006
Processing site BVPP for year 2006
Processing site CA99 for year 2006
Processing site CACT for year 2006
Processing site CAT1 for year 2006
Processing site CAT2 for year 2006
Processing site CCCC for year 2006
Processing site CCCO for year 2006
Processing site CCCS for year 2006
Processing site CCST for year 2006
Processing site CDMT for year 2006
Processing site CGDM for year 2006
Processing site CHIL for year 2006
Processing site CHLO for year 2006
Processing site CHMS for year 2006
Processing site CIRX for year 2006
Processing site CIT1 for year 2006
Processing site CJMS for year 2006
Processing site CMP9 for year 2006
Processing site CNPP for year 2006
Processing site COPR for year 2006
Processing site COSO for year 2006
Processing site COTD for year 2006
Processing site CPBN for year 2006
Processing site CRAM for year 2006
Processing site CRAT for year 2006
Processing site CRFP for year 2006
Processing site CRHS for year 2006
Processing site CRRS for year 2006
Processing site CRU1 for year 2006
Processing site CSCI for year 2006
Processing site CSDH for year 2006
Processing site CSN1 for year 2006
Processing site CSST for year 2006
Processing site CTDM for year 2006
Processing site CTMS for year 2006
Processing site CUHS for year 2006
Processing site CVHS for year 2006
Processing site DAM2 for year 2006
Processing site DAM3 for year 2006
Processing site DDMN for year 2006
Processing site DHLG for year 2006
Processing site DSME for year 2006
Processing site DSSC for year 2006
Processing site DVLE for year 2006
Processing site DVLW for year 2006
Processing site DVPB for year 2006
Processing site DYER for year 2006
Processing site DYHS for year 2006
Processing site ECCO for year 2006
Processing site ECFS for year 2006
Processing site EDPP for year 2006
Processing site ELSC for year 2006
Processing site ESRW for year 2006
Processing site FMTP for year 2006
Processing site FMVT for year 2006
Processing site FVPK for year 2006
Processing site FXHS for year 2006
Processing site FZHS for year 2006
Processing site GDEC for year 2006
Processing site GLRS for year 2006
Processing site GMRC for year 2006
Processing site GOLD for year 2006
Processing site GVRS for year 2006
Processing site HBCO for year 2006
Processing site HCMN for year 2006
Processing site HIVI for year 2006
Processing site HNPS for year 2006
Processing site HOL3 for year 2006
Processing site HOLP for year 2006
Processing site HOTK for year 2006
Processing site HVYS for year 2006
Processing site I40A for year 2006
Processing site IID2 for year 2006
Processing site IMPS for year 2006
Processing site ISLK for year 2006
Processing site IVCO for year 2006
Processing site JOHN for year 2006
Processing site JPLM for year 2006
Processing site KBRC for year 2006
Processing site KNOL for year 2006
Processing site KRAC for year 2006
Processing site KYVW for year 2006
Processing site LAPC for year 2006
Processing site LASC for year 2006
Processing site LBC1 for year 2006
Processing site LBC2 for year 2006
Processing site LBCH for year 2006
Processing site LDES for year 2006
Processing site LDSW for year 2006
Processing site LEEP for year 2006
Processing site LEMA for year 2006
Processing site LFRS for year 2006
Processing site LINC for year 2006
Processing site LINJ for year 2006
Processing site LITT for year 2006
Processing site LJRN for year 2006
Processing site LL01 for year 2006
Processing site LLAS for year 2006
Processing site LNCO for year 2006
Starting data processing at 2025-01-08 00:09:30.673165
Processing year 2004
Processing site AGMT for year 2004
Processing site ALAM for year 2004
Processing site ALPP for year 2004
Processing site AOA1 for year 2004
Processing site ARGU for year 2004
Processing site ARM1 for year 2004
Processing site ARM2 for year 2004
Processing site AVRY for year 2004
Processing site AZRY for year 2004
Processing site BALD for year 2004
Processing site BBDM for year 2004
Processing site BBRY for year 2004
Processing site BCWR for year 2004
Processing site BEAT for year 2004
Processing site BEMT for year 2004
Processing site BEPK for year 2004
Processing site BGIS for year 2004
Processing site BILL for year 2004
Processing site BKAP for year 2004
Processing site BKMS for year 2004
Processing site BLSA for year 2004
Processing site BMHL for year 2004
Processing site BMRY for year 2004
Processing site BRAN for year 2004
Processing site BRPK for year 2004
Processing site BSRY for year 2004
Processing site BULL for year 2004
Processing site BUST for year 2004
Processing site BVPP for year 2004
Processing site CA99 for year 2004
Processing site CACT for year 2004
Processing site CASA for year 2004
Processing site CAT1 for year 2004
Processing site CAT2 for year 2004
Processing site CBHS for year 2004
Processing site CCCC for year 2004
Processing site CCCO for year 2004
Processing site CCCS for year 2004
Processing site CDMT for year 2004
Processing site CGDM for year 2004
Processing site CHIL for year 2004
Processing site CHLO for year 2004
Processing site CHMS for year 2004
Processing site CIC1 for year 2004
Processing site CIRX for year 2004
Processing site CIT1 for year 2004
Processing site CJMS for year 2004
Processing site CLAR for year 2004
Processing site CMP9 for year 2004
Processing site CNPP for year 2004
Processing site COPR for year 2004
Processing site CORX for year 2004
Processing site COSO for year 2004
Processing site COTD for year 2004
Processing site CRAT for year 2004
Processing site CRFP for year 2004
Processing site CRHS for year 2004
Processing site CRRS for year 2004
Processing site CRU1 for year 2004
Processing site CSCI for year 2004
Processing site CSDH for year 2004
Processing site CSN1 for year 2004
Processing site CSST for year 2004
Processing site CTDM for year 2004
Processing site CTMS for year 2004
Processing site CUHS for year 2004
Processing site CVHS for year 2004
Processing site DAM2 for year 2004
Processing site DAM3 for year 2004
Processing site DHLG for year 2004
Processing site DSHS for year 2004
Processing site DVLE for year 2004
Processing site DVLS for year 2004
Processing site DVLW for year 2004
Processing site DVNE for year 2004
Processing site DVPB for year 2004
Processing site DVSE for year 2004
Processing site DVSW for year 2004
Processing site DYER for year 2004
Processing site DYHS for year 2004
Processing site ECCO for year 2004
Processing site ECFS for year 2004
Processing site EDPP for year 2004
Processing site ELSC for year 2004
Processing site ESE2 for year 2004
Processing site EWPP for year 2004
Processing site FMTP for year 2004
Processing site FMVT for year 2004
Processing site FVPK for year 2004
Processing site FXHS for year 2004
Processing site FZHS for year 2004
Processing site GDEC for year 2004
Processing site GLRS for year 2004
Processing site GMRC for year 2004
Processing site GOL2 for year 2004
Processing site GOLD for year 2004
Processing site GVRS for year 2004
Processing site HBCO for year 2004
Processing site HCMN for year 2004
Processing site HIVI for year 2004
Processing site HNPS for year 2004
Processing site HOL3 for year 2004
Processing site HOLC for year 2004
Processing site HOLP for year 2004
Processing site HOTK for year 2004
Processing site HVYS for year 2004
Processing site IID2 for year 2004
Processing site ISLK for year 2004
Processing site JNPR for year 2004
Processing site JOHN for year 2004
Processing site JPLM for year 2004
Processing site KBRC for year 2004
Processing site KRAC for year 2004
Processing site KYVW for year 2004
Processing site LAPC for year 2004
Processing site LASC for year 2004
Processing site LBC1 for year 2004
Processing site LBC2 for year 2004
Processing site LBCH for year 2004
Processing site LDES for year 2004
Processing site LDSW for year 2004
Processing site LEEP for year 2004
Processing site LFRS for year 2004
Processing site LINJ for year 2004
Processing site LITT for year 2004
Processing site LL01 for year 2004
Processing site LLAS for year 2004
Processing site LNMT for year 2004
Processing site LONG for year 2004
Processing site LORS for year 2004
Processing site LPHS for year 2004
Processing site LVMS for year 2004
Processing site LVWD for year 2004
Processing site MAT2 for year 2004
Processing site MERC for year 2004
Processing site MHMS for year 2004
Processing site MINS for year 2004
Processing site MJPK for year 2004
Processing site MLFP for year 2004
Processing site MONP for year 2004
Processing site MPWD for year 2004
Processing site MSOB for year 2004
Processing site MUSB for year 2004
Processing site MVFD for year 2004
Processing site MWTP for year 2004
Processing site NBPS for year 2004
Processing site NHRG for year 2004
Processing site NOCO for year 2004
Processing site NOPK for year 2004
Processing site NSSS for year 2004
Processing site OEOC for year 2004
Processing site OGHS for year 2004
Processing site OPBL for year 2004
Processing site OPCL for year 2004
Processing site OPCP for year 2004
Processing site OPCX for year 2004
Processing site OPRD for year 2004
Processing site ORMT for year 2004
Processing site OVLS for year 2004
Processing site OXYC for year 2004
Processing site PBPP for year 2004
Processing site PERL for year 2004
Processing site PHLB for year 2004
Processing site PIN1 for year 2004
Processing site PIN2 for year 2004
Processing site PKRD for year 2004
Processing site PLO3 for year 2004
Processing site PMHS for year 2004
Processing site PMOB for year 2004
Processing site POIN for year 2004
Processing site PPBF for year 2004
Processing site PSAP for year 2004
Processing site PSDM for year 2004
Processing site PVE3 for year 2004
Processing site PVHS for year 2004
Processing site PVRS for year 2004
Processing site QHTP for year 2004
Processing site RAMT for year 2004
Processing site RCA2 for year 2004
Processing site RDMT for year 2004
Processing site RDOM for year 2004
Processing site RELA for year 2004
Processing site REPO for year 2004
Processing site RHCL for year 2004
Processing site ROCH for year 2004
Processing site ROCK for year 2004
Processing site ROGE for year 2004
Processing site RSTP for year 2004
Processing site RTHS for year 2004
Processing site RYAN for year 2004
Processing site SACY for year 2004
Processing site SAWC for year 2004
Processing site SBCC for year 2004
Processing site SCIP for year 2004
Processing site SCMS for year 2004
Processing site SDHL for year 2004
Processing site SFDM for year 2004
Processing site SGHS for year 2004
Processing site SGPS for year 2004
Processing site SHOS for year 2004
Processing site SIBE for year 2004
Processing site SILK for year 2004
Processing site SIO3 for year 2004
Processing site SIO5 for year 2004
Processing site SKUL for year 2004
Processing site SLMS for year 2004
Processing site SMYC for year 2004
Processing site SNHS for year 2004
Processing site SNI1 for year 2004
Processing site SOMT for year 2004
Processing site SPK1 for year 2004
Processing site SPMS for year 2004
Processing site STRI for year 2004
Processing site TABL for year 2004
Processing site TATE for year 2004
Processing site THCP for year 2004
Processing site TILC for year 2004
Processing site TIVA for year 2004
Processing site TMAP for year 2004
Processing site TORP for year 2004
Processing site TOST for year 2004
Processing site TRAK for year 2004
Processing site TROY for year 2004
Processing site TWMS for year 2004
Processing site UCLP for year 2004
Processing site UCSB for year 2004
Processing site USC1 for year 2004
Processing site USGC for year 2004
Processing site VDCY for year 2004
Processing site VIMT for year 2004
Processing site VNCO for year 2004
Processing site VNCX for year 2004
Processing site VNPS for year 2004
Processing site VTIS for year 2004
Processing site VYAS for year 2004
Processing site WATC for year 2004
Processing site WCHS for year 2004
Processing site WGPP for year 2004
Processing site WHC1 for year 2004
Processing site WHYT for year 2004
Processing site WIDC for year 2004
Processing site WLSN for year 2004
Processing site WMAP for year 2004
Processing site WNRA for year 2004
Processing site WOMT for year 2004
Processing site WRHS for year 2004
Processing site WWMT for year 2004
Processing site LJRN for year 2004
Processing site PMTN for year 2004
Processing site SCIA for year 2004
Processing site DDMN for year 2004
Processing site ESRW for year 2004
Processing site IVCO for year 2004
Processing site OAES for year 2004
Processing site DVNW for year 2004
Processing site IMPS for year 2004
Processing site KNOL for year 2004
Processing site LINC for year 2004
Processing site WKPK for year 2004
Processing site DSSC for year 2004
Processing site BKR1 for year 2004
Processing site BKR2 for year 2004
Processing site MRDM for year 2004
Processing site SGDM for year 2004
Processing site MTA1 for year 2004
Processing site BTDM for year 2004
Processing site BAR1 for year 2004
Processing site ANA1 for year 2004
Processing site GHRP for year 2004
Processing site P584 for year 2004
Processing site P482 for year 2004
Processing site OZST for year 2004
Processing site RSVY for year 2004
Processing site VCST for year 2004
Processing site 7ODM for year 2004
Processing site LNCO for year 2004
Processing site CCST for year 2004
Processing site AZU1 for year 2004
Processing site P483 for year 2004
Processing site P474 for year 2004
Processing site P478 for year 2004
Processing site P066 for year 2004
Processing site P480 for year 2004
Processing site P562 for year 2004
Processing site P472 for year 2004
Processing site P470 for year 2004
Processing site P577 for year 2004
Processing site P473 for year 2004
                    Timestamp  Site  ...  Precipitation_Label_approx  ffw
0  2004-01-01 00:00:00.000000  AGMT  ...                         0.0    0
1  2004-01-01 00:05:00.000003  AGMT  ...                         0.0    0
2  2004-01-01 00:09:59.999999  AGMT  ...                         0.0    0
3  2004-01-01 00:15:00.000002  AGMT  ...                         0.0    0
4  2004-01-01 00:19:59.999997  AGMT  ...                         0.0    0
5  2004-01-01 00:25:00.000000  AGMT  ...                         0.0    0
6  2004-01-01 00:30:00.000003  AGMT  ...                         0.0    0
7  2004-01-01 00:34:59.999999  AGMT  ...                         0.0    0
8  2004-01-01 00:40:00.000002  AGMT  ...                         0.0    0
9  2004-01-01 00:44:59.999998  AGMT  ...                         0.0    0

[10 rows x 16 columns]
Number of rows in result_df before saving: 26624281
Error processing year 2004: [Errno 21] Failed to open local file '/root/data/rrr/integrated_weather_dataset/data/integrated/parquet_fixed/2004.parquet'. Detail: [errno 21] Is a directory
No data processed for year 2004
Processing year 2005
Processing site 7ODM for year 2005
Processing site AGMT for year 2005
Processing site ALAM for year 2005
Processing site ALPP for year 2005
Processing site ANA1 for year 2005
Processing site AOA1 for year 2005
Processing site ARGU for year 2005
Processing site ARM1 for year 2005
Processing site ARM2 for year 2005
Processing site AVRY for year 2005
Processing site AZRY for year 2005
Processing site AZU1 for year 2005
Processing site BALD for year 2005
Processing site BAR1 for year 2005
Processing site BBDM for year 2005
Processing site BBRY for year 2005
Processing site BCWR for year 2005
Processing site BEAT for year 2005
Processing site BEMT for year 2005
Processing site BEPK for year 2005
Processing site BGIS for year 2005
Processing site BILL for year 2005
Processing site BKAP for year 2005
Processing site BKMS for year 2005
Processing site BKR1 for year 2005
Processing site BLSA for year 2005
Processing site BMHL for year 2005
Processing site BMRY for year 2005
Processing site BRAN for year 2005
Processing site BRPK for year 2005
Processing site BSRY for year 2005
Processing site BTDM for year 2005
Processing site BULL for year 2005
Processing site BUST for year 2005
Processing site BVPP for year 2005
Processing site CA99 for year 2005
Processing site CACT for year 2005
Processing site CASA for year 2005
Processing site CAT1 for year 2005
Processing site CAT2 for year 2005
Processing site CCCC for year 2005
Processing site CCCO for year 2005
Processing site CCCS for year 2005
Processing site CCST for year 2005
Processing site CDMT for year 2005
Processing site CGDM for year 2005
Processing site CHIL for year 2005
Processing site CHLO for year 2005
Processing site CHMS for year 2005
Processing site CIC1 for year 2005
Processing site CIRX for year 2005
Processing site CIT1 for year 2005
Processing site CJMS for year 2005
Processing site CLAR for year 2005
Processing site CMP9 for year 2005
Processing site CNPP for year 2005
Processing site COPR for year 2005
Processing site CORX for year 2005
Processing site COSO for year 2005
Processing site COTD for year 2005
Processing site CRAT for year 2005
Processing site CRFP for year 2005
Processing site CRHS for year 2005
Processing site CRRS for year 2005
Processing site CRU1 for year 2005
Processing site CSCI for year 2005
Processing site CSDH for year 2005
Processing site CSN1 for year 2005
Processing site CSST for year 2005
Processing site CTDM for year 2005
Processing site CTMS for year 2005
Processing site CUHS for year 2005
Processing site CVHS for year 2005
Processing site DAM3 for year 2005
Processing site DDMN for year 2005
Processing site DHLG for year 2005
Processing site DSHS for year 2005
Processing site DSSC for year 2005
Processing site DVLE for year 2005
Processing site DVLS for year 2005
Processing site DVNE for year 2005
Processing site DVPB for year 2005
Processing site DVSW for year 2005
Processing site DYER for year 2005
Processing site DYHS for year 2005
Processing site ECCO for year 2005
Processing site ECFS for year 2005
Processing site EDPP for year 2005
Processing site ELSC for year 2005
Processing site EWPP for year 2005
Processing site FMTP for year 2005
Processing site FMVT for year 2005
Processing site FVPK for year 2005
Processing site FXHS for year 2005
Processing site FZHS for year 2005
Processing site GDEC for year 2005
Processing site GHRP for year 2005
Processing site GLRS for year 2005
Processing site GMRC for year 2005
Processing site GOL2 for year 2005
Processing site GOLD for year 2005
Processing site GVRS for year 2005
Processing site HBCO for year 2005
Processing site HCMN for year 2005
Processing site HIVI for year 2005
Processing site HNPS for year 2005
Processing site HOL3 for year 2005
Processing site HOLC for year 2005
Processing site HOLP for year 2005
Processing site HOTK for year 2005
Processing site HVYS for year 2005
Processing site IID2 for year 2005
Processing site IMPS for year 2005
Processing site ISLK for year 2005
Processing site IVCO for year 2005
Processing site JNPR for year 2005
Processing site JOHN for year 2005
Processing site JPLM for year 2005
Processing site KBRC for year 2005
Processing site KNOL for year 2005
Processing site KRAC for year 2005
Processing site KYVW for year 2005
Processing site LAPC for year 2005
Processing site LASC for year 2005
Processing site LBC1 for year 2005
Processing site LBC2 for year 2005
Processing site LBCH for year 2005
Processing site LDES for year 2005
Processing site LDSW for year 2005
Processing site LEEP for year 2005
Processing site LFRS for year 2005
Processing site LINC for year 2005
Processing site LINJ for year 2005
Processing site LITT for year 2005
Processing site LJRN for year 2005
Processing site LL01 for year 2005
Processing site LLAS for year 2005
Processing site LNCO for year 2005
Processing site LNMT for year 2005
Processing site LONG for year 2005
Processing site LORS for year 2005
Processing site LPHS for year 2005
Processing site LVMS for year 2005
Processing site LVWD for year 2005
Processing site MAT2 for year 2005
Processing site MERC for year 2005
Processing site MHMS for year 2005
Processing site MINS for year 2005
Processing site MJPK for year 2005
Processing site MLFP for year 2005
Processing site MONP for year 2005
Processing site MPWD for year 2005
Processing site MRDM for year 2005
Processing site MSOB for year 2005
Processing site MTA1 for year 2005
Processing site MUSB for year 2005
Processing site MVFD for year 2005
Processing site MWTP for year 2005
Processing site NBPS for year 2005
Processing site NHRG for year 2005
Processing site NOCO for year 2005
Processing site NOPK for year 2005
Processing site NSSS for year 2005
Processing site OAES for year 2005
Processing site OEOC for year 2005
Processing site OGHS for year 2005
Processing site OPBL for year 2005
Processing site OPCL for year 2005
Processing site OPCP for year 2005
Processing site OPCX for year 2005
Processing site OPRD for year 2005
Processing site ORMT for year 2005
Processing site OVLS for year 2005
Processing site OXYC for year 2005
Processing site OZST for year 2005
Processing site P066 for year 2005
Processing site P470 for year 2005
Processing site P472 for year 2005
Processing site P473 for year 2005
Processing site P474 for year 2005
Processing site P478 for year 2005
Processing site P480 for year 2005
Processing site P482 for year 2005
Processing site P483 for year 2005
Processing site P562 for year 2005
Processing site P577 for year 2005
Processing site P584 for year 2005
Processing site PBPP for year 2005
Processing site PERL for year 2005
Processing site PHLB for year 2005
Processing site PIN1 for year 2005
Processing site PIN2 for year 2005
Processing site PKRD for year 2005
Processing site PLO3 for year 2005
Processing site PMHS for year 2005
Processing site PMOB for year 2005
Processing site PMTN for year 2005
Processing site POIN for year 2005
Processing site PPBF for year 2005
Processing site PSAP for year 2005
Processing site PSDM for year 2005
Processing site PVE3 for year 2005
Processing site PVHS for year 2005
Processing site PVRS for year 2005
Processing site QHTP for year 2005
Processing site RAMT for year 2005
Processing site RCA2 for year 2005
Processing site RDMT for year 2005
Processing site RDOM for year 2005
Processing site RELA for year 2005
Processing site REPO for year 2005
Processing site RHCL for year 2005
Processing site ROCH for year 2005
Processing site ROCK for year 2005
Processing site ROGE for year 2005
Processing site RSTP for year 2005
Processing site RSVY for year 2005
Processing site RTHS for year 2005
Processing site RYAN for year 2005
Processing site SACY for year 2005
Processing site SAWC for year 2005
Processing site SBCC for year 2005
Processing site SCIA for year 2005
Processing site SCIP for year 2005
Processing site SCMS for year 2005
Processing site SDHL for year 2005
Processing site SFDM for year 2005
Processing site SGDM for year 2005
Processing site SGHS for year 2005
Processing site SGPS for year 2005
Processing site SHOS for year 2005
Processing site SIBE for year 2005
Processing site SILK for year 2005
Processing site SIO3 for year 2005
Processing site SIO5 for year 2005
Processing site SKUL for year 2005
Processing site SLMS for year 2005
Processing site SMYC for year 2005
Processing site SNHS for year 2005
Processing site SNI1 for year 2005
Processing site SOMT for year 2005
Processing site SPK1 for year 2005
Processing site SPMS for year 2005
Processing site STRI for year 2005
Processing site TABL for year 2005
Processing site TATE for year 2005
Processing site THCP for year 2005
Processing site TIVA for year 2005
Processing site TMAP for year 2005
Processing site TORP for year 2005
Processing site TOST for year 2005
Processing site TRAK for year 2005
Processing site TROY for year 2005
Processing site TWMS for year 2005
Processing site UCLP for year 2005
Processing site USC1 for year 2005
Processing site USGC for year 2005
Processing site VCST for year 2005
Processing site VDCY for year 2005
Processing site VIMT for year 2005
Processing site VNCO for year 2005
Processing site VNCX for year 2005
Processing site VNPS for year 2005
Processing site VTIS for year 2005
Processing site VYAS for year 2005
Processing site WATC for year 2005
Processing site WCHS for year 2005
Processing site WGPP for year 2005
Processing site WHC1 for year 2005
Processing site WHYT for year 2005
Processing site WIDC for year 2005
Processing site WKPK for year 2005
Processing site WLSN for year 2005
Processing site WMAP for year 2005
Processing site WNRA for year 2005
Processing site WOMT for year 2005
Processing site WRHS for year 2005
Processing site WWMT for year 2005
Processing site BKR2 for year 2005
Processing site DVLW for year 2005
Processing site TILC for year 2005
Processing site DVSE for year 2005
Processing site UCSB for year 2005
Processing site P589 for year 2005
Processing site DVNW for year 2005
Processing site ESE2 for year 2005
Processing site P594 for year 2005
Processing site P588 for year 2005
Processing site ESRW for year 2005
Processing site P486 for year 2005
Processing site P600 for year 2005
Processing site RAAP for year 2005
Processing site DAM2 for year 2005
Processing site P476 for year 2005
Processing site P560 for year 2005
Processing site P494 for year 2005
Processing site P501 for year 2005
Processing site P506 for year 2005
Processing site P498 for year 2005
Processing site P500 for year 2005
Processing site P504 for year 2005
Processing site DSME for year 2005
Processing site P477 for year 2005
Processing site P586 for year 2005
Processing site P561 for year 2005
Processing site P484 for year 2005
Processing site P612 for year 2005
Processing site P479 for year 2005
Processing site P591 for year 2005
Processing site P511 for year 2005
Processing site P491 for year 2005
Processing site P567 for year 2005
Processing site P571 for year 2005
Processing site SHRC for year 2005
Processing site P557 for year 2005
Processing site LEMA for year 2005
Processing site P553 for year 2005
Processing site RUMP for year 2005
Processing site ASHM for year 2005
Processing site P621 for year 2005
Processing site CRAM for year 2005
Processing site VONS for year 2005
Processing site BATM for year 2005
Processing site P507 for year 2005
Processing site P495 for year 2005
Processing site P508 for year 2005
Processing site P606 for year 2005
Processing site I40A for year 2005
Processing site P622 for year 2005
Processing site P595 for year 2005
Processing site CPBN for year 2005
Processing site P626 for year 2005
Processing site P583 for year 2005
Processing site P556 for year 2005
Processing site P559 for year 2005
Processing site P502 for year 2005
Processing site P496 for year 2005
Processing site P566 for year 2005
Processing site P056 for year 2005
Processing site P565 for year 2005
Processing site P544 for year 2005
Processing site P547 for year 2005
Processing site P581 for year 2005
Processing site P563 for year 2005
Processing site P618 for year 2005
                    Timestamp  Site  ...  Precipitation_Label_approx  ffw
0  2005-01-01 00:00:00.000000  7ODM  ...                         0.0    0
1  2005-01-01 00:00:00.000000  7ODM  ...                         0.0    0
2  2005-01-01 00:00:00.000000  7ODM  ...                         0.0    0
3  2005-01-01 00:00:00.000000  7ODM  ...                         0.0    0
4  2005-01-01 00:05:00.000000  7ODM  ...                         0.0    0
5  2005-01-01 00:05:00.000000  7ODM  ...                         0.0    0
6  2005-01-01 00:10:00.000000  7ODM  ...                         0.0    0
7  2005-01-01 00:10:00.000000  7ODM  ...                         0.0    0
8  2005-01-01 00:15:00.000000  7ODM  ...                         0.0    0
9  2005-01-01 00:15:00.000000  7ODM  ...                         0.0    0

[10 rows x 16 columns]
Number of rows in result_df before saving: 30049562
Error processing year 2005: __cinit__() got an unexpected keyword argument 'write_index'
No data processed for year 2005
Processing year 2006
Processing site 7ODM for year 2006
Processing site AGMT for year 2006
Processing site ALAM for year 2006
Processing site ALPP for year 2006
Processing site ANA1 for year 2006
Processing site AOA1 for year 2006
Processing site ARGU for year 2006
Processing site ARM1 for year 2006
Processing site ARM2 for year 2006
Processing site ASHM for year 2006
Processing site AVRY for year 2006
Processing site AZRY for year 2006
Processing site AZU1 for year 2006
Processing site BALD for year 2006
Processing site BAR1 for year 2006
Processing site BATM for year 2006
Processing site BBRY for year 2006
Processing site BCWR for year 2006
Processing site BEAT for year 2006
Processing site BEPK for year 2006
Processing site BGIS for year 2006
Processing site BILL for year 2006
Processing site BKAP for year 2006
Processing site BKMS for year 2006
Processing site BKR1 for year 2006
Processing site BKR2 for year 2006
Processing site BLSA for year 2006
Processing site BMHL for year 2006
Processing site BMRY for year 2006
Processing site BRAN for year 2006
Processing site BRPK for year 2006
Processing site BSRY for year 2006
Processing site BTDM for year 2006
Processing site BUST for year 2006
Processing site BVPP for year 2006
Processing site CA99 for year 2006
Processing site CACT for year 2006
Processing site CAT1 for year 2006
Processing site CAT2 for year 2006
Processing site CCCC for year 2006
Processing site CCCO for year 2006
Processing site CCCS for year 2006
Processing site CCST for year 2006
Processing site CDMT for year 2006
Processing site CGDM for year 2006
Processing site CHIL for year 2006
Processing site CHLO for year 2006
Processing site CHMS for year 2006
Processing site CIRX for year 2006
Processing site CIT1 for year 2006
Processing site CJMS for year 2006
Processing site CMP9 for year 2006
Processing site CNPP for year 2006
Processing site COPR for year 2006
Processing site COSO for year 2006
Processing site COTD for year 2006
Processing site CPBN for year 2006
Processing site CRAM for year 2006
Processing site CRAT for year 2006
Processing site CRFP for year 2006
Processing site CRHS for year 2006
Processing site CRRS for year 2006
Processing site CRU1 for year 2006
Processing site CSCI for year 2006
Processing site CSDH for year 2006
Processing site CSN1 for year 2006
Processing site CSST for year 2006
Processing site CTDM for year 2006
Processing site CTMS for year 2006
Processing site CUHS for year 2006
Processing site CVHS for year 2006
Processing site DAM2 for year 2006
Processing site DAM3 for year 2006
Processing site DDMN for year 2006
Processing site DHLG for year 2006
Processing site DSME for year 2006
Processing site DSSC for year 2006
Processing site DVLE for year 2006
Processing site DVLW for year 2006
Processing site DVPB for year 2006
Processing site DYER for year 2006
Processing site DYHS for year 2006
Processing site ECCO for year 2006
Processing site ECFS for year 2006
Processing site EDPP for year 2006
Processing site ELSC for year 2006
Processing site ESRW for year 2006
Processing site FMTP for year 2006
Processing site FMVT for year 2006
Processing site FVPK for year 2006
Processing site FXHS for year 2006
Processing site FZHS for year 2006
Processing site GDEC for year 2006
Processing site GLRS for year 2006
Processing site GMRC for year 2006
Processing site GOLD for year 2006
Processing site GVRS for year 2006
Processing site HBCO for year 2006
Processing site HCMN for year 2006
Processing site HIVI for year 2006
Processing site HNPS for year 2006
Processing site HOL3 for year 2006
Processing site HOLP for year 2006
Processing site HOTK for year 2006
Processing site HVYS for year 2006
Processing site I40A for year 2006
Processing site IID2 for year 2006
Processing site IMPS for year 2006
Processing site ISLK for year 2006
Processing site IVCO for year 2006
Processing site JOHN for year 2006
Processing site JPLM for year 2006
Processing site KBRC for year 2006
Processing site KNOL for year 2006
Processing site KRAC for year 2006
Processing site KYVW for year 2006
Processing site LAPC for year 2006
Processing site LASC for year 2006
Processing site LBC1 for year 2006
Processing site LBC2 for year 2006
Processing site LBCH for year 2006
Processing site LDES for year 2006
Processing site LDSW for year 2006
Processing site LEEP for year 2006
Processing site LEMA for year 2006
Processing site LFRS for year 2006
Processing site LINC for year 2006
Processing site LINJ for year 2006
Processing site LITT for year 2006
Processing site LJRN for year 2006
Processing site LL01 for year 2006
Processing site LLAS for year 2006
Processing site LNCO for year 2006
Processing site LONG for year 2006
Processing site LORS for year 2006
Processing site LPHS for year 2006
Processing site LVMS for year 2006
Processing site LVWD for year 2006
Processing site MAT2 for year 2006
Processing site MERC for year 2006
Processing site MHMS for year 2006
Processing site MINS for year 2006
Processing site MJPK for year 2006
Processing site MLFP for year 2006
Processing site MONP for year 2006
Processing site MPWD for year 2006
Processing site MRDM for year 2006
Processing site MSOB for year 2006
Processing site MTA1 for year 2006
Processing site MUSB for year 2006
Processing site MVFD for year 2006
Processing site MWTP for year 2006
Processing site NBPS for year 2006
Processing site NHRG for year 2006
Processing site NOCO for year 2006
Processing site NOPK for year 2006
Processing site NSSS for year 2006
Processing site OAES for year 2006
Processing site OEOC for year 2006
Processing site OGHS for year 2006
Processing site OPBL for year 2006
Processing site OPCL for year 2006
Processing site OPCP for year 2006
Processing site OPRD for year 2006
Processing site ORMT for year 2006
Processing site OVLS for year 2006
Processing site OXYC for year 2006
Processing site OZST for year 2006
Processing site P066 for year 2006
Processing site P470 for year 2006
Processing site P472 for year 2006
Processing site P473 for year 2006
Processing site P474 for year 2006
Processing site P476 for year 2006
Processing site P477 for year 2006
Processing site P478 for year 2006
Processing site P479 for year 2006
Processing site P480 for year 2006
Processing site P482 for year 2006
Processing site P483 for year 2006
Processing site P484 for year 2006
Processing site P486 for year 2006
Processing site P491 for year 2006
Processing site P494 for year 2006
Processing site P495 for year 2006
Processing site P496 for year 2006
Processing site P498 for year 2006
Processing site P500 for year 2006
Processing site P501 for year 2006
Processing site P502 for year 2006
Processing site P504 for year 2006
Processing site P506 for year 2006
Processing site P507 for year 2006
Processing site P508 for year 2006
Processing site P544 for year 2006
Processing site P547 for year 2006
Processing site P553 for year 2006
Processing site P556 for year 2006
Processing site P557 for year 2006
Processing site P559 for year 2006
Processing site P560 for year 2006
Processing site P562 for year 2006
Processing site P563 for year 2006
Processing site P565 for year 2006
Processing site P566 for year 2006
Processing site P567 for year 2006
Processing site P571 for year 2006
Processing site P581 for year 2006
Processing site P583 for year 2006
Processing site P584 for year 2006
Processing site P586 for year 2006
Processing site P588 for year 2006
Processing site P589 for year 2006
Processing site P591 for year 2006
Processing site P594 for year 2006
Processing site P595 for year 2006
Processing site P612 for year 2006
Processing site P618 for year 2006
Processing site P621 for year 2006
Processing site P622 for year 2006
Processing site P626 for year 2006
Processing site PBPP for year 2006
Processing site PERL for year 2006
Processing site PHLB for year 2006
Processing site PIN1 for year 2006
Processing site PIN2 for year 2006
Processing site PKRD for year 2006
Processing site PLO3 for year 2006
Processing site PMHS for year 2006
Processing site PMOB for year 2006
Processing site PMTN for year 2006
Processing site POIN for year 2006
Processing site PPBF for year 2006
Processing site PSDM for year 2006
Processing site PVE3 for year 2006
Processing site PVHS for year 2006
Processing site PVRS for year 2006
Processing site QHTP for year 2006
Processing site RAAP for year 2006
Processing site RAMT for year 2006
Processing site RCA2 for year 2006
Processing site RDMT for year 2006
Processing site RDOM for year 2006
Processing site RELA for year 2006
Processing site REPO for year 2006
Processing site RHCL for year 2006
Processing site ROCK for year 2006
Processing site ROGE for year 2006
Processing site RSTP for year 2006
Processing site RTHS for year 2006
Processing site RUMP for year 2006
Processing site RYAN for year 2006
Processing site SACY for year 2006
Processing site SAWC for year 2006
Processing site SBCC for year 2006
Processing site SCIA for year 2006
Processing site SCMS for year 2006
Processing site SDHL for year 2006
Processing site SFDM for year 2006
Processing site SGDM for year 2006
Processing site SGHS for year 2006
Processing site SGPS for year 2006
Processing site SHOS for year 2006
Processing site SHRC for year 2006
Processing site SIBE for year 2006
Processing site SILK for year 2006
Processing site SIO3 for year 2006
Processing site SIO5 for year 2006
Processing site SKUL for year 2006
Processing site SLMS for year 2006
Processing site SMYC for year 2006
Processing site SNHS for year 2006
Processing site SNI1 for year 2006
Processing site SOMT for year 2006
Processing site SPK1 for year 2006
Processing site SPMS for year 2006
Processing site STRI for year 2006
Processing site TABL for year 2006
Processing site TATE for year 2006
Processing site THCP for year 2006
Processing site TILC for year 2006
Processing site TIVA for year 2006
Processing site TMAP for year 2006
Processing site TORP for year 2006
Processing site TOST for year 2006
Processing site TRAK for year 2006
Processing site TROY for year 2006
Processing site UCLP for year 2006
Processing site UCSB for year 2006
Processing site USGC for year 2006
Processing site VCST for year 2006
Processing site VDCY for year 2006
Processing site VIMT for year 2006
Processing site VNCX for year 2006
Processing site VNPS for year 2006
Processing site VONS for year 2006
Processing site VTIS for year 2006
Processing site VYAS for year 2006
Processing site WATC for year 2006
Processing site WCHS for year 2006
Processing site WGPP for year 2006
Processing site WHC1 for year 2006
Processing site WHYT for year 2006
Processing site WIDC for year 2006
Processing site WKPK for year 2006
Processing site WLSN for year 2006
Processing site WMAP for year 2006
Processing site WNRA for year 2006
Processing site WOMT for year 2006
Processing site WRHS for year 2006
Processing site WWMT for year 2006
Processing site JNPR for year 2006
Processing site P561 for year 2006
Processing site PSAP for year 2006
Processing site EWPP for year 2006
Processing site VNCO for year 2006
Processing site BBDM for year 2006
Processing site CLAR for year 2006
Processing site DVNE for year 2006
Processing site DVSE for year 2006
Processing site DVSW for year 2006
Processing site P056 for year 2006
Processing site USC1 for year 2006
Processing site BEMT for year 2006
Processing site P471 for year 2006
Processing site P499 for year 2006
Processing site P509 for year 2006
Processing site P510 for year 2006
Processing site P511 for year 2006
Processing site P606 for year 2006
Processing site BULL for year 2006
Processing site P497 for year 2006
Processing site TWMS for year 2006
Processing site P577 for year 2006
Processing site GHRP for year 2006
Processing site DSHS for year 2006
Processing site LNMT for year 2006
Processing site P600 for year 2006
Processing site ROCH for year 2006
Processing site P611 for year 2006
Processing site CBHS for year 2006
Processing site POTR for year 2006
Processing site DESC for year 2006
Processing site SKYB for year 2006
Processing site P464 for year 2006
Processing site P467 for year 2006
Processing site P505 for year 2006
Processing site P601 for year 2006
Processing site P607 for year 2006
Processing site NOPE for year 2006
Processing site REP2 for year 2006
Processing site REP3 for year 2006
Processing site REP4 for year 2006
Processing site LICE for year 2006
Processing site NEVA for year 2006
Processing site IBEX for year 2006
Processing site P599 for year 2006
Processing site P610 for year 2006
Processing site P551 for year 2006
Processing site P537 for year 2006
Processing site DVLS for year 2006
Processing site P617 for year 2006
Processing site P615 for year 2006
Processing site PHIN for year 2006
Processing site P579 for year 2006
Processing site P485 for year 2006
Processing site P543 for year 2006
Processing site SCIP for year 2006
Processing site P558 for year 2006
Processing site P572 for year 2006
Processing site VINE for year 2006
Processing site HELL for year 2006
Processing site P570 for year 2006
Processing site P554 for year 2006
Processing site P549 for year 2006
Processing site P740 for year 2006
Processing site GOL2 for year 2006
Processing site P490 for year 2006
Processing site P609 for year 2006
Processing site FSHB for year 2006
Processing site P725 for year 2006
Processing site P653 for year 2006
Processing site P742 for year 2006
Processing site P650 for year 2006
Processing site P564 for year 2006
Processing site RSVY for year 2006
Processing site RBRU for year 2006
Processing site P646 for year 2006
Processing site P649 for year 2006
Processing site P632 for year 2006
Processing site P651 for year 2006
Processing site P627 for year 2006
Processing site P643 for year 2006
Processing site P468 for year 2006
Processing site P630 for year 2006
Processing site P726 for year 2006
Processing site P642 for year 2006
Processing site P094 for year 2006
Processing site P631 for year 2006
Processing site CIC1 for year 2006
Processing site P640 for year 2006
Processing site P462 for year 2006
Processing site P639 for year 2006
Processing site P648 for year 2006
Processing site ESE2 for year 2006
Processing site P092 for year 2006
Starting data processing at 2025-01-08 00:20:54.101773
Processing year 2004
Processing site AGMT for year 2004
Processing site ALAM for year 2004
Processing site ALPP for year 2004
Processing site AOA1 for year 2004
Processing site ARGU for year 2004
Processing site ARM1 for year 2004
Processing site ARM2 for year 2004
Processing site AVRY for year 2004
Processing site AZRY for year 2004
Processing site BALD for year 2004
Processing site BBDM for year 2004
Processing site BBRY for year 2004
Processing site BCWR for year 2004
Processing site BEAT for year 2004
Processing site BEMT for year 2004
Processing site BEPK for year 2004
Processing site BGIS for year 2004
Processing site BILL for year 2004
Processing site BKAP for year 2004
Processing site BKMS for year 2004
Processing site BLSA for year 2004
Processing site BMHL for year 2004
Processing site BMRY for year 2004
Processing site BRAN for year 2004
Processing site BRPK for year 2004
Processing site BSRY for year 2004
Processing site BULL for year 2004
Processing site BUST for year 2004
Processing site BVPP for year 2004
Processing site CA99 for year 2004
Processing site CACT for year 2004
Processing site CASA for year 2004
Processing site CAT1 for year 2004
Processing site CAT2 for year 2004
Processing site CBHS for year 2004
Processing site CCCC for year 2004
Processing site CCCO for year 2004
Processing site CCCS for year 2004
Processing site CDMT for year 2004
Processing site CGDM for year 2004
Processing site CHIL for year 2004
Processing site CHLO for year 2004
Processing site CHMS for year 2004
Processing site CIC1 for year 2004
Processing site CIRX for year 2004
Processing site CIT1 for year 2004
Processing site CJMS for year 2004
Processing site CLAR for year 2004
Processing site CMP9 for year 2004
Processing site CNPP for year 2004
Processing site COPR for year 2004
Processing site CORX for year 2004
Processing site COSO for year 2004
Processing site COTD for year 2004
Processing site CRAT for year 2004
Processing site CRFP for year 2004
Processing site CRHS for year 2004
Processing site CRRS for year 2004
Processing site CRU1 for year 2004
Processing site CSCI for year 2004
Processing site CSDH for year 2004
Processing site CSN1 for year 2004
Processing site CSST for year 2004
Processing site CTDM for year 2004
Processing site CTMS for year 2004
Processing site CUHS for year 2004
Processing site CVHS for year 2004
Processing site DAM2 for year 2004
Processing site DAM3 for year 2004
Processing site DHLG for year 2004
Processing site DSHS for year 2004
Processing site DVLE for year 2004
Processing site DVLS for year 2004
Processing site DVLW for year 2004
Processing site DVNE for year 2004
Processing site DVPB for year 2004
Processing site DVSE for year 2004
Processing site DVSW for year 2004
Processing site DYER for year 2004
Processing site DYHS for year 2004
Processing site ECCO for year 2004
Processing site ECFS for year 2004
Processing site EDPP for year 2004
Processing site ELSC for year 2004
Processing site ESE2 for year 2004
Processing site EWPP for year 2004
Processing site FMTP for year 2004
Processing site FMVT for year 2004
Processing site FVPK for year 2004
Processing site FXHS for year 2004
Processing site FZHS for year 2004
Processing site GDEC for year 2004
Processing site GLRS for year 2004
Processing site GMRC for year 2004
Processing site GOL2 for year 2004
Processing site GOLD for year 2004
Processing site GVRS for year 2004
Processing site HBCO for year 2004
Processing site HCMN for year 2004
Processing site HIVI for year 2004
Processing site HNPS for year 2004
Processing site HOL3 for year 2004
Processing site HOLC for year 2004
Processing site HOLP for year 2004
Processing site HOTK for year 2004
Processing site HVYS for year 2004
Processing site IID2 for year 2004
Processing site ISLK for year 2004
Processing site JNPR for year 2004
Processing site JOHN for year 2004
Processing site JPLM for year 2004
Processing site KBRC for year 2004
Processing site KRAC for year 2004
Processing site KYVW for year 2004
Processing site LAPC for year 2004
Processing site LASC for year 2004
Processing site LBC1 for year 2004
Processing site LBC2 for year 2004
Processing site LBCH for year 2004
Processing site LDES for year 2004
Processing site LDSW for year 2004
Processing site LEEP for year 2004
Processing site LFRS for year 2004
Processing site LINJ for year 2004
Processing site LITT for year 2004
Processing site LL01 for year 2004
Processing site LLAS for year 2004
Processing site LNMT for year 2004
Processing site LONG for year 2004
Processing site LORS for year 2004
Processing site LPHS for year 2004
Processing site LVMS for year 2004
Processing site LVWD for year 2004
Processing site MAT2 for year 2004
Processing site MERC for year 2004
Processing site MHMS for year 2004
Processing site MINS for year 2004
Processing site MJPK for year 2004
Processing site MLFP for year 2004
Processing site MONP for year 2004
Processing site MPWD for year 2004
Processing site MSOB for year 2004
Processing site MUSB for year 2004
Processing site MVFD for year 2004
Processing site MWTP for year 2004
Processing site NBPS for year 2004
Processing site NHRG for year 2004
Processing site NOCO for year 2004
Processing site NOPK for year 2004
Processing site NSSS for year 2004
Processing site OEOC for year 2004
Processing site OGHS for year 2004
Processing site OPBL for year 2004
Processing site OPCL for year 2004
Processing site OPCP for year 2004
Processing site OPCX for year 2004
Processing site OPRD for year 2004
Processing site ORMT for year 2004
Processing site OVLS for year 2004
Processing site OXYC for year 2004
Processing site PBPP for year 2004
Processing site PERL for year 2004
Processing site PHLB for year 2004
Processing site PIN1 for year 2004
Processing site PIN2 for year 2004
Processing site PKRD for year 2004
Processing site PLO3 for year 2004
Processing site PMHS for year 2004
Processing site PMOB for year 2004
Processing site POIN for year 2004
Processing site PPBF for year 2004
Processing site PSAP for year 2004
Processing site PSDM for year 2004
Processing site PVE3 for year 2004
Processing site PVHS for year 2004
Processing site PVRS for year 2004
Processing site QHTP for year 2004
Processing site RAMT for year 2004
Processing site RCA2 for year 2004
Processing site RDMT for year 2004
Processing site RDOM for year 2004
Processing site RELA for year 2004
Processing site REPO for year 2004
Processing site RHCL for year 2004
Processing site ROCH for year 2004
Processing site ROCK for year 2004
Processing site ROGE for year 2004
Processing site RSTP for year 2004
Processing site RTHS for year 2004
Processing site RYAN for year 2004
Processing site SACY for year 2004
Processing site SAWC for year 2004
Processing site SBCC for year 2004
Processing site SCIP for year 2004
Processing site SCMS for year 2004
Processing site SDHL for year 2004
Processing site SFDM for year 2004
Processing site SGHS for year 2004
Processing site SGPS for year 2004
Processing site SHOS for year 2004
Processing site SIBE for year 2004
Processing site SILK for year 2004
Processing site SIO3 for year 2004
Processing site SIO5 for year 2004
Processing site SKUL for year 2004
Processing site SLMS for year 2004
Processing site SMYC for year 2004
Processing site SNHS for year 2004
Processing site SNI1 for year 2004
Processing site SOMT for year 2004
Processing site SPK1 for year 2004
Processing site SPMS for year 2004
Processing site STRI for year 2004
Processing site TABL for year 2004
Processing site TATE for year 2004
Processing site THCP for year 2004
Processing site TILC for year 2004
Processing site TIVA for year 2004
Processing site TMAP for year 2004
Processing site TORP for year 2004
Processing site TOST for year 2004
Processing site TRAK for year 2004
Processing site TROY for year 2004
Processing site TWMS for year 2004
Processing site UCLP for year 2004
Processing site UCSB for year 2004
Processing site USC1 for year 2004
Processing site USGC for year 2004
Processing site VDCY for year 2004
Processing site VIMT for year 2004
Processing site VNCO for year 2004
Processing site VNCX for year 2004
Processing site VNPS for year 2004
Processing site VTIS for year 2004
Processing site VYAS for year 2004
Processing site WATC for year 2004
Processing site WCHS for year 2004
Processing site WGPP for year 2004
Processing site WHC1 for year 2004
Processing site WHYT for year 2004
Processing site WIDC for year 2004
Processing site WLSN for year 2004
Processing site WMAP for year 2004
Processing site WNRA for year 2004
Processing site WOMT for year 2004
Processing site WRHS for year 2004
Processing site WWMT for year 2004
Processing site LJRN for year 2004
Processing site PMTN for year 2004
Processing site SCIA for year 2004
Processing site DDMN for year 2004
Processing site ESRW for year 2004
Processing site IVCO for year 2004
Processing site OAES for year 2004
Processing site DVNW for year 2004
Processing site IMPS for year 2004
Processing site KNOL for year 2004
Processing site LINC for year 2004
Processing site WKPK for year 2004
Processing site DSSC for year 2004
Processing site BKR1 for year 2004
Processing site BKR2 for year 2004
Processing site MRDM for year 2004
Processing site SGDM for year 2004
Processing site MTA1 for year 2004
Processing site BTDM for year 2004
Processing site BAR1 for year 2004
Processing site ANA1 for year 2004
Processing site GHRP for year 2004
Processing site P584 for year 2004
Processing site P482 for year 2004
Processing site OZST for year 2004
Processing site RSVY for year 2004
Processing site VCST for year 2004
Processing site 7ODM for year 2004
Processing site LNCO for year 2004
Processing site CCST for year 2004
Processing site AZU1 for year 2004
Processing site P483 for year 2004
Processing site P474 for year 2004
Processing site P478 for year 2004
Processing site P066 for year 2004
Processing site P480 for year 2004
Processing site P562 for year 2004
Processing site P472 for year 2004
Processing site P470 for year 2004
Processing site P577 for year 2004
Processing site P473 for year 2004
                    Timestamp  Site  ...  Precipitation_Label_approx  ffw
0  2004-01-01 00:00:00.000000  AGMT  ...                         0.0    0
1  2004-01-01 00:05:00.000003  AGMT  ...                         0.0    0
2  2004-01-01 00:09:59.999999  AGMT  ...                         0.0    0
3  2004-01-01 00:15:00.000002  AGMT  ...                         0.0    0
4  2004-01-01 00:19:59.999997  AGMT  ...                         0.0    0
5  2004-01-01 00:25:00.000000  AGMT  ...                         0.0    0
6  2004-01-01 00:30:00.000003  AGMT  ...                         0.0    0
7  2004-01-01 00:34:59.999999  AGMT  ...                         0.0    0
8  2004-01-01 00:40:00.000002  AGMT  ...                         0.0    0
9  2004-01-01 00:44:59.999998  AGMT  ...                         0.0    0

[10 rows x 16 columns]
Number of rows in result_df before saving: 26624281
Error processing year 2004: __cinit__() got an unexpected keyword argument 'compute'
No data processed for year 2004
Processing year 2005
Processing site 7ODM for year 2005
Processing site AGMT for year 2005
Processing site ALAM for year 2005
Processing site ALPP for year 2005
Processing site ANA1 for year 2005
Processing site AOA1 for year 2005
Processing site ARGU for year 2005
Processing site ARM1 for year 2005
Processing site ARM2 for year 2005
Processing site AVRY for year 2005
Processing site AZRY for year 2005
Processing site AZU1 for year 2005
Processing site BALD for year 2005
Processing site BAR1 for year 2005
Processing site BBDM for year 2005
Processing site BBRY for year 2005
Processing site BCWR for year 2005
Processing site BEAT for year 2005
Processing site BEMT for year 2005
Processing site BEPK for year 2005
Processing site BGIS for year 2005
Processing site BILL for year 2005
Processing site BKAP for year 2005
Processing site BKMS for year 2005
Processing site BKR1 for year 2005
Processing site BLSA for year 2005
Processing site BMHL for year 2005
Processing site BMRY for year 2005
Processing site BRAN for year 2005
Processing site BRPK for year 2005
Processing site BSRY for year 2005
Processing site BTDM for year 2005
Processing site BULL for year 2005
Processing site BUST for year 2005
Processing site BVPP for year 2005
Processing site CA99 for year 2005
Processing site CACT for year 2005
Processing site CASA for year 2005
Processing site CAT1 for year 2005
Processing site CAT2 for year 2005
Processing site CCCC for year 2005
Processing site CCCO for year 2005
Processing site CCCS for year 2005
Processing site CCST for year 2005
Processing site CDMT for year 2005
Processing site CGDM for year 2005
Processing site CHIL for year 2005
Processing site CHLO for year 2005
Processing site CHMS for year 2005
Processing site CIC1 for year 2005
Processing site CIRX for year 2005
Processing site CIT1 for year 2005
Processing site CJMS for year 2005
Processing site CLAR for year 2005
Processing site CMP9 for year 2005
Processing site CNPP for year 2005
Processing site COPR for year 2005
Processing site CORX for year 2005
Processing site COSO for year 2005
Processing site COTD for year 2005
Processing site CRAT for year 2005
Processing site CRFP for year 2005
Processing site CRHS for year 2005
Processing site CRRS for year 2005
Processing site CRU1 for year 2005
Processing site CSCI for year 2005
Processing site CSDH for year 2005
Processing site CSN1 for year 2005
Processing site CSST for year 2005
Processing site CTDM for year 2005
Processing site CTMS for year 2005
Processing site CUHS for year 2005
Processing site CVHS for year 2005
Processing site DAM3 for year 2005
Processing site DDMN for year 2005
Processing site DHLG for year 2005
Processing site DSHS for year 2005
Processing site DSSC for year 2005
Processing site DVLE for year 2005
Processing site DVLS for year 2005
Processing site DVNE for year 2005
Processing site DVPB for year 2005
Processing site DVSW for year 2005
Processing site DYER for year 2005
Processing site DYHS for year 2005
Processing site ECCO for year 2005
Processing site ECFS for year 2005
Processing site EDPP for year 2005
Processing site ELSC for year 2005
Starting data processing at 2025-01-08 00:25:31.108984
Processing year 2004
Processing site AGMT for year 2004
Processing site ALAM for year 2004
Processing site ALPP for year 2004
Processing site AOA1 for year 2004
Processing site ARGU for year 2004
Processing site ARM1 for year 2004
Processing site ARM2 for year 2004
Processing site AVRY for year 2004
Processing site AZRY for year 2004
Processing site BALD for year 2004
Processing site BBDM for year 2004
Processing site BBRY for year 2004
Processing site BCWR for year 2004
Processing site BEAT for year 2004
Processing site BEMT for year 2004
Processing site BEPK for year 2004
Processing site BGIS for year 2004
Processing site BILL for year 2004
Processing site BKAP for year 2004
Processing site BKMS for year 2004
Processing site BLSA for year 2004
Processing site BMHL for year 2004
Processing site BMRY for year 2004
Processing site BRAN for year 2004
Processing site BRPK for year 2004
Processing site BSRY for year 2004
Processing site BULL for year 2004
Processing site BUST for year 2004
Processing site BVPP for year 2004
Processing site CA99 for year 2004
Processing site CACT for year 2004
Processing site CASA for year 2004
Processing site CAT1 for year 2004
Processing site CAT2 for year 2004
Processing site CBHS for year 2004
Processing site CCCC for year 2004
Processing site CCCO for year 2004
Processing site CCCS for year 2004
Processing site CDMT for year 2004
Processing site CGDM for year 2004
Processing site CHIL for year 2004
Processing site CHLO for year 2004
Processing site CHMS for year 2004
Processing site CIC1 for year 2004
Processing site CIRX for year 2004
Processing site CIT1 for year 2004
Processing site CJMS for year 2004
Processing site CLAR for year 2004
Processing site CMP9 for year 2004
Processing site CNPP for year 2004
Processing site COPR for year 2004
Processing site CORX for year 2004
Processing site COSO for year 2004
Processing site COTD for year 2004
Processing site CRAT for year 2004
Processing site CRFP for year 2004
Processing site CRHS for year 2004
Processing site CRRS for year 2004
Processing site CRU1 for year 2004
Processing site CSCI for year 2004
Processing site CSDH for year 2004
Processing site CSN1 for year 2004
Processing site CSST for year 2004
Processing site CTDM for year 2004
Processing site CTMS for year 2004
Processing site CUHS for year 2004
Processing site CVHS for year 2004
Processing site DAM2 for year 2004
Processing site DAM3 for year 2004
Processing site DHLG for year 2004
Processing site DSHS for year 2004
Processing site DVLE for year 2004
Processing site DVLS for year 2004
Processing site DVLW for year 2004
Processing site DVNE for year 2004
Processing site DVPB for year 2004
Processing site DVSE for year 2004
Processing site DVSW for year 2004
Processing site DYER for year 2004
Processing site DYHS for year 2004
Processing site ECCO for year 2004
Processing site ECFS for year 2004
Processing site EDPP for year 2004
Processing site ELSC for year 2004
Processing site ESE2 for year 2004
Processing site EWPP for year 2004
Processing site FMTP for year 2004
Processing site FMVT for year 2004
Processing site FVPK for year 2004
Processing site FXHS for year 2004
Processing site FZHS for year 2004
Processing site GDEC for year 2004
Processing site GLRS for year 2004
Processing site GMRC for year 2004
Processing site GOL2 for year 2004
Processing site GOLD for year 2004
Processing site GVRS for year 2004
Processing site HBCO for year 2004
Processing site HCMN for year 2004
Processing site HIVI for year 2004
Processing site HNPS for year 2004
Processing site HOL3 for year 2004
Processing site HOLC for year 2004
Processing site HOLP for year 2004
Processing site HOTK for year 2004
Processing site HVYS for year 2004
Processing site IID2 for year 2004
Processing site ISLK for year 2004
Processing site JNPR for year 2004
Processing site JOHN for year 2004
Processing site JPLM for year 2004
Processing site KBRC for year 2004
Processing site KRAC for year 2004
Processing site KYVW for year 2004
Processing site LAPC for year 2004
Processing site LASC for year 2004
Processing site LBC1 for year 2004
Processing site LBC2 for year 2004
Processing site LBCH for year 2004
Processing site LDES for year 2004
Processing site LDSW for year 2004
Processing site LEEP for year 2004
Processing site LFRS for year 2004
Processing site LINJ for year 2004
Processing site LITT for year 2004
Processing site LL01 for year 2004
Processing site LLAS for year 2004
Processing site LNMT for year 2004
Processing site LONG for year 2004
Processing site LORS for year 2004
Processing site LPHS for year 2004
Processing site LVMS for year 2004
Processing site LVWD for year 2004
Processing site MAT2 for year 2004
Processing site MERC for year 2004
Processing site MHMS for year 2004
Processing site MINS for year 2004
Processing site MJPK for year 2004
Processing site MLFP for year 2004
Processing site MONP for year 2004
Processing site MPWD for year 2004
Processing site MSOB for year 2004
Processing site MUSB for year 2004
Processing site MVFD for year 2004
Processing site MWTP for year 2004
Processing site NBPS for year 2004
Processing site NHRG for year 2004
Processing site NOCO for year 2004
Processing site NOPK for year 2004
Processing site NSSS for year 2004
Processing site OEOC for year 2004
Processing site OGHS for year 2004
Processing site OPBL for year 2004
Processing site OPCL for year 2004
Processing site OPCP for year 2004
Processing site OPCX for year 2004
Processing site OPRD for year 2004
Processing site ORMT for year 2004
Processing site OVLS for year 2004
Processing site OXYC for year 2004
Processing site PBPP for year 2004
Processing site PERL for year 2004
Processing site PHLB for year 2004
Processing site PIN1 for year 2004
Processing site PIN2 for year 2004
Processing site PKRD for year 2004
Processing site PLO3 for year 2004
Processing site PMHS for year 2004
Processing site PMOB for year 2004
Processing site POIN for year 2004
Processing site PPBF for year 2004
Processing site PSAP for year 2004
Processing site PSDM for year 2004
Processing site PVE3 for year 2004
Processing site PVHS for year 2004
Processing site PVRS for year 2004
Processing site QHTP for year 2004
Processing site RAMT for year 2004
Processing site RCA2 for year 2004
Processing site RDMT for year 2004
Processing site RDOM for year 2004
Processing site RELA for year 2004
Processing site REPO for year 2004
Processing site RHCL for year 2004
Processing site ROCH for year 2004
Processing site ROCK for year 2004
Processing site ROGE for year 2004
Processing site RSTP for year 2004
Processing site RTHS for year 2004
Processing site RYAN for year 2004
Processing site SACY for year 2004
Processing site SAWC for year 2004
Processing site SBCC for year 2004
Processing site SCIP for year 2004
Processing site SCMS for year 2004
Processing site SDHL for year 2004
Processing site SFDM for year 2004
Processing site SGHS for year 2004
Processing site SGPS for year 2004
Processing site SHOS for year 2004
Processing site SIBE for year 2004
Processing site SILK for year 2004
Processing site SIO3 for year 2004
Processing site SIO5 for year 2004
Processing site SKUL for year 2004
Processing site SLMS for year 2004
Processing site SMYC for year 2004
Processing site SNHS for year 2004
Processing site SNI1 for year 2004
Processing site SOMT for year 2004
Processing site SPK1 for year 2004
Processing site SPMS for year 2004
Processing site STRI for year 2004
Processing site TABL for year 2004
Processing site TATE for year 2004
Processing site THCP for year 2004
Processing site TILC for year 2004
Processing site TIVA for year 2004
Processing site TMAP for year 2004
Processing site TORP for year 2004
Processing site TOST for year 2004
Processing site TRAK for year 2004
Processing site TROY for year 2004
Processing site TWMS for year 2004
Processing site UCLP for year 2004
Processing site UCSB for year 2004
Processing site USC1 for year 2004
Processing site USGC for year 2004
Processing site VDCY for year 2004
Processing site VIMT for year 2004
Processing site VNCO for year 2004
Processing site VNCX for year 2004
Processing site VNPS for year 2004
Processing site VTIS for year 2004
Processing site VYAS for year 2004
Processing site WATC for year 2004
Processing site WCHS for year 2004
Processing site WGPP for year 2004
Processing site WHC1 for year 2004
Processing site WHYT for year 2004
Processing site WIDC for year 2004
Processing site WLSN for year 2004
Processing site WMAP for year 2004
Processing site WNRA for year 2004
Processing site WOMT for year 2004
Processing site WRHS for year 2004
Processing site WWMT for year 2004
Processing site LJRN for year 2004
Processing site PMTN for year 2004
Processing site SCIA for year 2004
Processing site DDMN for year 2004
Processing site ESRW for year 2004
Processing site IVCO for year 2004
Processing site OAES for year 2004
Processing site DVNW for year 2004
Processing site IMPS for year 2004
Processing site KNOL for year 2004
Processing site LINC for year 2004
Processing site WKPK for year 2004
Processing site DSSC for year 2004
Processing site BKR1 for year 2004
Processing site BKR2 for year 2004
Processing site MRDM for year 2004
Processing site SGDM for year 2004
Processing site MTA1 for year 2004
Processing site BTDM for year 2004
Processing site BAR1 for year 2004
Processing site ANA1 for year 2004
Processing site GHRP for year 2004
Processing site P584 for year 2004
Processing site P482 for year 2004
Processing site OZST for year 2004
Processing site RSVY for year 2004
Processing site VCST for year 2004
Processing site 7ODM for year 2004
Processing site LNCO for year 2004
Processing site CCST for year 2004
Processing site AZU1 for year 2004
Processing site P483 for year 2004
Processing site P474 for year 2004
Processing site P478 for year 2004
Processing site P066 for year 2004
Processing site P480 for year 2004
Processing site P562 for year 2004
Processing site P472 for year 2004
Processing site P470 for year 2004
Processing site P577 for year 2004
Processing site P473 for year 2004
                    Timestamp  Site  ...  Precipitation_Label_approx  ffw
0  2004-01-01 00:00:00.000000  AGMT  ...                         0.0    0
1  2004-01-01 00:05:00.000003  AGMT  ...                         0.0    0
2  2004-01-01 00:09:59.999999  AGMT  ...                         0.0    0
3  2004-01-01 00:15:00.000002  AGMT  ...                         0.0    0
4  2004-01-01 00:19:59.999997  AGMT  ...                         0.0    0
5  2004-01-01 00:25:00.000000  AGMT  ...                         0.0    0
6  2004-01-01 00:30:00.000003  AGMT  ...                         0.0    0
7  2004-01-01 00:34:59.999999  AGMT  ...                         0.0    0
8  2004-01-01 00:40:00.000002  AGMT  ...                         0.0    0
9  2004-01-01 00:44:59.999998  AGMT  ...                         0.0    0

[10 rows x 16 columns]
Number of rows in result_df before saving: 26624281
Successfully processed and saved data for year 2004
Successfully processed year 2004
Processing year 2005
Processing site 7ODM for year 2005
Processing site AGMT for year 2005
Processing site ALAM for year 2005
Processing site ALPP for year 2005
Processing site ANA1 for year 2005
Processing site AOA1 for year 2005
Processing site ARGU for year 2005
Processing site ARM1 for year 2005
Processing site ARM2 for year 2005
Processing site AVRY for year 2005
Processing site AZRY for year 2005
Processing site AZU1 for year 2005
Processing site BALD for year 2005
Processing site BAR1 for year 2005
Processing site BBDM for year 2005
Processing site BBRY for year 2005
Processing site BCWR for year 2005
Processing site BEAT for year 2005
Processing site BEMT for year 2005
Processing site BEPK for year 2005
Processing site BGIS for year 2005
Processing site BILL for year 2005
Processing site BKAP for year 2005
Processing site BKMS for year 2005
Processing site BKR1 for year 2005
Processing site BLSA for year 2005
Processing site BMHL for year 2005
Processing site BMRY for year 2005
Processing site BRAN for year 2005
Processing site BRPK for year 2005
Processing site BSRY for year 2005
Processing site BTDM for year 2005
Processing site BULL for year 2005
Processing site BUST for year 2005
Processing site BVPP for year 2005
Processing site CA99 for year 2005
Processing site CACT for year 2005
Processing site CASA for year 2005
Processing site CAT1 for year 2005
Processing site CAT2 for year 2005
Processing site CCCC for year 2005
Processing site CCCO for year 2005
Processing site CCCS for year 2005
Processing site CCST for year 2005
Processing site CDMT for year 2005
Processing site CGDM for year 2005
Processing site CHIL for year 2005
Processing site CHLO for year 2005
Processing site CHMS for year 2005
Processing site CIC1 for year 2005
Processing site CIRX for year 2005
Processing site CIT1 for year 2005
Processing site CJMS for year 2005
Processing site CLAR for year 2005
Processing site CMP9 for year 2005
Processing site CNPP for year 2005
Processing site COPR for year 2005
Processing site CORX for year 2005
Processing site COSO for year 2005
Processing site COTD for year 2005
Processing site CRAT for year 2005
Processing site CRFP for year 2005
Processing site CRHS for year 2005
Processing site CRRS for year 2005
Processing site CRU1 for year 2005
Processing site CSCI for year 2005
Processing site CSDH for year 2005
Processing site CSN1 for year 2005
Processing site CSST for year 2005
Processing site CTDM for year 2005
Processing site CTMS for year 2005
Processing site CUHS for year 2005
Processing site CVHS for year 2005
Processing site DAM3 for year 2005
Processing site DDMN for year 2005
Processing site DHLG for year 2005
Processing site DSHS for year 2005
Processing site DSSC for year 2005
Processing site DVLE for year 2005
Processing site DVLS for year 2005
Processing site DVNE for year 2005
Processing site DVPB for year 2005
Processing site DVSW for year 2005
Processing site DYER for year 2005
Processing site DYHS for year 2005
Processing site ECCO for year 2005
Processing site ECFS for year 2005
Processing site EDPP for year 2005
Processing site ELSC for year 2005
Processing site EWPP for year 2005
Processing site FMTP for year 2005
Processing site FMVT for year 2005
Processing site FVPK for year 2005
Processing site FXHS for year 2005
Processing site FZHS for year 2005
Processing site GDEC for year 2005
Processing site GHRP for year 2005
Processing site GLRS for year 2005
Processing site GMRC for year 2005
Processing site GOL2 for year 2005
Processing site GOLD for year 2005
Processing site GVRS for year 2005
Processing site HBCO for year 2005
Processing site HCMN for year 2005
Processing site HIVI for year 2005
Processing site HNPS for year 2005
Processing site HOL3 for year 2005
Processing site HOLC for year 2005
Processing site HOLP for year 2005
Processing site HOTK for year 2005
Processing site HVYS for year 2005
Processing site IID2 for year 2005
Processing site IMPS for year 2005
Processing site ISLK for year 2005
Processing site IVCO for year 2005
Processing site JNPR for year 2005
Processing site JOHN for year 2005
Processing site JPLM for year 2005
Processing site KBRC for year 2005
Processing site KNOL for year 2005
Processing site KRAC for year 2005
Processing site KYVW for year 2005
Processing site LAPC for year 2005
Processing site LASC for year 2005
Processing site LBC1 for year 2005
Processing site LBC2 for year 2005
Processing site LBCH for year 2005
Processing site LDES for year 2005
Processing site LDSW for year 2005
Processing site LEEP for year 2005
Processing site LFRS for year 2005
Processing site LINC for year 2005
Processing site LINJ for year 2005
Processing site LITT for year 2005
Processing site LJRN for year 2005
Processing site LL01 for year 2005
Processing site LLAS for year 2005
Processing site LNCO for year 2005
Processing site LNMT for year 2005
Processing site LONG for year 2005
Processing site LORS for year 2005
Processing site LPHS for year 2005
Processing site LVMS for year 2005
Processing site LVWD for year 2005
Processing site MAT2 for year 2005
Processing site MERC for year 2005
Processing site MHMS for year 2005
Processing site MINS for year 2005
Processing site MJPK for year 2005
Processing site MLFP for year 2005
Processing site MONP for year 2005
Processing site MPWD for year 2005
Processing site MRDM for year 2005
Processing site MSOB for year 2005
Processing site MTA1 for year 2005
Processing site MUSB for year 2005
Processing site MVFD for year 2005
Processing site MWTP for year 2005
Processing site NBPS for year 2005
Processing site NHRG for year 2005
Processing site NOCO for year 2005
Processing site NOPK for year 2005
Processing site NSSS for year 2005
Processing site OAES for year 2005
Processing site OEOC for year 2005
Processing site OGHS for year 2005
Processing site OPBL for year 2005
Processing site OPCL for year 2005
Processing site OPCP for year 2005
Processing site OPCX for year 2005
Processing site OPRD for year 2005
Processing site ORMT for year 2005
Processing site OVLS for year 2005
Processing site OXYC for year 2005
Processing site OZST for year 2005
Processing site P066 for year 2005
Processing site P470 for year 2005
Processing site P472 for year 2005
Processing site P473 for year 2005
Processing site P474 for year 2005
Processing site P478 for year 2005
Processing site P480 for year 2005
Processing site P482 for year 2005
Processing site P483 for year 2005
Processing site P562 for year 2005
Processing site P577 for year 2005
Processing site P584 for year 2005
Processing site PBPP for year 2005
Processing site PERL for year 2005
Processing site PHLB for year 2005
Processing site PIN1 for year 2005
Processing site PIN2 for year 2005
Processing site PKRD for year 2005
Processing site PLO3 for year 2005
Processing site PMHS for year 2005
Processing site PMOB for year 2005
Processing site PMTN for year 2005
Processing site POIN for year 2005
Processing site PPBF for year 2005
Processing site PSAP for year 2005
Processing site PSDM for year 2005
Processing site PVE3 for year 2005
Processing site PVHS for year 2005
Processing site PVRS for year 2005
Processing site QHTP for year 2005
Processing site RAMT for year 2005
Processing site RCA2 for year 2005
Processing site RDMT for year 2005
Processing site RDOM for year 2005
Processing site RELA for year 2005
Processing site REPO for year 2005
Processing site RHCL for year 2005
Processing site ROCH for year 2005
Processing site ROCK for year 2005
Processing site ROGE for year 2005
Processing site RSTP for year 2005
Processing site RSVY for year 2005
Processing site RTHS for year 2005
Processing site RYAN for year 2005
Processing site SACY for year 2005
Processing site SAWC for year 2005
Processing site SBCC for year 2005
Processing site SCIA for year 2005
Processing site SCIP for year 2005
Processing site SCMS for year 2005
Processing site SDHL for year 2005
Processing site SFDM for year 2005
Processing site SGDM for year 2005
Processing site SGHS for year 2005
Processing site SGPS for year 2005
Processing site SHOS for year 2005
Processing site SIBE for year 2005
Processing site SILK for year 2005
Processing site SIO3 for year 2005
Processing site SIO5 for year 2005
Processing site SKUL for year 2005
Processing site SLMS for year 2005
Processing site SMYC for year 2005
Processing site SNHS for year 2005
Processing site SNI1 for year 2005
Processing site SOMT for year 2005
Processing site SPK1 for year 2005
Processing site SPMS for year 2005
Processing site STRI for year 2005
Processing site TABL for year 2005
Processing site TATE for year 2005
Processing site THCP for year 2005
Processing site TIVA for year 2005
Processing site TMAP for year 2005
Processing site TORP for year 2005
Processing site TOST for year 2005
Processing site TRAK for year 2005
Processing site TROY for year 2005
Processing site TWMS for year 2005
Processing site UCLP for year 2005
Processing site USC1 for year 2005
Processing site USGC for year 2005
Processing site VCST for year 2005
Processing site VDCY for year 2005
Processing site VIMT for year 2005
Processing site VNCO for year 2005
Processing site VNCX for year 2005
Processing site VNPS for year 2005
Processing site VTIS for year 2005
Processing site VYAS for year 2005
Processing site WATC for year 2005
Processing site WCHS for year 2005
Processing site WGPP for year 2005
Processing site WHC1 for year 2005
Processing site WHYT for year 2005
Processing site WIDC for year 2005
Processing site WKPK for year 2005
Processing site WLSN for year 2005
Processing site WMAP for year 2005
Processing site WNRA for year 2005
Processing site WOMT for year 2005
Processing site WRHS for year 2005
Processing site WWMT for year 2005
Processing site BKR2 for year 2005
Processing site DVLW for year 2005
Processing site TILC for year 2005
Processing site DVSE for year 2005
Processing site UCSB for year 2005
Processing site P589 for year 2005
Processing site DVNW for year 2005
Processing site ESE2 for year 2005
Processing site P594 for year 2005
Processing site P588 for year 2005
Processing site ESRW for year 2005
Processing site P486 for year 2005
Processing site P600 for year 2005
Processing site RAAP for year 2005
Processing site DAM2 for year 2005
Processing site P476 for year 2005
Processing site P560 for year 2005
Processing site P494 for year 2005
Processing site P501 for year 2005
Processing site P506 for year 2005
Processing site P498 for year 2005
Processing site P500 for year 2005
Processing site P504 for year 2005
Processing site DSME for year 2005
Processing site P477 for year 2005
Processing site P586 for year 2005
Processing site P561 for year 2005
Processing site P484 for year 2005
Processing site P612 for year 2005
Processing site P479 for year 2005
Processing site P591 for year 2005
Processing site P511 for year 2005
Processing site P491 for year 2005
Processing site P567 for year 2005
Processing site P571 for year 2005
Processing site SHRC for year 2005
Processing site P557 for year 2005
Processing site LEMA for year 2005
Processing site P553 for year 2005
Processing site RUMP for year 2005
Processing site ASHM for year 2005
Processing site P621 for year 2005
Processing site CRAM for year 2005
Processing site VONS for year 2005
Processing site BATM for year 2005
Processing site P507 for year 2005
Processing site P495 for year 2005
Processing site P508 for year 2005
Processing site P606 for year 2005
Processing site I40A for year 2005
Processing site P622 for year 2005
Processing site P595 for year 2005
Processing site CPBN for year 2005
Processing site P626 for year 2005
Processing site P583 for year 2005
Processing site P556 for year 2005
Processing site P559 for year 2005
Processing site P502 for year 2005
Processing site P496 for year 2005
Processing site P566 for year 2005
Processing site P056 for year 2005
Processing site P565 for year 2005
Processing site P544 for year 2005
Processing site P547 for year 2005
Processing site P581 for year 2005
Processing site P563 for year 2005
Processing site P618 for year 2005
                    Timestamp  Site  ...  Precipitation_Label_approx  ffw
0  2005-01-01 00:00:00.000000  7ODM  ...                         0.0    0
1  2005-01-01 00:00:00.000000  7ODM  ...                         0.0    0
2  2005-01-01 00:00:00.000000  7ODM  ...                         0.0    0
3  2005-01-01 00:00:00.000000  7ODM  ...                         0.0    0
4  2005-01-01 00:05:00.000000  7ODM  ...                         0.0    0
5  2005-01-01 00:05:00.000000  7ODM  ...                         0.0    0
6  2005-01-01 00:10:00.000000  7ODM  ...                         0.0    0
7  2005-01-01 00:10:00.000000  7ODM  ...                         0.0    0
8  2005-01-01 00:15:00.000000  7ODM  ...                         0.0    0
9  2005-01-01 00:15:00.000000  7ODM  ...                         0.0    0

[10 rows x 16 columns]
Number of rows in result_df before saving: 30049562
Successfully processed and saved data for year 2005
Successfully processed year 2005
Processing year 2006
Processing site 7ODM for year 2006
Processing site AGMT for year 2006
Processing site ALAM for year 2006
Processing site ALPP for year 2006
Processing site ANA1 for year 2006
Processing site AOA1 for year 2006
Processing site ARGU for year 2006
Processing site ARM1 for year 2006
Processing site ARM2 for year 2006
Processing site ASHM for year 2006
Processing site AVRY for year 2006
Processing site AZRY for year 2006
Processing site AZU1 for year 2006
Processing site BALD for year 2006
Processing site BAR1 for year 2006
Processing site BATM for year 2006
Processing site BBRY for year 2006
Processing site BCWR for year 2006
Processing site BEAT for year 2006
Processing site BEPK for year 2006
Processing site BGIS for year 2006
Processing site BILL for year 2006
Processing site BKAP for year 2006
Processing site BKMS for year 2006
Processing site BKR1 for year 2006
Processing site BKR2 for year 2006
Processing site BLSA for year 2006
Processing site BMHL for year 2006
Processing site BMRY for year 2006
Processing site BRAN for year 2006
Processing site BRPK for year 2006
Processing site BSRY for year 2006
Processing site BTDM for year 2006
Processing site BUST for year 2006
Processing site BVPP for year 2006
Processing site CA99 for year 2006
Processing site CACT for year 2006
Processing site CAT1 for year 2006
Processing site CAT2 for year 2006
Processing site CCCC for year 2006
Processing site CCCO for year 2006
Processing site CCCS for year 2006
Processing site CCST for year 2006
Processing site CDMT for year 2006
Processing site CGDM for year 2006
Processing site CHIL for year 2006
Processing site CHLO for year 2006
Processing site CHMS for year 2006
Processing site CIRX for year 2006
Processing site CIT1 for year 2006
Processing site CJMS for year 2006
Processing site CMP9 for year 2006
Processing site CNPP for year 2006
Processing site COPR for year 2006
Processing site COSO for year 2006
Processing site COTD for year 2006
Processing site CPBN for year 2006
Processing site CRAM for year 2006
Processing site CRAT for year 2006
Processing site CRFP for year 2006
Processing site CRHS for year 2006
Processing site CRRS for year 2006
Processing site CRU1 for year 2006
Processing site CSCI for year 2006
Processing site CSDH for year 2006
Processing site CSN1 for year 2006
Processing site CSST for year 2006
Processing site CTDM for year 2006
Processing site CTMS for year 2006
Processing site CUHS for year 2006
Processing site CVHS for year 2006
Processing site DAM2 for year 2006
Processing site DAM3 for year 2006
Processing site DDMN for year 2006
Processing site DHLG for year 2006
Processing site DSME for year 2006
Processing site DSSC for year 2006
Processing site DVLE for year 2006
Processing site DVLW for year 2006
Processing site DVPB for year 2006
Processing site DYER for year 2006
Processing site DYHS for year 2006
Processing site ECCO for year 2006
Processing site ECFS for year 2006
Processing site EDPP for year 2006
Processing site ELSC for year 2006
Processing site ESRW for year 2006
Processing site FMTP for year 2006
Processing site FMVT for year 2006
Processing site FVPK for year 2006
Processing site FXHS for year 2006
Processing site FZHS for year 2006
Processing site GDEC for year 2006
Processing site GLRS for year 2006
Processing site GMRC for year 2006
Processing site GOLD for year 2006
Processing site GVRS for year 2006
Processing site HBCO for year 2006
Processing site HCMN for year 2006
Processing site HIVI for year 2006
Processing site HNPS for year 2006
Processing site HOL3 for year 2006
Processing site HOLP for year 2006
Processing site HOTK for year 2006
Processing site HVYS for year 2006
Processing site I40A for year 2006
Processing site IID2 for year 2006
Processing site IMPS for year 2006
Processing site ISLK for year 2006
Processing site IVCO for year 2006
Processing site JOHN for year 2006
Processing site JPLM for year 2006
Processing site KBRC for year 2006
Processing site KNOL for year 2006
Processing site KRAC for year 2006
Processing site KYVW for year 2006
Processing site LAPC for year 2006
Processing site LASC for year 2006
Processing site LBC1 for year 2006
Processing site LBC2 for year 2006
Processing site LBCH for year 2006
Processing site LDES for year 2006
Processing site LDSW for year 2006
Processing site LEEP for year 2006
Processing site LEMA for year 2006
Processing site LFRS for year 2006
Processing site LINC for year 2006
Processing site LINJ for year 2006
Processing site LITT for year 2006
Processing site LJRN for year 2006
Processing site LL01 for year 2006
Processing site LLAS for year 2006
Processing site LNCO for year 2006
Processing site LONG for year 2006
Processing site LORS for year 2006
Processing site LPHS for year 2006
Processing site LVMS for year 2006
Processing site LVWD for year 2006
Processing site MAT2 for year 2006
Processing site MERC for year 2006
Processing site MHMS for year 2006
Processing site MINS for year 2006
Processing site MJPK for year 2006
Processing site MLFP for year 2006
Processing site MONP for year 2006
Processing site MPWD for year 2006
Processing site MRDM for year 2006
Processing site MSOB for year 2006
Processing site MTA1 for year 2006
Processing site MUSB for year 2006
Processing site MVFD for year 2006
Processing site MWTP for year 2006
Processing site NBPS for year 2006
Processing site NHRG for year 2006
Processing site NOCO for year 2006
Processing site NOPK for year 2006
Processing site NSSS for year 2006
Processing site OAES for year 2006
Processing site OEOC for year 2006
Processing site OGHS for year 2006
Processing site OPBL for year 2006
Processing site OPCL for year 2006
Processing site OPCP for year 2006
Processing site OPRD for year 2006
Processing site ORMT for year 2006
Processing site OVLS for year 2006
Processing site OXYC for year 2006
Processing site OZST for year 2006
Processing site P066 for year 2006
Processing site P470 for year 2006
Processing site P472 for year 2006
Processing site P473 for year 2006
Processing site P474 for year 2006
Processing site P476 for year 2006
Processing site P477 for year 2006
Processing site P478 for year 2006
Processing site P479 for year 2006
Processing site P480 for year 2006
Processing site P482 for year 2006
Processing site P483 for year 2006
Processing site P484 for year 2006
Processing site P486 for year 2006
Processing site P491 for year 2006
Processing site P494 for year 2006
Processing site P495 for year 2006
Processing site P496 for year 2006
Processing site P498 for year 2006
Processing site P500 for year 2006
Processing site P501 for year 2006
Processing site P502 for year 2006
Processing site P504 for year 2006
Processing site P506 for year 2006
Processing site P507 for year 2006
Processing site P508 for year 2006
Processing site P544 for year 2006
Processing site P547 for year 2006
Processing site P553 for year 2006
Processing site P556 for year 2006
Processing site P557 for year 2006
Processing site P559 for year 2006
Processing site P560 for year 2006
Processing site P562 for year 2006
Processing site P563 for year 2006
Processing site P565 for year 2006
Processing site P566 for year 2006
Processing site P567 for year 2006
Processing site P571 for year 2006
Processing site P581 for year 2006
Processing site P583 for year 2006
Processing site P584 for year 2006
Processing site P586 for year 2006
Processing site P588 for year 2006
Processing site P589 for year 2006
Processing site P591 for year 2006
Processing site P594 for year 2006
Processing site P595 for year 2006
Processing site P612 for year 2006
Processing site P618 for year 2006
Processing site P621 for year 2006
Processing site P622 for year 2006
Processing site P626 for year 2006
Processing site PBPP for year 2006
Processing site PERL for year 2006
Processing site PHLB for year 2006
Processing site PIN1 for year 2006
Processing site PIN2 for year 2006
Processing site PKRD for year 2006
Processing site PLO3 for year 2006
Processing site PMHS for year 2006
Processing site PMOB for year 2006
Processing site PMTN for year 2006
Processing site POIN for year 2006
Processing site PPBF for year 2006
Processing site PSDM for year 2006
Processing site PVE3 for year 2006
Processing site PVHS for year 2006
Processing site PVRS for year 2006
Processing site QHTP for year 2006
Processing site RAAP for year 2006
Processing site RAMT for year 2006
Processing site RCA2 for year 2006
Processing site RDMT for year 2006
Processing site RDOM for year 2006
Processing site RELA for year 2006
Processing site REPO for year 2006
Processing site RHCL for year 2006
Processing site ROCK for year 2006
Processing site ROGE for year 2006
Processing site RSTP for year 2006
Processing site RTHS for year 2006
Processing site RUMP for year 2006
Processing site RYAN for year 2006
Processing site SACY for year 2006
Processing site SAWC for year 2006
Processing site SBCC for year 2006
Processing site SCIA for year 2006
Processing site SCMS for year 2006
Processing site SDHL for year 2006
Processing site SFDM for year 2006
Processing site SGDM for year 2006
Processing site SGHS for year 2006
Processing site SGPS for year 2006
Processing site SHOS for year 2006
Processing site SHRC for year 2006
Processing site SIBE for year 2006
Processing site SILK for year 2006
Processing site SIO3 for year 2006
Processing site SIO5 for year 2006
Processing site SKUL for year 2006
Processing site SLMS for year 2006
Processing site SMYC for year 2006
Processing site SNHS for year 2006
Processing site SNI1 for year 2006
Processing site SOMT for year 2006
Processing site SPK1 for year 2006
Processing site SPMS for year 2006
Processing site STRI for year 2006
Processing site TABL for year 2006
Processing site TATE for year 2006
Processing site THCP for year 2006
Processing site TILC for year 2006
Processing site TIVA for year 2006
Processing site TMAP for year 2006
Processing site TORP for year 2006
Processing site TOST for year 2006
Processing site TRAK for year 2006
Processing site TROY for year 2006
Processing site UCLP for year 2006
Processing site UCSB for year 2006
Processing site USGC for year 2006
Processing site VCST for year 2006
Processing site VDCY for year 2006
Processing site VIMT for year 2006
Processing site VNCX for year 2006
Processing site VNPS for year 2006
Processing site VONS for year 2006
Processing site VTIS for year 2006
Processing site VYAS for year 2006
Processing site WATC for year 2006
Processing site WCHS for year 2006
Processing site WGPP for year 2006
Processing site WHC1 for year 2006
Processing site WHYT for year 2006
Processing site WIDC for year 2006
Processing site WKPK for year 2006
Processing site WLSN for year 2006
Processing site WMAP for year 2006
Processing site WNRA for year 2006
Processing site WOMT for year 2006
Processing site WRHS for year 2006
Processing site WWMT for year 2006
Processing site JNPR for year 2006
Processing site P561 for year 2006
Processing site PSAP for year 2006
Processing site EWPP for year 2006
Processing site VNCO for year 2006
Processing site BBDM for year 2006
Processing site CLAR for year 2006
Processing site DVNE for year 2006
Processing site DVSE for year 2006
Processing site DVSW for year 2006
Processing site P056 for year 2006
Processing site USC1 for year 2006
Processing site BEMT for year 2006
Processing site P471 for year 2006
Processing site P499 for year 2006
Processing site P509 for year 2006
Processing site P510 for year 2006
Processing site P511 for year 2006
Processing site P606 for year 2006
Processing site BULL for year 2006
Processing site P497 for year 2006
Processing site TWMS for year 2006
Processing site P577 for year 2006
Processing site GHRP for year 2006
Processing site DSHS for year 2006
Processing site LNMT for year 2006
Processing site P600 for year 2006
Processing site ROCH for year 2006
Processing site P611 for year 2006
Processing site CBHS for year 2006
Processing site POTR for year 2006
Processing site DESC for year 2006
Processing site SKYB for year 2006
Processing site P464 for year 2006
Processing site P467 for year 2006
Processing site P505 for year 2006
Processing site P601 for year 2006
Processing site P607 for year 2006
Processing site NOPE for year 2006
Processing site REP2 for year 2006
Processing site REP3 for year 2006
Processing site REP4 for year 2006
Processing site LICE for year 2006
Processing site NEVA for year 2006
Processing site IBEX for year 2006
Processing site P599 for year 2006
Processing site P610 for year 2006
Processing site P551 for year 2006
Processing site P537 for year 2006
Processing site DVLS for year 2006
Processing site P617 for year 2006
Processing site P615 for year 2006
Processing site PHIN for year 2006
Processing site P579 for year 2006
Processing site P485 for year 2006
Processing site P543 for year 2006
Processing site SCIP for year 2006
Processing site P558 for year 2006
Processing site P572 for year 2006
Processing site VINE for year 2006
Processing site HELL for year 2006
Processing site P570 for year 2006
Processing site P554 for year 2006
Processing site P549 for year 2006
Processing site P740 for year 2006
Processing site GOL2 for year 2006
Processing site P490 for year 2006
Processing site P609 for year 2006
Processing site FSHB for year 2006
Processing site P725 for year 2006
Processing site P653 for year 2006
Processing site P742 for year 2006
Processing site P650 for year 2006
Processing site P564 for year 2006
Processing site RSVY for year 2006
Processing site RBRU for year 2006
Processing site P646 for year 2006
Processing site P649 for year 2006
Processing site P632 for year 2006
Processing site P651 for year 2006
Processing site P627 for year 2006
Processing site P643 for year 2006
Processing site P468 for year 2006
Processing site P630 for year 2006
Processing site P726 for year 2006
Processing site P642 for year 2006
Processing site P094 for year 2006
Processing site P631 for year 2006
Processing site CIC1 for year 2006
Processing site P640 for year 2006
Processing site P462 for year 2006
Processing site P639 for year 2006
Processing site P648 for year 2006
Processing site ESE2 for year 2006
Processing site P092 for year 2006
                    Timestamp  Site  ...  Precipitation_Label_approx  ffw
0  2006-01-01 00:00:00.000000  7ODM  ...                         0.0    0
1  2006-01-01 00:05:00.000000  7ODM  ...                         0.0    0
2  2006-01-01 00:10:00.000000  7ODM  ...                         0.0    0
3  2006-01-01 00:15:00.000000  7ODM  ...                         0.0    0
4  2006-01-01 00:20:00.000000  7ODM  ...                         0.0    0
5  2006-01-01 00:25:00.000000  7ODM  ...                         0.0    0
6  2006-01-01 00:30:00.000000  7ODM  ...                         0.0    0
7  2006-01-01 00:35:00.000000  7ODM  ...                         0.0    0
8  2006-01-01 00:40:00.000000  7ODM  ...                         0.0    0
9  2006-01-01 00:45:00.000000  7ODM  ...                         0.0    0

[10 rows x 16 columns]
Number of rows in result_df before saving: 37013263
Successfully processed and saved data for year 2006
Successfully processed year 2006
Processing year 2007
Processing site AGMT for year 2007
Processing site ALAM for year 2007
Processing site ALPP for year 2007
Processing site ANA1 for year 2007
Processing site ARGU for year 2007
Processing site ARM1 for year 2007
Processing site ARM2 for year 2007
Processing site ASHM for year 2007
Processing site AVRY for year 2007
Processing site AZRY for year 2007
Processing site AZU1 for year 2007
Processing site BALD for year 2007
Processing site BAR1 for year 2007
Processing site BATM for year 2007
Processing site BBDM for year 2007
Processing site BBRY for year 2007
Processing site BCWR for year 2007
Processing site BEAT for year 2007
Processing site BEMT for year 2007
Processing site BEPK for year 2007
Processing site BGIS for year 2007
Processing site BILL for year 2007
Processing site BKAP for year 2007
Processing site BKMS for year 2007
Processing site BKR1 for year 2007
Processing site BLSA for year 2007
Processing site BMHL for year 2007
Processing site BMRY for year 2007
Processing site BRAN for year 2007
Processing site BRPK for year 2007
Processing site BSRY for year 2007
Processing site BTDM for year 2007
Processing site BULL for year 2007
Processing site BUST for year 2007
Processing site BVPP for year 2007
Processing site CA99 for year 2007
Processing site CACT for year 2007
Processing site CAT1 for year 2007
Processing site CAT2 for year 2007
Processing site CBHS for year 2007
Processing site CCCC for year 2007
Processing site CCCO for year 2007
Processing site CCCS for year 2007
Processing site CCST for year 2007
Processing site CDMT for year 2007
Processing site CGDM for year 2007
Processing site CHIL for year 2007
Processing site CHLO for year 2007
Processing site CHMS for year 2007
Processing site CIC1 for year 2007
Processing site CIRX for year 2007
Processing site CIT1 for year 2007
Processing site CLAR for year 2007
Processing site CMP9 for year 2007
Processing site CNPP for year 2007
Processing site COPR for year 2007
Processing site COSO for year 2007
Processing site COTD for year 2007
Processing site CPBN for year 2007
Processing site CRAM for year 2007
Processing site CRAT for year 2007
Processing site CRFP for year 2007
Processing site CRHS for year 2007
Processing site CRRS for year 2007
Processing site CRU1 for year 2007
Processing site CSCI for year 2007
Processing site CSDH for year 2007
Processing site CSN1 for year 2007
Processing site CSST for year 2007
Processing site CTDM for year 2007
Processing site CTMS for year 2007
Processing site CUHS for year 2007
Processing site CVHS for year 2007
Processing site DAM2 for year 2007
Processing site DAM3 for year 2007
Processing site DDMN for year 2007
Processing site DESC for year 2007
Processing site DHLG for year 2007
Processing site DSHS for year 2007
Processing site DSME for year 2007
Processing site DSSC for year 2007
Processing site DVPB for year 2007
Processing site DYER for year 2007
Processing site DYHS for year 2007
Processing site ECFS for year 2007
Processing site EDPP for year 2007
Processing site ELSC for year 2007
Processing site EWPP for year 2007
Processing site FMTP for year 2007
Processing site FMVT for year 2007
Processing site FSHB for year 2007
Processing site FVPK for year 2007
Processing site FXHS for year 2007
Processing site FZHS for year 2007
Processing site GDEC for year 2007
Processing site GHRP for year 2007
Processing site GLRS for year 2007
Processing site GMRC for year 2007
Processing site GOL2 for year 2007
Processing site GOLD for year 2007
Processing site GVRS for year 2007
Processing site HBCO for year 2007
Processing site HCMN for year 2007
Processing site HELL for year 2007
Processing site HIVI for year 2007
Processing site HNPS for year 2007
Processing site HOL3 for year 2007
Processing site HOLP for year 2007
Processing site HOTK for year 2007
Processing site HVYS for year 2007
Processing site I40A for year 2007
Processing site IBEX for year 2007
Processing site IID2 for year 2007
Processing site IMPS for year 2007
Processing site ISLK for year 2007
Processing site IVCO for year 2007
Processing site JNPR for year 2007
Processing site JOHN for year 2007
Processing site JPLM for year 2007
Processing site KBRC for year 2007
Processing site KNOL for year 2007
Processing site KRAC for year 2007
Processing site KYVW for year 2007
Processing site LAPC for year 2007
Processing site LASC for year 2007
Processing site LBC1 for year 2007
Processing site LBC2 for year 2007
Processing site LBCH for year 2007
Processing site LDES for year 2007
Processing site LDSW for year 2007
Processing site LEEP for year 2007
Processing site LFRS for year 2007
Processing site LICE for year 2007
Processing site LINC for year 2007
Processing site LINJ for year 2007
Processing site LITT for year 2007
Processing site LJRN for year 2007
Processing site LL01 for year 2007
Processing site LLAS for year 2007
Processing site LNCO for year 2007
Processing site LNMT for year 2007
Processing site LONG for year 2007
Processing site LORS for year 2007
Processing site LVMS for year 2007
Processing site LVWD for year 2007
Processing site MAT2 for year 2007
Processing site MERC for year 2007
Processing site MHMS for year 2007
Processing site MINS for year 2007
Processing site MJPK for year 2007
Processing site MLFP for year 2007
Processing site MONP for year 2007
Processing site MPWD for year 2007
Processing site MRDM for year 2007
Processing site MSOB for year 2007
Processing site MTA1 for year 2007
Processing site MUSB for year 2007
Processing site MVFD for year 2007
Processing site MWTP for year 2007
Processing site NBPS for year 2007
Processing site NEVA for year 2007
Processing site NHRG for year 2007
Processing site NOCO for year 2007
Processing site NOPE for year 2007
Processing site NOPK for year 2007
Processing site NSSS for year 2007
Processing site OAES for year 2007
Processing site OEOC for year 2007
Processing site OGHS for year 2007
Processing site OPBL for year 2007
Processing site OPCL for year 2007
Processing site OPCP for year 2007
Processing site OPRD for year 2007
Processing site ORMT for year 2007
Processing site OVLS for year 2007
Processing site OXYC for year 2007
Processing site OZST for year 2007
Processing site P056 for year 2007
Processing site P066 for year 2007
Processing site P092 for year 2007
Processing site P094 for year 2007
Processing site P462 for year 2007
Processing site P464 for year 2007
Processing site P467 for year 2007
Processing site P468 for year 2007
Processing site P470 for year 2007
Processing site P471 for year 2007
Processing site P472 for year 2007
Processing site P473 for year 2007
Processing site P474 for year 2007
Processing site P476 for year 2007
Processing site P477 for year 2007
Processing site P478 for year 2007
Processing site P479 for year 2007
Processing site P480 for year 2007
Processing site P482 for year 2007
Processing site P483 for year 2007
Processing site P484 for year 2007
Processing site P485 for year 2007
Processing site P486 for year 2007
Processing site P490 for year 2007
Processing site P491 for year 2007
Processing site P494 for year 2007
Processing site P495 for year 2007
Processing site P496 for year 2007
Processing site P497 for year 2007
Processing site P498 for year 2007
Processing site P499 for year 2007
Processing site P500 for year 2007
Processing site P501 for year 2007
Processing site P502 for year 2007
Processing site P504 for year 2007
Processing site P505 for year 2007
Processing site P506 for year 2007
Processing site P507 for year 2007
Processing site P508 for year 2007
Processing site P509 for year 2007
Processing site P511 for year 2007
Processing site P537 for year 2007
Processing site P543 for year 2007
Processing site P544 for year 2007
Processing site P547 for year 2007
Processing site P549 for year 2007
Processing site P551 for year 2007
Processing site P553 for year 2007
Processing site P554 for year 2007
Processing site P556 for year 2007
Processing site P557 for year 2007
Processing site P558 for year 2007
Processing site P559 for year 2007
Processing site P560 for year 2007
Processing site P561 for year 2007
Processing site P562 for year 2007
Processing site P563 for year 2007
Processing site P564 for year 2007
Processing site P565 for year 2007
Processing site P566 for year 2007
Processing site P567 for year 2007
Processing site P570 for year 2007
Processing site P571 for year 2007
Processing site P572 for year 2007
Processing site P577 for year 2007
Processing site P579 for year 2007
Processing site P581 for year 2007
Processing site P583 for year 2007
Processing site P584 for year 2007
Processing site P586 for year 2007
Processing site P588 for year 2007
Processing site P591 for year 2007
Processing site P594 for year 2007
Processing site P595 for year 2007
Processing site P599 for year 2007
Processing site P600 for year 2007
Processing site P601 for year 2007
Processing site P606 for year 2007
Processing site P607 for year 2007
Processing site P609 for year 2007
Processing site P610 for year 2007
Processing site P611 for year 2007
Processing site P612 for year 2007
Processing site P615 for year 2007
Processing site P617 for year 2007
Processing site P618 for year 2007
Processing site P621 for year 2007
Processing site P622 for year 2007
Processing site P626 for year 2007
Processing site P627 for year 2007
Processing site P630 for year 2007
Processing site P631 for year 2007
Processing site P632 for year 2007
Processing site P639 for year 2007
Processing site P640 for year 2007
Processing site P642 for year 2007
Processing site P643 for year 2007
Processing site P646 for year 2007
Processing site P648 for year 2007
Processing site P649 for year 2007
Processing site P650 for year 2007
Processing site P651 for year 2007
Processing site P653 for year 2007
Processing site P725 for year 2007
Processing site P726 for year 2007
Processing site P740 for year 2007
Processing site P742 for year 2007
Processing site PBPP for year 2007
Processing site PERL for year 2007
Processing site PHIN for year 2007
Processing site PHLB for year 2007
Processing site PIN1 for year 2007
Processing site PIN2 for year 2007
Processing site PKRD for year 2007
Processing site PMHS for year 2007
Processing site PMOB for year 2007
Processing site PMTN for year 2007
Processing site POIN for year 2007
Processing site POTR for year 2007
Processing site PPBF for year 2007
Processing site PSAP for year 2007
Processing site PSDM for year 2007
Processing site PVE3 for year 2007
Processing site PVHS for year 2007
Processing site PVRS for year 2007
Processing site QHTP for year 2007
Processing site RAAP for year 2007
Processing site RAMT for year 2007
Processing site RCA2 for year 2007
Processing site RDMT for year 2007
Processing site RDOM for year 2007
Processing site RELA for year 2007
Processing site REP2 for year 2007
Processing site REP3 for year 2007
Processing site REP4 for year 2007
Processing site REPO for year 2007
Processing site RHCL for year 2007
Processing site ROCK for year 2007
Processing site ROGE for year 2007
Processing site RSTP for year 2007
Processing site RSVY for year 2007
Processing site RTHS for year 2007
Processing site RUMP for year 2007
Processing site RYAN for year 2007
Processing site SACY for year 2007
Processing site SAWC for year 2007
Processing site SBCC for year 2007
Processing site SCIA for year 2007
Processing site SCIP for year 2007
Processing site SDHL for year 2007
Processing site SFDM for year 2007
Processing site SGDM for year 2007
Processing site SGHS for year 2007
Processing site SGPS for year 2007
Processing site SHOS for year 2007
Processing site SHRC for year 2007
Processing site SIBE for year 2007
Processing site SILK for year 2007
Processing site SIO3 for year 2007
Processing site SIO5 for year 2007
Processing site SKUL for year 2007
Processing site SKYB for year 2007
Processing site SLMS for year 2007
Processing site SMYC for year 2007
Processing site SNHS for year 2007
Processing site SNI1 for year 2007
Processing site SOMT for year 2007
Processing site SPK1 for year 2007
Processing site SPMS for year 2007
Processing site STRI for year 2007
Processing site TABL for year 2007
Processing site TATE for year 2007
Processing site THCP for year 2007
Processing site TILC for year 2007
Processing site TIVA for year 2007
Processing site TORP for year 2007
Processing site TOST for year 2007
Processing site TRAK for year 2007
Processing site TROY for year 2007
Processing site TWMS for year 2007
Processing site UCLP for year 2007
Processing site UCSB for year 2007
Processing site USC1 for year 2007
Processing site USGC for year 2007
Processing site VCST for year 2007
Processing site VDCY for year 2007
Processing site VIMT for year 2007
Processing site VINE for year 2007
Processing site VNCO for year 2007
Processing site VNCX for year 2007
Processing site VNPS for year 2007
Processing site VONS for year 2007
Processing site VTIS for year 2007
Processing site VYAS for year 2007
Processing site WATC for year 2007
Processing site WCHS for year 2007
Processing site WGPP for year 2007
Processing site WHC1 for year 2007
Processing site WHYT for year 2007
Processing site WIDC for year 2007
Processing site WKPK for year 2007
Processing site WLSN for year 2007
Processing site WMAP for year 2007
Processing site WNRA for year 2007
Processing site WOMT for year 2007
Processing site WRHS for year 2007
Processing site WWMT for year 2007
Processing site DVLE for year 2007
Processing site DVLW for year 2007
Processing site DVNE for year 2007
Processing site ESE2 for year 2007
Processing site ESRW for year 2007
Processing site 7ODM for year 2007
Processing site BKR2 for year 2007
Processing site CJMS for year 2007
Processing site P741 for year 2007
Processing site P510 for year 2007
Processing site TMAP for year 2007
Processing site P589 for year 2007
Processing site P729 for year 2007
Processing site OPCX for year 2007
Processing site RBRU for year 2007
Processing site P593 for year 2007
Processing site P580 for year 2007
Processing site P596 for year 2007
Processing site P091 for year 2007
Processing site P597 for year 2007
Processing site P614 for year 2007
Processing site DVLS for year 2007
Processing site DVSE for year 2007
Processing site P585 for year 2007
Processing site DVSW for year 2007
Processing site P488 for year 2007
Processing site DVNW for year 2007
Processing site P093 for year 2007
Processing site P568 for year 2007
Processing site P569 for year 2007
Processing site P635 for year 2007
Processing site P469 for year 2007
Processing site P463 for year 2007
Processing site P592 for year 2007
Processing site P616 for year 2007
Processing site P466 for year 2007
Processing site P503 for year 2007
Processing site P744 for year 2007
Processing site P519 for year 2007
Processing site P550 for year 2007
Processing site P465 for year 2007
Processing site P727 for year 2007
Processing site P636 for year 2007
Processing site P634 for year 2007
Processing site P652 for year 2007
Processing site P644 for year 2007
Processing site P723 for year 2007
Processing site P481 for year 2007
Processing site P475 for year 2007
Processing site P628 for year 2007
Processing site P598 for year 2007
Processing site P613 for year 2007
Processing site P489 for year 2007
Processing site P493 for year 2007
Processing site P492 for year 2007
Processing site P487 for year 2007
Processing site P545 for year 2007
Processing site P603 for year 2007
                    Timestamp  Site  ...  Precipitation_Label_approx  ffw
0  2007-01-01 00:00:00.000000  AGMT  ...                         0.0    0
0  2007-06-12 02:24:59.999997  SNI1  ...                         0.0    0
0  2007-11-16 00:30:00.000000  P626  ...                         0.0    0
1  2007-06-12 02:29:59.999997  SNI1  ...                         0.0    0
1  2007-11-16 00:35:00.000000  P626  ...                         0.0    0
1  2007-01-01 00:05:00.000000  AGMT  ...                         0.0    0
2  2007-06-12 02:34:59.999997  SNI1  ...                         0.0    0
2  2007-01-01 00:10:00.000000  AGMT  ...                         0.0    0
2  2007-11-16 00:40:00.000000  P626  ...                         0.0    0
3  2007-06-12 02:39:59.999997  SNI1  ...                         0.0    0

[10 rows x 16 columns]
Number of rows in result_df before saving: 43227909
Successfully processed and saved data for year 2007
Successfully processed year 2007
Processing year 2008
Processing site 7ODM for year 2008
Processing site AGMT for year 2008
Processing site ALAM for year 2008
Processing site ALPP for year 2008
Processing site ANA1 for year 2008
Processing site ARGU for year 2008
Processing site ARM1 for year 2008
Processing site ARM2 for year 2008
Processing site ASHM for year 2008
Processing site AVRY for year 2008
Processing site AZRY for year 2008
Processing site AZU1 for year 2008
Processing site BALD for year 2008
Processing site BAR1 for year 2008
Processing site BATM for year 2008
Processing site BBDM for year 2008
Processing site BBRY for year 2008
Processing site BCWR for year 2008
Processing site BEAT for year 2008
Processing site BEMT for year 2008
Processing site BEPK for year 2008
Processing site BGIS for year 2008
Processing site BILL for year 2008
Processing site BKAP for year 2008
Processing site BKMS for year 2008
Processing site BKR1 for year 2008
Processing site BLSA for year 2008
Processing site BMHL for year 2008
Processing site BMRY for year 2008
Processing site BRAN for year 2008
Processing site BRPK for year 2008
Processing site BSRY for year 2008
Processing site BTDM for year 2008
Processing site BULL for year 2008
Processing site BUST for year 2008
Processing site BVPP for year 2008
Processing site CA99 for year 2008
Processing site CACT for year 2008
Processing site CAT1 for year 2008
Processing site CAT2 for year 2008
Processing site CBHS for year 2008
Processing site CCCC for year 2008
Processing site CCCO for year 2008
Processing site CCCS for year 2008
Processing site CCST for year 2008
Processing site CDMT for year 2008
Processing site CGDM for year 2008
Processing site CHIL for year 2008
Processing site CHLO for year 2008
Processing site CHMS for year 2008
Processing site CIC1 for year 2008
Processing site CIRX for year 2008
Processing site CJMS for year 2008
Processing site CLAR for year 2008
Processing site CMP9 for year 2008
Processing site CNPP for year 2008
Processing site COPR for year 2008
Processing site COSO for year 2008
Processing site COTD for year 2008
Processing site CPBN for year 2008
Processing site CRAM for year 2008
Processing site CRAT for year 2008
Processing site CRFP for year 2008
Processing site CRHS for year 2008
Processing site CRRS for year 2008
Processing site CRU1 for year 2008
Processing site CSCI for year 2008
Processing site CSN1 for year 2008
Processing site CSST for year 2008
Processing site CTDM for year 2008
Processing site CTMS for year 2008
Processing site CUHS for year 2008
Processing site CVHS for year 2008
Processing site DAM2 for year 2008
Processing site DAM3 for year 2008
Processing site DDMN for year 2008
Processing site DESC for year 2008
Processing site DHLG for year 2008
Processing site DSHS for year 2008
Processing site DSME for year 2008
Processing site DSSC for year 2008
Processing site DVLE for year 2008
Processing site DVLS for year 2008
Processing site DVLW for year 2008
Processing site DVNE for year 2008
Processing site DVNW for year 2008
Processing site DVPB for year 2008
Processing site DVSE for year 2008
Processing site DVSW for year 2008
Processing site DYER for year 2008
Processing site DYHS for year 2008
Processing site ECFS for year 2008
Processing site EDPP for year 2008
Processing site ELSC for year 2008
Processing site ESRW for year 2008
Processing site EWPP for year 2008
Processing site FMTP for year 2008
Processing site FMVT for year 2008
Processing site FVPK for year 2008
Processing site FXHS for year 2008
Processing site FZHS for year 2008
Processing site GDEC for year 2008
Processing site GHRP for year 2008
Processing site GLRS for year 2008
Processing site GMRC for year 2008
Processing site GOL2 for year 2008
Processing site GOLD for year 2008
Processing site GVRS for year 2008
Processing site HBCO for year 2008
Processing site HCMN for year 2008
Processing site HELL for year 2008
Processing site HIVI for year 2008
Processing site HNPS for year 2008
Processing site HOL3 for year 2008
Processing site HOLP for year 2008
Processing site HOTK for year 2008
Processing site HVYS for year 2008
Processing site I40A for year 2008
Processing site IBEX for year 2008
Processing site IID2 for year 2008
Processing site IMPS for year 2008
Processing site ISLK for year 2008
Processing site JOHN for year 2008
Processing site JPLM for year 2008
Processing site KBRC for year 2008
Processing site KNOL for year 2008
Processing site KRAC for year 2008
Processing site KYVW for year 2008
Processing site LAPC for year 2008
Processing site LASC for year 2008
Processing site LBC1 for year 2008
Processing site LBC2 for year 2008
Processing site LBCH for year 2008
Processing site LDES for year 2008
Processing site LDSW for year 2008
Processing site LEEP for year 2008
Processing site LFRS for year 2008
Processing site LICE for year 2008
Processing site LINC for year 2008
Processing site LINJ for year 2008
Processing site LITT for year 2008
Processing site LJRN for year 2008
Processing site LL01 for year 2008
Processing site LLAS for year 2008
Processing site LNCO for year 2008
Processing site LNMT for year 2008
Processing site LONG for year 2008
Processing site LVMS for year 2008
Processing site MAT2 for year 2008
Processing site MERC for year 2008
Processing site MHMS for year 2008
Processing site MINS for year 2008
Processing site MJPK for year 2008
Processing site MLFP for year 2008
Processing site MONP for year 2008
Processing site MPWD for year 2008
Processing site MRDM for year 2008
Processing site MSOB for year 2008
Processing site MTA1 for year 2008
Processing site MUSB for year 2008
Processing site MVFD for year 2008
Processing site MWTP for year 2008
Processing site NBPS for year 2008
Processing site NEVA for year 2008
Processing site NHRG for year 2008
Processing site NOCO for year 2008
Processing site NOPE for year 2008
Processing site NOPK for year 2008
Processing site NSSS for year 2008
Processing site OAES for year 2008
Processing site OEOC for year 2008
Processing site OGHS for year 2008
Processing site OPBL for year 2008
Processing site OPCL for year 2008
Processing site OPCP for year 2008
Processing site OPCX for year 2008
Processing site OPRD for year 2008
Processing site ORMT for year 2008
Processing site OVLS for year 2008
Processing site OXYC for year 2008
Processing site OZST for year 2008
Processing site P056 for year 2008
Processing site P066 for year 2008
Processing site P091 for year 2008
Processing site P092 for year 2008
Processing site P093 for year 2008
Processing site P094 for year 2008
Processing site P462 for year 2008
Processing site P463 for year 2008
Processing site P464 for year 2008
Processing site P465 for year 2008
Processing site P466 for year 2008
Processing site P467 for year 2008
Processing site P468 for year 2008
Processing site P469 for year 2008
Processing site P470 for year 2008
Processing site P471 for year 2008
Processing site P472 for year 2008
Processing site P473 for year 2008
Processing site P474 for year 2008
Processing site P475 for year 2008
Processing site P476 for year 2008
Processing site P477 for year 2008
Processing site P478 for year 2008
Processing site P479 for year 2008
Processing site P480 for year 2008
Processing site P481 for year 2008
Processing site P482 for year 2008
Processing site P483 for year 2008
Processing site P484 for year 2008
Processing site P485 for year 2008
Processing site P486 for year 2008
Processing site P487 for year 2008
Processing site P488 for year 2008
Processing site P489 for year 2008
Processing site P490 for year 2008
Processing site P491 for year 2008
Processing site P492 for year 2008
Processing site P493 for year 2008
Processing site P494 for year 2008
Processing site P495 for year 2008
Processing site P496 for year 2008
Processing site P497 for year 2008
Processing site P498 for year 2008
Processing site P499 for year 2008
Processing site P500 for year 2008
Processing site P501 for year 2008
Processing site P502 for year 2008
Processing site P503 for year 2008
Processing site P504 for year 2008
Processing site P505 for year 2008
Processing site P506 for year 2008
Processing site P508 for year 2008
Processing site P509 for year 2008
Processing site P510 for year 2008
Processing site P511 for year 2008
Processing site P519 for year 2008
Processing site P537 for year 2008
Processing site P543 for year 2008
Processing site P544 for year 2008
Processing site P545 for year 2008
Processing site P547 for year 2008
Processing site P549 for year 2008
Processing site P550 for year 2008
Processing site P551 for year 2008
Processing site P553 for year 2008
Processing site P554 for year 2008
Processing site P556 for year 2008
Processing site P557 for year 2008
Processing site P558 for year 2008
Processing site P559 for year 2008
Processing site P560 for year 2008
Processing site P561 for year 2008
Processing site P562 for year 2008
Processing site P563 for year 2008
Processing site P564 for year 2008
Processing site P565 for year 2008
Processing site P566 for year 2008
Processing site P567 for year 2008
Processing site P568 for year 2008
Processing site P569 for year 2008
Processing site P570 for year 2008
Processing site P571 for year 2008
Processing site P572 for year 2008
Processing site P577 for year 2008
Processing site P579 for year 2008
Processing site P580 for year 2008
Processing site P581 for year 2008
Processing site P583 for year 2008
Processing site P584 for year 2008
Processing site P585 for year 2008
Processing site P586 for year 2008
Processing site P588 for year 2008
Processing site P589 for year 2008
Processing site P591 for year 2008
Processing site P592 for year 2008
Processing site P593 for year 2008
Processing site P594 for year 2008
Processing site P595 for year 2008
Processing site P598 for year 2008
Processing site P599 for year 2008
Processing site P600 for year 2008
Processing site P601 for year 2008
Processing site P603 for year 2008
Processing site P606 for year 2008
Processing site P607 for year 2008
Processing site P609 for year 2008
Processing site P610 for year 2008
Processing site P611 for year 2008
Processing site P612 for year 2008
Processing site P613 for year 2008
Processing site P614 for year 2008
Processing site P615 for year 2008
Processing site P616 for year 2008
Processing site P617 for year 2008
Processing site P618 for year 2008
Processing site P621 for year 2008
Processing site P622 for year 2008
Processing site P626 for year 2008
Processing site P627 for year 2008
Processing site P628 for year 2008
Processing site P630 for year 2008
Processing site P631 for year 2008
Processing site P632 for year 2008
Processing site P634 for year 2008
Processing site P635 for year 2008
Processing site P636 for year 2008
Processing site P639 for year 2008
Processing site P640 for year 2008
Processing site P642 for year 2008
Processing site P643 for year 2008
Processing site P644 for year 2008
Processing site P646 for year 2008
Processing site P648 for year 2008
Processing site P649 for year 2008
Processing site P650 for year 2008
Processing site P651 for year 2008
Processing site P652 for year 2008
Processing site P653 for year 2008
Processing site P725 for year 2008
Processing site P726 for year 2008
Processing site P727 for year 2008
Processing site P729 for year 2008
Processing site P740 for year 2008
Processing site P741 for year 2008
Processing site P742 for year 2008
Processing site P744 for year 2008
Processing site PBPP for year 2008
Processing site PERL for year 2008
Processing site PHIN for year 2008
Processing site PHLB for year 2008
Processing site PIN1 for year 2008
Processing site PIN2 for year 2008
Processing site PKRD for year 2008
Processing site PMOB for year 2008
Processing site PMTN for year 2008
Processing site POIN for year 2008
Processing site POTR for year 2008
Processing site PPBF for year 2008
Processing site PSAP for year 2008
Processing site PSDM for year 2008
Processing site PVE3 for year 2008
Processing site PVHS for year 2008
Processing site PVRS for year 2008
Processing site RAAP for year 2008
Processing site RAMT for year 2008
Processing site RCA2 for year 2008
Processing site RDOM for year 2008
Processing site RELA for year 2008
Processing site REP2 for year 2008
Processing site REP3 for year 2008
Processing site REP4 for year 2008
Processing site REPO for year 2008
Processing site RHCL for year 2008
Processing site ROCK for year 2008
Processing site ROGE for year 2008
Processing site RSTP for year 2008
Processing site RSVY for year 2008
Processing site RTHS for year 2008
Processing site RUMP for year 2008
Processing site RYAN for year 2008
Processing site SACY for year 2008
Processing site SAWC for year 2008
Processing site SBCC for year 2008
Processing site SCIA for year 2008
Processing site SCIP for year 2008
Processing site SDHL for year 2008
Processing site SFDM for year 2008
Processing site SGDM for year 2008
Processing site SGHS for year 2008
Processing site SHOS for year 2008
Processing site SHRC for year 2008
Processing site SILK for year 2008
Processing site SIO3 for year 2008
Processing site SIO5 for year 2008
Processing site SKUL for year 2008
Processing site SKYB for year 2008
Processing site SLMS for year 2008
Processing site SMYC for year 2008
Processing site SNHS for year 2008
Processing site SNI1 for year 2008
Processing site SOMT for year 2008
Processing site SPK1 for year 2008
Processing site SPMS for year 2008
Processing site STRI for year 2008
Processing site TABL for year 2008
Processing site TATE for year 2008
Processing site THCP for year 2008
Processing site TILC for year 2008
Processing site TIVA for year 2008
Processing site TMAP for year 2008
Processing site TORP for year 2008
Processing site TOST for year 2008
Processing site TRAK for year 2008
Processing site TROY for year 2008
Processing site UCLP for year 2008
Processing site UCSB for year 2008
Processing site USC1 for year 2008
Processing site USGC for year 2008
Processing site VCST for year 2008
Processing site VDCY for year 2008
Processing site VIMT for year 2008
Processing site VINE for year 2008
Processing site VNCO for year 2008
Processing site VNCX for year 2008
Processing site VNPS for year 2008
Processing site VONS for year 2008
Processing site VTIS for year 2008
Processing site VYAS for year 2008
Processing site WATC for year 2008
Processing site WCHS for year 2008
Processing site WGPP for year 2008
Processing site WHC1 for year 2008
Processing site WHYT for year 2008
Processing site WIDC for year 2008
Processing site WKPK for year 2008
Processing site WLSN for year 2008
Processing site WMAP for year 2008
Processing site WNRA for year 2008
Processing site WOMT for year 2008
Processing site WRHS for year 2008
Processing site TWMS for year 2008
Processing site BKR2 for year 2008
Processing site CSDH for year 2008
Processing site P597 for year 2008
Processing site LORS for year 2008
Processing site WWMT for year 2008
Processing site RDMT for year 2008
Processing site P608 for year 2008
Processing site P590 for year 2008
Processing site P507 for year 2008
Processing site ESE2 for year 2008
Processing site P596 for year 2008
Processing site P620 for year 2008
Processing site P582 for year 2008
Processing site P587 for year 2008
Processing site P723 for year 2008
Processing site P245 for year 2008
Processing site P308 for year 2008
Processing site CAT3 for year 2008
Processing site P555 for year 2008
Processing site P605 for year 2008
Processing site P521 for year 2008
Processing site P548 for year 2008
Processing site P520 for year 2008
Processing site P604 for year 2008
Processing site P574 for year 2008
Processing site P638 for year 2008
Processing site P641 for year 2008
Processing site P647 for year 2008
Processing site P645 for year 2008
Processing site P637 for year 2008
Processing site P724 for year 2008
Processing site P517 for year 2008
Processing site P629 for year 2008
Processing site P575 for year 2008
Processing site P619 for year 2008
Processing site P633 for year 2008
Processing site P311 for year 2008
Processing site CIT1 for year 2008
Processing site P512 for year 2008
Processing site P522 for year 2008
Processing site P573 for year 2008
Processing site SNOG for year 2008
                    Timestamp  Site  ...  Precipitation_Label_approx  ffw
0  2008-01-01 00:00:00.000000  7ODM  ...                         0.0    0
0  2008-10-28 12:19:59.999999  ISLK  ...                         0.0    0
0  2008-06-03 04:40:00.000000  LJRN  ...                         0.0    0
1  2008-10-28 12:25:00.000002  ISLK  ...                         0.0    0
1  2008-06-03 04:45:00.000003  LJRN  ...                         0.0    0
1  2008-01-01 00:05:00.000003  7ODM  ...                         0.0    0
2  2008-01-01 00:09:59.999999  7ODM  ...                         0.0    0
2  2008-10-28 12:29:59.999997  ISLK  ...                         0.0    0
2  2008-06-03 04:49:59.999999  LJRN  ...                         0.0    0
3  2008-01-01 00:15:00.000002  7ODM  ...                         0.0    0

[10 rows x 16 columns]
Number of rows in result_df before saving: 46085972
Successfully processed and saved data for year 2008
Successfully processed year 2008
Processing year 2009
Processing site 7ODM for year 2009
Processing site AGMT for year 2009
Processing site ALAM for year 2009
Processing site ALPP for year 2009
Processing site ANA1 for year 2009
Processing site ARM1 for year 2009
Processing site ARM2 for year 2009
Processing site ASHM for year 2009
Processing site AVRY for year 2009
Processing site AZRY for year 2009
Processing site AZU1 for year 2009
Processing site BALD for year 2009
Processing site BAR1 for year 2009
Processing site BATM for year 2009
Processing site BBDM for year 2009
Processing site BBRY for year 2009
Processing site BCWR for year 2009
Processing site BEAT for year 2009
Processing site BEMT for year 2009
Processing site BEPK for year 2009
Processing site BGIS for year 2009
Processing site BILL for year 2009
Processing site BKAP for year 2009
Processing site BKMS for year 2009
Processing site BKR1 for year 2009
Processing site BKR2 for year 2009
Processing site BMHL for year 2009
Processing site BMRY for year 2009
Processing site BRAN for year 2009
Processing site BRPK for year 2009
Processing site BSRY for year 2009
Processing site BTDM for year 2009
Processing site BULL for year 2009
Processing site BUST for year 2009
Processing site BVPP for year 2009
Processing site CA99 for year 2009
Processing site CACT for year 2009
Processing site CAT2 for year 2009
Processing site CAT3 for year 2009
Processing site CBHS for year 2009
Processing site CCCC for year 2009
Processing site CCCO for year 2009
Processing site CCCS for year 2009
Processing site CCST for year 2009
Processing site CDMT for year 2009
Processing site CGDM for year 2009
Processing site CHIL for year 2009
Processing site CHLO for year 2009
Processing site CHMS for year 2009
Processing site CIC1 for year 2009
Processing site CIRX for year 2009
Processing site CIT1 for year 2009
Processing site CJMS for year 2009
Processing site CLAR for year 2009
Processing site CMP9 for year 2009
Processing site CNPP for year 2009
Processing site COPR for year 2009
Processing site COTD for year 2009
Processing site CPBN for year 2009
Processing site CRAM for year 2009
Processing site CRFP for year 2009
Processing site CRHS for year 2009
Processing site CRRS for year 2009
Processing site CRU1 for year 2009
Processing site CSCI for year 2009
Processing site CSDH for year 2009
Processing site CSN1 for year 2009
Processing site CSST for year 2009
Processing site CTDM for year 2009
Processing site CTMS for year 2009
Processing site CUHS for year 2009
Processing site CVHS for year 2009
Processing site DDMN for year 2009
Processing site DESC for year 2009
Processing site DHLG for year 2009
Processing site DSHS for year 2009
Processing site DSME for year 2009
Processing site DSSC for year 2009
Processing site DVLE for year 2009
Processing site DVLS for year 2009
Processing site DVLW for year 2009
Processing site DVNE for year 2009
Processing site DVNW for year 2009
Processing site DVPB for year 2009
Processing site DVSE for year 2009
Processing site DVSW for year 2009
Processing site DYER for year 2009
Processing site DYHS for year 2009
Processing site ECFS for year 2009
Processing site EDPP for year 2009
Processing site ELSC for year 2009
Processing site ESE2 for year 2009
Processing site ESRW for year 2009
Processing site EWPP for year 2009
Processing site FMTP for year 2009
Processing site FMVT for year 2009
Processing site FVPK for year 2009
Processing site FXHS for year 2009
Processing site FZHS for year 2009
Processing site GDEC for year 2009
Processing site GHRP for year 2009
Processing site GLRS for year 2009
Processing site GMRC for year 2009
Processing site GOL2 for year 2009
Processing site GOLD for year 2009
Processing site GVRS for year 2009
Processing site HBCO for year 2009
Processing site HCMN for year 2009
Processing site HELL for year 2009
Processing site HIVI for year 2009
Processing site HOL3 for year 2009
Processing site HOLP for year 2009
Processing site HOTK for year 2009
Processing site HVYS for year 2009
Processing site I40A for year 2009
Processing site IBEX for year 2009
Processing site IID2 for year 2009
Processing site IMPS for year 2009
Processing site ISLK for year 2009
Processing site JOHN for year 2009
Processing site JPLM for year 2009
Processing site KBRC for year 2009
Processing site KNOL for year 2009
Processing site KRAC for year 2009
Processing site KYVW for year 2009
Processing site LAPC for year 2009
Processing site LASC for year 2009
Processing site LBC1 for year 2009
Processing site LBC2 for year 2009
Processing site LBCH for year 2009
Processing site LDES for year 2009
Processing site LDSW for year 2009
Processing site LEEP for year 2009
Processing site LFRS for year 2009
Processing site LICE for year 2009
Processing site LINC for year 2009
Processing site LINJ for year 2009
Processing site LITT for year 2009
Processing site LJRN for year 2009
Processing site LL01 for year 2009
Processing site LLAS for year 2009
Processing site LNCO for year 2009
Processing site LNMT for year 2009
Processing site LONG for year 2009
Processing site LORS for year 2009
Processing site LVMS for year 2009
Processing site MAT2 for year 2009
Processing site MERC for year 2009
Processing site MHMS for year 2009
Processing site MJPK for year 2009
Processing site MLFP for year 2009
Processing site MONP for year 2009
Processing site MPWD for year 2009
Processing site MRDM for year 2009
Processing site MSOB for year 2009
Processing site MUSB for year 2009
Processing site MVFD for year 2009
Processing site MWTP for year 2009
Processing site NEVA for year 2009
Processing site NHRG for year 2009
Processing site NOCO for year 2009
Processing site NOPE for year 2009
Processing site NOPK for year 2009
Processing site NSSS for year 2009
Processing site OAES for year 2009
Processing site OEOC for year 2009
Processing site OPBL for year 2009
Processing site OPCL for year 2009
Processing site OPCP for year 2009
Processing site OPCX for year 2009
Processing site OPRD for year 2009
Processing site ORMT for year 2009
Processing site OVLS for year 2009
Processing site OXYC for year 2009
Processing site OZST for year 2009
Processing site P056 for year 2009
Processing site P066 for year 2009
Processing site P091 for year 2009
Processing site P092 for year 2009
Processing site P093 for year 2009
Processing site P094 for year 2009
Processing site P245 for year 2009
Processing site P308 for year 2009
Processing site P311 for year 2009
Processing site P462 for year 2009
Processing site P463 for year 2009
Processing site P464 for year 2009
Processing site P465 for year 2009
Processing site P466 for year 2009
Processing site P467 for year 2009
Processing site P468 for year 2009
Processing site P469 for year 2009
Processing site P470 for year 2009
Processing site P471 for year 2009
Processing site P472 for year 2009
Processing site P473 for year 2009
Processing site P474 for year 2009
Processing site P475 for year 2009
Processing site P476 for year 2009
Processing site P477 for year 2009
Processing site P478 for year 2009
Processing site P479 for year 2009
Processing site P480 for year 2009
Processing site P481 for year 2009
Processing site P482 for year 2009
Processing site P483 for year 2009
Processing site P484 for year 2009
Processing site P485 for year 2009
Processing site P486 for year 2009
Processing site P487 for year 2009
Processing site P488 for year 2009
Processing site P489 for year 2009
Processing site P490 for year 2009
Processing site P491 for year 2009
Processing site P492 for year 2009
Processing site P493 for year 2009
Processing site P494 for year 2009
Processing site P495 for year 2009
Processing site P496 for year 2009
Processing site P497 for year 2009
Processing site P498 for year 2009
Processing site P499 for year 2009
Processing site P500 for year 2009
Processing site P501 for year 2009
Processing site P502 for year 2009
Processing site P503 for year 2009
Processing site P504 for year 2009
Processing site P505 for year 2009
Processing site P506 for year 2009
Processing site P507 for year 2009
Processing site P508 for year 2009
Processing site P509 for year 2009
Processing site P510 for year 2009
Processing site P511 for year 2009
Processing site P512 for year 2009
Processing site P517 for year 2009
Processing site P519 for year 2009
Processing site P520 for year 2009
Processing site P521 for year 2009
Processing site P522 for year 2009
Processing site P537 for year 2009
Processing site P543 for year 2009
Processing site P544 for year 2009
Processing site P545 for year 2009
Processing site P547 for year 2009
Processing site P548 for year 2009
Processing site P549 for year 2009
Processing site P550 for year 2009
Processing site P551 for year 2009
Processing site P553 for year 2009
Processing site P554 for year 2009
Processing site P555 for year 2009
Processing site P556 for year 2009
Processing site P557 for year 2009
Processing site P558 for year 2009
Processing site P559 for year 2009
Processing site P560 for year 2009
Processing site P561 for year 2009
Processing site P562 for year 2009
Processing site P563 for year 2009
Processing site P564 for year 2009
Processing site P565 for year 2009
Processing site P566 for year 2009
Processing site P567 for year 2009
Processing site P568 for year 2009
Processing site P569 for year 2009
Processing site P570 for year 2009
Processing site P571 for year 2009
Processing site P572 for year 2009
Processing site P573 for year 2009
Processing site P574 for year 2009
Processing site P575 for year 2009
Processing site P577 for year 2009
Processing site P579 for year 2009
Processing site P580 for year 2009
Processing site P581 for year 2009
Processing site P582 for year 2009
Processing site P583 for year 2009
Processing site P584 for year 2009
Processing site P585 for year 2009
Processing site P586 for year 2009
Processing site P587 for year 2009
Processing site P588 for year 2009
Processing site P589 for year 2009
Processing site P590 for year 2009
Processing site P591 for year 2009
Processing site P592 for year 2009
Processing site P593 for year 2009
Processing site P594 for year 2009
Processing site P595 for year 2009
Processing site P596 for year 2009
Processing site P597 for year 2009
Processing site P598 for year 2009
Processing site P599 for year 2009
Processing site P600 for year 2009
Processing site P601 for year 2009
Processing site P603 for year 2009
Processing site P604 for year 2009
Processing site P605 for year 2009
Processing site P606 for year 2009
Processing site P607 for year 2009
Processing site P608 for year 2009
Processing site P609 for year 2009
Processing site P610 for year 2009
Processing site P611 for year 2009
Processing site P612 for year 2009
Processing site P613 for year 2009
Processing site P614 for year 2009
Processing site P615 for year 2009
Processing site P616 for year 2009
Processing site P617 for year 2009
Processing site P618 for year 2009
Processing site P619 for year 2009
Processing site P620 for year 2009
Processing site P621 for year 2009
Processing site P622 for year 2009
Processing site P626 for year 2009
Processing site P627 for year 2009
Processing site P628 for year 2009
Processing site P629 for year 2009
Processing site P630 for year 2009
Processing site P631 for year 2009
Processing site P632 for year 2009
Processing site P633 for year 2009
Processing site P634 for year 2009
Processing site P635 for year 2009
Processing site P636 for year 2009
Processing site P637 for year 2009
Processing site P638 for year 2009
Processing site P639 for year 2009
Processing site P640 for year 2009
Processing site P641 for year 2009
Processing site P642 for year 2009
Processing site P643 for year 2009
Processing site P644 for year 2009
Processing site P645 for year 2009
Processing site P646 for year 2009
Processing site P647 for year 2009
Processing site P648 for year 2009
Processing site P649 for year 2009
Processing site P650 for year 2009
Processing site P651 for year 2009
Processing site P652 for year 2009
Processing site P653 for year 2009
Processing site P723 for year 2009
Processing site P724 for year 2009
Processing site P726 for year 2009
Processing site P727 for year 2009
Processing site P729 for year 2009
Processing site P741 for year 2009
Processing site P742 for year 2009
Processing site P744 for year 2009
Processing site PBPP for year 2009
Processing site PERL for year 2009
Processing site PHIN for year 2009
Processing site PHLB for year 2009
Processing site PIN1 for year 2009
Processing site PIN2 for year 2009
Processing site PKRD for year 2009
Processing site PMOB for year 2009
Processing site PMTN for year 2009
Processing site POIN for year 2009
Processing site POTR for year 2009
Processing site PPBF for year 2009
Processing site PSAP for year 2009
Processing site PSDM for year 2009
Processing site PVE3 for year 2009
Processing site PVHS for year 2009
Processing site PVRS for year 2009
Processing site RAAP for year 2009
Processing site RAMT for year 2009
Processing site RCA2 for year 2009
Processing site RDMT for year 2009
Processing site RDOM for year 2009
Processing site REP2 for year 2009
Processing site REP3 for year 2009
Processing site REP4 for year 2009
Processing site RHCL for year 2009
Processing site ROCK for year 2009
Processing site ROGE for year 2009
Processing site RSTP for year 2009
Processing site RSVY for year 2009
Processing site RTHS for year 2009
Processing site RUMP for year 2009
Processing site RYAN for year 2009
Processing site SACY for year 2009
Processing site SAWC for year 2009
Processing site SBCC for year 2009
Processing site SCIA for year 2009
Processing site SCIP for year 2009
Processing site SDHL for year 2009
Processing site SFDM for year 2009
Processing site SGDM for year 2009
Processing site SHOS for year 2009
Processing site SHRC for year 2009
Processing site SILK for year 2009
Processing site SIO3 for year 2009
Processing site SIO5 for year 2009
Processing site SKUL for year 2009
Processing site SKYB for year 2009
Processing site SLMS for year 2009
Processing site SMYC for year 2009
Processing site SNHS for year 2009
Processing site SNI1 for year 2009
Processing site SNOG for year 2009
Processing site SOMT for year 2009
Processing site SPK1 for year 2009
Processing site SPMS for year 2009
Processing site STRI for year 2009
Processing site TABL for year 2009
Processing site TATE for year 2009
Processing site THCP for year 2009
Processing site TILC for year 2009
Processing site TIVA for year 2009
Processing site TMAP for year 2009
Processing site TORP for year 2009
Processing site TOST for year 2009
Processing site TRAK for year 2009
Processing site TROY for year 2009
Processing site TWMS for year 2009
Processing site UCLP for year 2009
Processing site USC1 for year 2009
Processing site USGC for year 2009
Processing site VCST for year 2009
Processing site VDCY for year 2009
Processing site VIMT for year 2009
Processing site VINE for year 2009
Processing site VNCO for year 2009
Processing site VNCX for year 2009
Processing site VNPS for year 2009
Processing site VONS for year 2009
Processing site VTIS for year 2009
Processing site VYAS for year 2009
Processing site WATC for year 2009
Processing site WCHS for year 2009
Processing site WGPP for year 2009
Processing site WHC1 for year 2009
Processing site WHYT for year 2009
Processing site WIDC for year 2009
Processing site WKPK for year 2009
Processing site WLSN for year 2009
Processing site WMAP for year 2009
Processing site WNRA for year 2009
Processing site WOMT for year 2009
Processing site WRHS for year 2009
Processing site WWMT for year 2009
Processing site MINS for year 2009
Processing site HNPS for year 2009
Processing site UCSB for year 2009
Processing site BLSA for year 2009
Processing site CRAT for year 2009
Processing site RELA for year 2009
Processing site REPO for year 2009
Processing site MTA1 for year 2009
Processing site P725 for year 2009
Processing site P740 for year 2009
Processing site ARGU for year 2009
Processing site FSHB for year 2009
Processing site BOMG for year 2009
Processing site QHTP for year 2009
Processing site THMG for year 2009
Processing site MSCG for year 2009
Processing site TABV for year 2009
Processing site COSO for year 2009
Processing site P795 for year 2009
Processing site LPCG for year 2009
                    Timestamp  Site  ...  Precipitation_Label_approx  ffw
0  2009-10-18 18:40:00.000000  BULL  ...                         0.0    0
0  2009-01-01 00:00:00.000000  7ODM  ...                         0.0    0
0  2009-05-26 19:50:00.000003  P744  ...                         0.0    0
1  2009-10-18 18:45:00.000000  BULL  ...                         0.0    0
1  2009-05-26 19:55:00.000003  P744  ...                         0.0    0
1  2009-01-01 00:05:00.000000  7ODM  ...                         0.0    0
2  2009-01-01 00:10:00.000000  7ODM  ...                         0.0    0
2  2009-10-18 18:50:00.000000  BULL  ...                         0.0    0
2  2009-05-26 20:00:00.000003  P744  ...                         0.0    0
3  2009-10-18 18:55:00.000000  BULL  ...                         0.0    0

[10 rows x 16 columns]
Number of rows in result_df before saving: 47480804
Successfully processed and saved data for year 2009
Successfully processed year 2009
Processing year 2010
Processing site 7ODM for year 2010
Processing site AGMT for year 2010
Processing site ALAM for year 2010
Processing site ALPP for year 2010
Processing site ANA1 for year 2010
Processing site ARGU for year 2010
Processing site ARM1 for year 2010
Processing site ARM2 for year 2010
Processing site ASHM for year 2010
Processing site AVRY for year 2010
Processing site AZRY for year 2010
Processing site AZU1 for year 2010
Processing site BALD for year 2010
Processing site BAR1 for year 2010
Processing site BATM for year 2010
Processing site BBDM for year 2010
Processing site BBRY for year 2010
Processing site BCWR for year 2010
Processing site BEAT for year 2010
Processing site BEMT for year 2010
Processing site BEPK for year 2010
Processing site BGIS for year 2010
Processing site BILL for year 2010
Processing site BKAP for year 2010
Processing site BKMS for year 2010
Processing site BKR1 for year 2010
Processing site BKR2 for year 2010
Processing site BLSA for year 2010
Processing site BMHL for year 2010
Processing site BMRY for year 2010
Processing site BOMG for year 2010
Processing site BRAN for year 2010
Processing site BRPK for year 2010
Processing site BSRY for year 2010
Processing site BTDM for year 2010
Processing site BULL for year 2010
Processing site BUST for year 2010
Processing site BVPP for year 2010
Processing site CA99 for year 2010
Processing site CACT for year 2010
Processing site CAT2 for year 2010
Processing site CAT3 for year 2010
Processing site CBHS for year 2010
Processing site CCCC for year 2010
Processing site CCCO for year 2010
Processing site CCCS for year 2010
Processing site CCST for year 2010
Processing site CDMT for year 2010
Processing site CGDM for year 2010
Processing site CHLO for year 2010
Processing site CHMS for year 2010
Processing site CIRX for year 2010
Processing site CIT1 for year 2010
Processing site CJMS for year 2010
Processing site CLAR for year 2010
Processing site CNPP for year 2010
Processing site COPR for year 2010
Processing site COSO for year 2010
Processing site COTD for year 2010
Processing site CPBN for year 2010
Processing site CRAM for year 2010
Processing site CRAT for year 2010
Processing site CRFP for year 2010
Processing site CRHS for year 2010
Processing site CRRS for year 2010
Processing site CRU1 for year 2010
Processing site CSCI for year 2010
Processing site CSDH for year 2010
Processing site CSN1 for year 2010
Processing site CSST for year 2010
Processing site CTDM for year 2010
Processing site CTMS for year 2010
Processing site CUHS for year 2010
Processing site CVHS for year 2010
Processing site DDMN for year 2010
Processing site DESC for year 2010
Processing site DHLG for year 2010
Processing site DSHS for year 2010
Processing site DSME for year 2010
Processing site DSSC for year 2010
Processing site DVLE for year 2010
Processing site DVLW for year 2010
Processing site DVPB for year 2010
Processing site DYER for year 2010
Processing site ECFS for year 2010
Processing site EDPP for year 2010
Processing site ELSC for year 2010
Processing site ESE2 for year 2010
Processing site ESRW for year 2010
Processing site EWPP for year 2010
Processing site FMTP for year 2010
Processing site FMVT for year 2010
Processing site FVPK for year 2010
Processing site FXHS for year 2010
Processing site FZHS for year 2010
Processing site GDEC for year 2010
Processing site GLRS for year 2010
Processing site GMRC for year 2010
Processing site GOL2 for year 2010
Processing site GOLD for year 2010
Processing site GVRS for year 2010
Processing site HBCO for year 2010
Processing site HCMN for year 2010
Processing site HELL for year 2010
Processing site HIVI for year 2010
Processing site HNPS for year 2010
Processing site HOL3 for year 2010
Processing site HOLP for year 2010
Processing site HOTK for year 2010
Processing site HVYS for year 2010
Processing site I40A for year 2010
Processing site IBEX for year 2010
Processing site IID2 for year 2010
Processing site IMPS for year 2010
Processing site ISLK for year 2010
Processing site JOHN for year 2010
Processing site JPLM for year 2010
Processing site KBRC for year 2010
Processing site KNOL for year 2010
Processing site KRAC for year 2010
Processing site KYVW for year 2010
Processing site LAPC for year 2010
Processing site LBC1 for year 2010
Processing site LBC2 for year 2010
Processing site LBCH for year 2010
Processing site LDES for year 2010
Processing site LDSW for year 2010
Processing site LEEP for year 2010
Processing site LFRS for year 2010
Processing site LICE for year 2010
Processing site LINC for year 2010
Processing site LITT for year 2010
Processing site LJRN for year 2010
Processing site LL01 for year 2010
Processing site LLAS for year 2010
Processing site LNMT for year 2010
Processing site LONG for year 2010
Processing site LORS for year 2010
Processing site LPCG for year 2010
Processing site LVMS for year 2010
Processing site MAT2 for year 2010
Processing site MERC for year 2010
Processing site MHMS for year 2010
Processing site MINS for year 2010
Processing site MJPK for year 2010
Processing site MLFP for year 2010
Processing site MONP for year 2010
Processing site MPWD for year 2010
Processing site MRDM for year 2010
Processing site MSCG for year 2010
Processing site MSOB for year 2010
Processing site MTA1 for year 2010
Processing site MUSB for year 2010
Processing site MVFD for year 2010
Processing site MWTP for year 2010
Processing site NEVA for year 2010
Processing site NHRG for year 2010
Processing site NOCO for year 2010
Processing site NOPE for year 2010
Processing site NOPK for year 2010
Processing site NSSS for year 2010
Processing site OAES for year 2010
Processing site OEOC for year 2010
Processing site OPBL for year 2010
Processing site OPCL for year 2010
Processing site OPCP for year 2010
Processing site OPCX for year 2010
Processing site OPRD for year 2010
Processing site ORMT for year 2010
Processing site OVLS for year 2010
Processing site OXYC for year 2010
Processing site OZST for year 2010
Processing site P056 for year 2010
Processing site P066 for year 2010
Processing site P091 for year 2010
Processing site P092 for year 2010
Processing site P093 for year 2010
Processing site P094 for year 2010
Processing site P245 for year 2010
Processing site P308 for year 2010
Processing site P311 for year 2010
Processing site P462 for year 2010
Processing site P463 for year 2010
Processing site P464 for year 2010
Processing site P465 for year 2010
Processing site P466 for year 2010
Processing site P467 for year 2010
Processing site P468 for year 2010
Processing site P469 for year 2010
Processing site P470 for year 2010
Processing site P471 for year 2010
Processing site P472 for year 2010
Processing site P473 for year 2010
Processing site P474 for year 2010
Processing site P475 for year 2010
Processing site P476 for year 2010
Processing site P477 for year 2010
Processing site P478 for year 2010
Processing site P479 for year 2010
Processing site P480 for year 2010
Processing site P481 for year 2010
Processing site P482 for year 2010
Processing site P483 for year 2010
Processing site P484 for year 2010
Processing site P485 for year 2010
Processing site P486 for year 2010
Processing site P487 for year 2010
Processing site P488 for year 2010
Processing site P489 for year 2010
Processing site P490 for year 2010
Processing site P491 for year 2010
Processing site P492 for year 2010
Processing site P493 for year 2010
Processing site P494 for year 2010
Processing site P495 for year 2010
Processing site P496 for year 2010
Processing site P497 for year 2010
Processing site P498 for year 2010
Processing site P499 for year 2010
Processing site P500 for year 2010
Processing site P501 for year 2010
Processing site P502 for year 2010
Processing site P503 for year 2010
Processing site P504 for year 2010
Processing site P505 for year 2010
Processing site P506 for year 2010
Processing site P507 for year 2010
Processing site P508 for year 2010
Processing site P509 for year 2010
Processing site P510 for year 2010
Processing site P511 for year 2010
Processing site P512 for year 2010
Processing site P517 for year 2010
Processing site P519 for year 2010
Processing site P520 for year 2010
Processing site P521 for year 2010
Processing site P522 for year 2010
Processing site P537 for year 2010
Processing site P543 for year 2010
Processing site P544 for year 2010
Processing site P545 for year 2010
Processing site P547 for year 2010
Processing site P548 for year 2010
Processing site P549 for year 2010
Processing site P550 for year 2010
Processing site P551 for year 2010
Processing site P553 for year 2010
Processing site P554 for year 2010
Processing site P555 for year 2010
Processing site P556 for year 2010
Processing site P557 for year 2010
Processing site P558 for year 2010
Processing site P559 for year 2010
Processing site P560 for year 2010
Processing site P561 for year 2010
Processing site P562 for year 2010
Processing site P563 for year 2010
Processing site P564 for year 2010
Processing site P565 for year 2010
Processing site P566 for year 2010
Processing site P567 for year 2010
Processing site P568 for year 2010
Processing site P569 for year 2010
Processing site P570 for year 2010
Processing site P571 for year 2010
Processing site P572 for year 2010
Processing site P573 for year 2010
Processing site P574 for year 2010
Processing site P575 for year 2010
Processing site P577 for year 2010
Processing site P579 for year 2010
Processing site P580 for year 2010
Processing site P581 for year 2010
Processing site P582 for year 2010
Processing site P583 for year 2010
Processing site P584 for year 2010
Processing site P585 for year 2010
Processing site P586 for year 2010
Processing site P587 for year 2010
Processing site P588 for year 2010
Processing site P589 for year 2010
Processing site P590 for year 2010
Processing site P591 for year 2010
Processing site P592 for year 2010
Processing site P593 for year 2010
Processing site P594 for year 2010
Processing site P595 for year 2010
Processing site P596 for year 2010
Processing site P597 for year 2010
Processing site P598 for year 2010
Processing site P599 for year 2010
Processing site P600 for year 2010
Processing site P601 for year 2010
Processing site P603 for year 2010
Processing site P604 for year 2010
Processing site P605 for year 2010
Processing site P606 for year 2010
Processing site P607 for year 2010
Processing site P608 for year 2010
Processing site P609 for year 2010
Processing site P610 for year 2010
Processing site P611 for year 2010
Processing site P612 for year 2010
Processing site P613 for year 2010
Processing site P614 for year 2010
Processing site P615 for year 2010
Processing site P616 for year 2010
Processing site P617 for year 2010
Processing site P618 for year 2010
Processing site P619 for year 2010
Processing site P620 for year 2010
Processing site P621 for year 2010
Processing site P622 for year 2010
Processing site P626 for year 2010
Processing site P627 for year 2010
Processing site P628 for year 2010
Processing site P629 for year 2010
Processing site P630 for year 2010
Processing site P631 for year 2010
Processing site P632 for year 2010
Processing site P633 for year 2010
Processing site P634 for year 2010
Processing site P635 for year 2010
Processing site P636 for year 2010
Processing site P637 for year 2010
Processing site P638 for year 2010
Processing site P639 for year 2010
Processing site P640 for year 2010
Processing site P641 for year 2010
Processing site P642 for year 2010
Processing site P643 for year 2010
Processing site P644 for year 2010
Processing site P645 for year 2010
Processing site P646 for year 2010
Processing site P647 for year 2010
Processing site P648 for year 2010
Processing site P649 for year 2010
Processing site P650 for year 2010
Processing site P651 for year 2010
Processing site P652 for year 2010
Processing site P653 for year 2010
Processing site P723 for year 2010
Processing site P724 for year 2010
Processing site P725 for year 2010
Processing site P726 for year 2010
Processing site P727 for year 2010
Processing site P729 for year 2010
Processing site P740 for year 2010
Processing site P741 for year 2010
Processing site P742 for year 2010
Processing site P744 for year 2010
Processing site P795 for year 2010
Processing site PBPP for year 2010
Processing site PERL for year 2010
Processing site PHIN for year 2010
Processing site PHLB for year 2010
Processing site PIN1 for year 2010
Processing site PIN2 for year 2010
Processing site PKRD for year 2010
Processing site PMOB for year 2010
Processing site PMTN for year 2010
Processing site POIN for year 2010
Processing site POTR for year 2010
Processing site PPBF for year 2010
Processing site PSAP for year 2010
Processing site PSDM for year 2010
Processing site PVE3 for year 2010
Processing site PVHS for year 2010
Processing site PVRS for year 2010
Processing site QHTP for year 2010
Processing site RAAP for year 2010
Processing site RAMT for year 2010
Processing site RCA2 for year 2010
Processing site RDMT for year 2010
Processing site RDOM for year 2010
Processing site RELA for year 2010
Processing site REP2 for year 2010
Processing site REP3 for year 2010
Processing site REP4 for year 2010
Processing site REPO for year 2010
Processing site RHCL for year 2010
Processing site ROCK for year 2010
Processing site ROGE for year 2010
Processing site RSTP for year 2010
Processing site RSVY for year 2010
Processing site RTHS for year 2010
Processing site RUMP for year 2010
Processing site RYAN for year 2010
Processing site SACY for year 2010
Processing site SAWC for year 2010
Processing site SBCC for year 2010
Processing site SCIA for year 2010
Processing site SDHL for year 2010
Processing site SFDM for year 2010
Processing site SGDM for year 2010
Processing site SHOS for year 2010
Processing site SHRC for year 2010
Processing site SILK for year 2010
Processing site SIO3 for year 2010
Processing site SIO5 for year 2010
Processing site SKUL for year 2010
Processing site SKYB for year 2010
Processing site SLMS for year 2010
Processing site SMYC for year 2010
Processing site SNI1 for year 2010
Processing site SNOG for year 2010
Processing site SOMT for year 2010
Processing site SPK1 for year 2010
Processing site SPMS for year 2010
Processing site STRI for year 2010
Processing site TABL for year 2010
Processing site TABV for year 2010
Processing site TATE for year 2010
Processing site THCP for year 2010
Processing site THMG for year 2010
Processing site TILC for year 2010
Processing site TIVA for year 2010
Processing site TMAP for year 2010
Processing site TORP for year 2010
Processing site TOST for year 2010
Processing site TRAK for year 2010
Processing site TROY for year 2010
Processing site TWMS for year 2010
Processing site UCLP for year 2010
Processing site UCSB for year 2010
Processing site USC1 for year 2010
Processing site USGC for year 2010
Processing site VCST for year 2010
Processing site VDCY for year 2010
Processing site VIMT for year 2010
Processing site VINE for year 2010
Processing site VNCO for year 2010
Processing site VNCX for year 2010
Processing site VNPS for year 2010
Processing site VONS for year 2010
Processing site VTIS for year 2010
Processing site VYAS for year 2010
Processing site WATC for year 2010
Processing site WCHS for year 2010
Processing site WGPP for year 2010
Processing site WHC1 for year 2010
Processing site WHYT for year 2010
Processing site WIDC for year 2010
Processing site WKPK for year 2010
Processing site WLSN for year 2010
Processing site WMAP for year 2010
Processing site WNRA for year 2010
Processing site WOMT for year 2010
Processing site WRHS for year 2010
Processing site WWMT for year 2010
Processing site SNHS for year 2010
Processing site GHRP for year 2010
Processing site SCIP for year 2010
Processing site DYHS for year 2010
Processing site ELTN for year 2010
Processing site LINJ for year 2010
Processing site IDOG for year 2010
Processing site IDQG for year 2010
Processing site CMP9 for year 2010
Processing site P797 for year 2010
Processing site PALX for year 2010
Processing site DVLS for year 2010
Processing site DVNE for year 2010
Processing site DVNW for year 2010
Processing site DVSW for year 2010
Processing site LEMA for year 2010
Processing site DOND for year 2010
Processing site RBRU for year 2010
Processing site DONO for year 2010
Processing site RAPT for year 2010
Processing site CRCN for year 2010
Processing site FHOG for year 2010
Processing site CHIL for year 2010
Processing site LEBC for year 2010
Processing site TEHA for year 2010
Processing site PLPX for year 2010
Processing site PLTX for year 2010
Processing site DLNO for year 2010
                    Timestamp  Site  ...  Precipitation_Label_approx  ffw
0  2010-05-31 21:29:59.999997  HOTK  ...                         0.0    0
0  2010-10-28 20:40:00.000002  P548  ...                         0.0    0
0  2010-01-01 00:00:00.000000  7ODM  ...                         0.0    0
1  2010-10-28 20:45:00.000002  P548  ...                         0.0    0
1  2010-01-01 00:05:00.000000  7ODM  ...                         0.0    0
1  2010-05-31 21:34:59.999997  HOTK  ...                         0.0    0
2  2010-10-28 20:50:00.000002  P548  ...                         0.0    0
2  2010-01-01 00:10:00.000000  7ODM  ...                         0.0    0
2  2010-05-31 21:39:59.999997  HOTK  ...                         0.0    0
3  2010-01-01 00:15:00.000000  7ODM  ...                         0.0    0

[10 rows x 16 columns]
Number of rows in result_df before saving: 45827527
Successfully processed and saved data for year 2010
Successfully processed year 2010
Processing year 2011
Processing site 7ODM for year 2011
Processing site AGMT for year 2011
Processing site ALPP for year 2011
Processing site ANA1 for year 2011
Processing site ARGU for year 2011
Processing site AVRY for year 2011
Processing site AZRY for year 2011
Processing site AZU1 for year 2011
Processing site BALD for year 2011
Processing site BAR1 for year 2011
Processing site BBDM for year 2011
Processing site BBRY for year 2011
Processing site BCWR for year 2011
Processing site BEMT for year 2011
Processing site BEPK for year 2011
Processing site BGIS for year 2011
Processing site BILL for year 2011
Processing site BKAP for year 2011
Processing site BKMS for year 2011
Processing site BKR1 for year 2011
Processing site BKR2 for year 2011
Processing site BMHL for year 2011
Processing site BOMG for year 2011
Processing site BRAN for year 2011
Processing site BRPK for year 2011
Processing site BSRY for year 2011
Processing site BTDM for year 2011
Processing site BVPP for year 2011
Processing site CA99 for year 2011
Processing site CAT2 for year 2011
Processing site CAT3 for year 2011
Processing site CBHS for year 2011
Processing site CCCC for year 2011
Processing site CCCO for year 2011
Processing site CCCS for year 2011
Processing site CCST for year 2011
Processing site CDMT for year 2011
Processing site CGDM for year 2011
Processing site CHIL for year 2011
Processing site CHMS for year 2011
Processing site CIRX for year 2011
Processing site CIT1 for year 2011
Processing site CJMS for year 2011
Processing site CLAR for year 2011
Processing site CMP9 for year 2011
Processing site CNPP for year 2011
Processing site COPR for year 2011
Processing site COSO for year 2011
Processing site COTD for year 2011
Processing site CPBN for year 2011
Processing site CRCN for year 2011
Processing site CRFP for year 2011
Processing site CRHS for year 2011
Processing site CRRS for year 2011
Processing site CRU1 for year 2011
Processing site CSCI for year 2011
Processing site CSDH for year 2011
Processing site CSST for year 2011
Processing site CTDM for year 2011
Processing site CTMS for year 2011
Processing site CUHS for year 2011
Processing site CVHS for year 2011
Processing site DDMN for year 2011
Processing site DESC for year 2011
Processing site DOND for year 2011
Processing site DSHS for year 2011
Processing site DSME for year 2011
Processing site DSSC for year 2011
Processing site DVLE for year 2011
Processing site DVLW for year 2011
Processing site DVNE for year 2011
Processing site DVNW for year 2011
Processing site DVSW for year 2011
Processing site DYHS for year 2011
Processing site ECFS for year 2011
Processing site EDPP for year 2011
Processing site ELTN for year 2011
Processing site ESE2 for year 2011
Processing site ESRW for year 2011
Processing site EWPP for year 2011
Processing site FHOG for year 2011
Processing site FMTP for year 2011
Processing site FMVT for year 2011
Processing site FVPK for year 2011
Processing site FZHS for year 2011
Processing site GDEC for year 2011
Processing site GHRP for year 2011
Processing site GLRS for year 2011
Processing site GMRC for year 2011
Processing site GOL2 for year 2011
Processing site GOLD for year 2011
Processing site GVRS for year 2011
Processing site HBCO for year 2011
Processing site HCMN for year 2011
Processing site HIVI for year 2011
Processing site HNPS for year 2011
Processing site HOL3 for year 2011
Processing site HOLP for year 2011
Processing site HOTK for year 2011
Processing site HVYS for year 2011
Processing site I40A for year 2011
Processing site IDOG for year 2011
Processing site IDQG for year 2011
Processing site IID2 for year 2011
Processing site IMPS for year 2011
Processing site ISLK for year 2011
Processing site JPLM for year 2011
Processing site KBRC for year 2011
Processing site KNOL for year 2011
Processing site KRAC for year 2011
Processing site KYVW for year 2011
Processing site LAPC for year 2011
Processing site LBC1 for year 2011
Processing site LBCH for year 2011
Processing site LDES for year 2011
Processing site LDSW for year 2011
Processing site LEBC for year 2011
Processing site LEEP for year 2011
Processing site LEMA for year 2011
Processing site LFRS for year 2011
Processing site LINC for year 2011
Processing site LINJ for year 2011
Processing site LJRN for year 2011
Processing site LL01 for year 2011
Processing site LLAS for year 2011
Processing site LNMT for year 2011
Processing site LONG for year 2011
Processing site LORS for year 2011
Processing site LPCG for year 2011
Processing site LVMS for year 2011
Processing site MAT2 for year 2011
Processing site MERC for year 2011
Processing site MHMS for year 2011
Processing site MJPK for year 2011
Processing site MLFP for year 2011
Processing site MONP for year 2011
Processing site MPWD for year 2011
Processing site MRDM for year 2011
Processing site MSCG for year 2011
Processing site MSOB for year 2011
Processing site MUSB for year 2011
Processing site MVFD for year 2011
Processing site MWTP for year 2011
Processing site NHRG for year 2011
Processing site NOCO for year 2011
Processing site NOPE for year 2011
Processing site NOPK for year 2011
Processing site NSSS for year 2011
Processing site OAES for year 2011
Processing site OPBL for year 2011
Processing site OPCL for year 2011
Processing site OPCP for year 2011
Processing site OPCX for year 2011
Processing site OPRD for year 2011
Processing site ORMT for year 2011
Processing site OVLS for year 2011
Processing site OXYC for year 2011
Processing site OZST for year 2011
Processing site P056 for year 2011
Processing site P066 for year 2011
Processing site P091 for year 2011
Processing site P092 for year 2011
Processing site P093 for year 2011
Processing site P094 for year 2011
Processing site P245 for year 2011
Processing site P308 for year 2011
Processing site P311 for year 2011
Processing site P462 for year 2011
Processing site P463 for year 2011
Processing site P464 for year 2011
Processing site P465 for year 2011
Processing site P466 for year 2011
Processing site P467 for year 2011
Processing site P468 for year 2011
Processing site P469 for year 2011
Processing site P470 for year 2011
Processing site P471 for year 2011
Processing site P472 for year 2011
Processing site P473 for year 2011
Processing site P474 for year 2011
Processing site P475 for year 2011
Processing site P476 for year 2011
Processing site P477 for year 2011
Processing site P478 for year 2011
Processing site P479 for year 2011
Processing site P480 for year 2011
Processing site P481 for year 2011
Processing site P482 for year 2011
Processing site P483 for year 2011
Processing site P484 for year 2011
Processing site P485 for year 2011
Processing site P486 for year 2011
Processing site P487 for year 2011
Processing site P488 for year 2011
Processing site P489 for year 2011
Processing site P490 for year 2011
Processing site P491 for year 2011
Processing site P492 for year 2011
Processing site P493 for year 2011
Processing site P494 for year 2011
Processing site P495 for year 2011
Processing site P496 for year 2011
Processing site P497 for year 2011
Processing site P498 for year 2011
Processing site P499 for year 2011
Processing site P500 for year 2011
Processing site P501 for year 2011
Processing site P502 for year 2011
Processing site P503 for year 2011
Processing site P504 for year 2011
Processing site P505 for year 2011
Processing site P506 for year 2011
Processing site P507 for year 2011
Processing site P508 for year 2011
Processing site P509 for year 2011
Processing site P510 for year 2011
Processing site P511 for year 2011
Processing site P512 for year 2011
Processing site P517 for year 2011
Processing site P519 for year 2011
Processing site P520 for year 2011
Processing site P521 for year 2011
Processing site P522 for year 2011
Processing site P537 for year 2011
Processing site P543 for year 2011
Processing site P544 for year 2011
Processing site P545 for year 2011
Processing site P547 for year 2011
Processing site P548 for year 2011
Processing site P549 for year 2011
Processing site P550 for year 2011
Processing site P551 for year 2011
Processing site P553 for year 2011
Processing site P554 for year 2011
Processing site P555 for year 2011
Processing site P556 for year 2011
Processing site P557 for year 2011
Processing site P558 for year 2011
Processing site P559 for year 2011
Processing site P560 for year 2011
Processing site P561 for year 2011
Processing site P562 for year 2011
Processing site P563 for year 2011
Processing site P564 for year 2011
Processing site P565 for year 2011
Processing site P566 for year 2011
Processing site P567 for year 2011
Processing site P568 for year 2011
Processing site P569 for year 2011
Processing site P570 for year 2011
Processing site P571 for year 2011
Processing site P572 for year 2011
Processing site P573 for year 2011
Processing site P574 for year 2011
Processing site P575 for year 2011
Processing site P577 for year 2011
Processing site P579 for year 2011
Processing site P580 for year 2011
Processing site P581 for year 2011
Processing site P582 for year 2011
Processing site P583 for year 2011
Processing site P585 for year 2011
Processing site P586 for year 2011
Processing site P587 for year 2011
Processing site P588 for year 2011
Processing site P589 for year 2011
Processing site P590 for year 2011
Processing site P591 for year 2011
Processing site P592 for year 2011
Processing site P593 for year 2011
Processing site P594 for year 2011
Processing site P595 for year 2011
Processing site P596 for year 2011
Processing site P597 for year 2011
Processing site P598 for year 2011
Processing site P599 for year 2011
Processing site P600 for year 2011
Processing site P601 for year 2011
Processing site P603 for year 2011
Processing site P604 for year 2011
Processing site P605 for year 2011
Processing site P606 for year 2011
Processing site P607 for year 2011
Processing site P608 for year 2011
Processing site P609 for year 2011
Processing site P610 for year 2011
Processing site P611 for year 2011
Processing site P612 for year 2011
Processing site P613 for year 2011
Processing site P614 for year 2011
Processing site P615 for year 2011
Processing site P616 for year 2011
Processing site P617 for year 2011
Processing site P618 for year 2011
Processing site P619 for year 2011
Processing site P620 for year 2011
Processing site P621 for year 2011
Processing site P622 for year 2011
Processing site P626 for year 2011
Processing site P627 for year 2011
Processing site P628 for year 2011
Processing site P629 for year 2011
Processing site P630 for year 2011
Processing site P631 for year 2011
Processing site P632 for year 2011
Processing site P633 for year 2011
Processing site P634 for year 2011
Processing site P636 for year 2011
Processing site P637 for year 2011
Processing site P638 for year 2011
Processing site P639 for year 2011
Processing site P640 for year 2011
Processing site P641 for year 2011
Processing site P642 for year 2011
Processing site P643 for year 2011
Processing site P644 for year 2011
Processing site P645 for year 2011
Processing site P646 for year 2011
Processing site P647 for year 2011
Processing site P648 for year 2011
Processing site P649 for year 2011
Processing site P650 for year 2011
Processing site P651 for year 2011
Processing site P652 for year 2011
Processing site P653 for year 2011
Processing site P723 for year 2011
Processing site P724 for year 2011
Processing site P725 for year 2011
Processing site P726 for year 2011
Processing site P727 for year 2011
Processing site P729 for year 2011
Processing site P740 for year 2011
Processing site P741 for year 2011
Processing site P742 for year 2011
Processing site P744 for year 2011
Processing site P795 for year 2011
Processing site P797 for year 2011
Processing site PALX for year 2011
Processing site PBPP for year 2011
Processing site PERL for year 2011
Processing site PHLB for year 2011
Processing site PIN1 for year 2011
Processing site PIN2 for year 2011
Processing site PKRD for year 2011
Processing site PLPX for year 2011
Processing site PLTX for year 2011
Processing site PMOB for year 2011
Processing site PMTN for year 2011
Processing site POTR for year 2011
Processing site PPBF for year 2011
Processing site PSAP for year 2011
Processing site PSDM for year 2011
Processing site PVE3 for year 2011
Processing site PVHS for year 2011
Processing site PVRS for year 2011
Processing site RAAP for year 2011
Processing site RAMT for year 2011
Processing site RAPT for year 2011
Processing site RBRU for year 2011
Processing site RCA2 for year 2011
Processing site RDMT for year 2011
Processing site RDOM for year 2011
Processing site RHCL for year 2011
Processing site ROCK for year 2011
Processing site RSTP for year 2011
Processing site RSVY for year 2011
Processing site RTHS for year 2011
Processing site SACY for year 2011
Processing site SAWC for year 2011
Processing site SBCC for year 2011
Processing site SCIA for year 2011
Processing site SDHL for year 2011
Processing site SFDM for year 2011
Processing site SGDM for year 2011
Processing site SHOS for year 2011
Processing site SHRC for year 2011
Processing site SILK for year 2011
Processing site SIO3 for year 2011
Processing site SIO5 for year 2011
Processing site SKYB for year 2011
Processing site SLMS for year 2011
Processing site SMYC for year 2011
Processing site SNHS for year 2011
Processing site SNOG for year 2011
Processing site SOMT for year 2011
Processing site SPMS for year 2011
Processing site TABL for year 2011
Processing site TABV for year 2011
Processing site TEHA for year 2011
Processing site THCP for year 2011
Processing site THMG for year 2011
Processing site TILC for year 2011
Processing site TOST for year 2011
Processing site TRAK for year 2011
Processing site TWMS for year 2011
Processing site UCLP for year 2011
Processing site UCSB for year 2011
Processing site USC1 for year 2011
Processing site USGC for year 2011
Processing site VCST for year 2011
Processing site VDCY for year 2011
Processing site VIMT for year 2011
Processing site VNCO for year 2011
Processing site VNCX for year 2011
Processing site VNPS for year 2011
Processing site VTIS for year 2011
Processing site WATC for year 2011
Processing site WCHS for year 2011
Processing site WGPP for year 2011
Processing site WHC1 for year 2011
Processing site WHYT for year 2011
Processing site WIDC for year 2011
Processing site WKPK for year 2011
Processing site WLSN for year 2011
Processing site WMAP for year 2011
Processing site WNRA for year 2011
Processing site WOMT for year 2011
Processing site WRHS for year 2011
Processing site BULL for year 2011
Processing site CHLO for year 2011
Processing site JOHN for year 2011
Processing site MINS for year 2011
Processing site OEOC for year 2011
Processing site POIN for year 2011
Processing site STRI for year 2011
Processing site TATE for year 2011
Processing site BLSA for year 2011
Processing site DONO for year 2011
Processing site CSN1 for year 2011
Processing site DVLS for year 2011
Processing site FXHS for year 2011
Processing site SPK1 for year 2011
Processing site LBC2 for year 2011
Processing site TORP for year 2011
Processing site P635 for year 2011
Processing site SCIP for year 2011
Processing site P584 for year 2011
Processing site DHLG for year 2011
Processing site QHTP for year 2011
Processing site P799 for year 2011
Processing site P800 for year 2011
Processing site SNI1 for year 2011
Processing site PJZX for year 2011
Processing site DVPB for year 2011
Processing site ARM1 for year 2011
Processing site ARM2 for year 2011
Processing site ELSC for year 2011
Processing site WWMT for year 2011
Processing site TMAP for year 2011
Processing site CACT for year 2011
Processing site LGWD for year 2011
Processing site PTEX for year 2011
Processing site PTAX for year 2011
Processing site DVSE for year 2011
Processing site DLUZ for year 2011
Processing site CLBD for year 2011
Processing site PHJX for year 2011
                    Timestamp  Site  ...  Precipitation_Label_approx  ffw
0  2011-01-01 00:05:00.000000  7ODM  ...                         0.0    0
0  2011-10-31 19:44:59.999998  P652  ...                         0.0    0
0  2011-06-01 13:20:00.000003  WRHS  ...                         0.0    0
1  2011-10-31 19:49:59.999998  P652  ...                         0.0    0
1  2011-06-01 13:25:00.000003  WRHS  ...                         0.0    0
1  2011-01-01 00:10:00.000000  7ODM  ...                         0.0    0
2  2011-06-01 13:30:00.000003  WRHS  ...                         0.0    0
2  2011-10-31 19:54:59.999998  P652  ...                         0.0    0
2  2011-01-01 00:15:00.000000  7ODM  ...                         0.0    0
3  2011-01-01 00:20:00.000000  7ODM  ...                         0.0    0

[10 rows x 16 columns]
Number of rows in result_df before saving: 45304384
Successfully processed and saved data for year 2011
Successfully processed year 2011
Processing year 2012
Processing site 7ODM for year 2012
Processing site AGMT for year 2012
Processing site ALPP for year 2012
Processing site ANA1 for year 2012
Processing site ARM1 for year 2012
Processing site ARM2 for year 2012
Processing site AVRY for year 2012
Processing site AZRY for year 2012
Processing site AZU1 for year 2012
Processing site BALD for year 2012
Processing site BAR1 for year 2012
Processing site BBDM for year 2012
Processing site BBRY for year 2012
Processing site BCWR for year 2012
Processing site BEMT for year 2012
Processing site BEPK for year 2012
Processing site BGIS for year 2012
Processing site BILL for year 2012
Processing site BKAP for year 2012
Processing site BKMS for year 2012
Processing site BKR1 for year 2012
Processing site BKR2 for year 2012
Processing site BLSA for year 2012
Processing site BMHL for year 2012
Processing site BOMG for year 2012
Processing site BRAN for year 2012
Processing site BRPK for year 2012
Processing site BSRY for year 2012
Processing site BTDM for year 2012
Processing site BVPP for year 2012
Processing site CA99 for year 2012
Processing site CACT for year 2012
Processing site CAT2 for year 2012
Processing site CAT3 for year 2012
Processing site CBHS for year 2012
Processing site CCCC for year 2012
Processing site CCCO for year 2012
Processing site CCCS for year 2012
Processing site CCST for year 2012
Processing site CDMT for year 2012
Processing site CGDM for year 2012
Processing site CHIL for year 2012
Processing site CHMS for year 2012
Processing site CIRX for year 2012
Processing site CIT1 for year 2012
Processing site CJMS for year 2012
Processing site CLAR for year 2012
Processing site CLBD for year 2012
Processing site CMP9 for year 2012
Processing site CNPP for year 2012
Processing site COPR for year 2012
Processing site COSO for year 2012
Processing site COTD for year 2012
Processing site CPBN for year 2012
Processing site CRCN for year 2012
Processing site CRHS for year 2012
Processing site CRRS for year 2012
Processing site CRU1 for year 2012
Processing site CSCI for year 2012
Processing site CSDH for year 2012
Processing site CSN1 for year 2012
Processing site CSST for year 2012
Processing site CTDM for year 2012
Processing site CTMS for year 2012
Processing site CUHS for year 2012
Processing site CVHS for year 2012
Processing site DDMN for year 2012
Processing site DESC for year 2012
Processing site DHLG for year 2012
Processing site DLUZ for year 2012
Processing site DOND for year 2012
Processing site DSME for year 2012
Processing site DSSC for year 2012
Processing site DVLS for year 2012
Processing site DVNW for year 2012
Processing site DVPB for year 2012
Processing site DVSE for year 2012
Processing site DVSW for year 2012
Processing site ECFS for year 2012
Processing site EDPP for year 2012
Processing site ELTN for year 2012
Processing site ESE2 for year 2012
Processing site ESRW for year 2012
Processing site EWPP for year 2012
Processing site FHOG for year 2012
Processing site FMTP for year 2012
Processing site FMVT for year 2012
Processing site FVPK for year 2012
Processing site FZHS for year 2012
Processing site GDEC for year 2012
Processing site GHRP for year 2012
Processing site GLRS for year 2012
Processing site GMRC for year 2012
Processing site GOL2 for year 2012
Processing site GOLD for year 2012
Processing site GVRS for year 2012
Processing site HCMN for year 2012
Processing site HIVI for year 2012
Processing site HNPS for year 2012
Processing site HOL3 for year 2012
Processing site HOLP for year 2012
Processing site HOTK for year 2012
Processing site HVYS for year 2012
Processing site I40A for year 2012
Processing site IDOG for year 2012
Processing site IDQG for year 2012
Processing site IID2 for year 2012
Processing site IMPS for year 2012
Processing site ISLK for year 2012
Processing site JPLM for year 2012
Processing site KBRC for year 2012
Processing site KNOL for year 2012
Processing site KRAC for year 2012
Processing site KYVW for year 2012
Processing site LAPC for year 2012
Processing site LBC1 for year 2012
Processing site LBC2 for year 2012
Processing site LBCH for year 2012
Processing site LDES for year 2012
Processing site LDSW for year 2012
Processing site LEEP for year 2012
Processing site LEMA for year 2012
Processing site LFRS for year 2012
Processing site LGWD for year 2012
Processing site LINC for year 2012
Processing site LJRN for year 2012
Processing site LL01 for year 2012
Processing site LLAS for year 2012
Processing site LNMT for year 2012
Processing site LONG for year 2012
Processing site LORS for year 2012
Processing site LVMS for year 2012
Processing site MAT2 for year 2012
Processing site MHMS for year 2012
Processing site MINS for year 2012
Processing site MJPK for year 2012
Processing site MLFP for year 2012
Processing site MONP for year 2012
Processing site MPWD for year 2012
Processing site MRDM for year 2012
Processing site MSOB for year 2012
Processing site MUSB for year 2012
Processing site MVFD for year 2012
Processing site MWTP for year 2012
Processing site NHRG for year 2012
Processing site NOCO for year 2012
Processing site NOPE for year 2012
Processing site NOPK for year 2012
Processing site NSSS for year 2012
Processing site OAES for year 2012
Processing site OEOC for year 2012
Processing site OPBL for year 2012
Processing site OPCL for year 2012
Processing site OPCP for year 2012
Processing site OPCX for year 2012
Processing site OPRD for year 2012
Processing site ORMT for year 2012
Processing site OVLS for year 2012
Processing site OXYC for year 2012
Processing site OZST for year 2012
Processing site P056 for year 2012
Processing site P066 for year 2012
Processing site P091 for year 2012
Processing site P092 for year 2012
Processing site P093 for year 2012
Processing site P094 for year 2012
Processing site P245 for year 2012
Processing site P308 for year 2012
Processing site P311 for year 2012
Processing site P462 for year 2012
Processing site P463 for year 2012
Processing site P464 for year 2012
Processing site P465 for year 2012
Processing site P466 for year 2012
Processing site P467 for year 2012
Processing site P468 for year 2012
Processing site P469 for year 2012
Processing site P470 for year 2012
Processing site P471 for year 2012
Processing site P472 for year 2012
Processing site P473 for year 2012
Processing site P474 for year 2012
Processing site P475 for year 2012
Processing site P476 for year 2012
Processing site P477 for year 2012
Processing site P478 for year 2012
Processing site P479 for year 2012
Processing site P480 for year 2012
Processing site P481 for year 2012
Processing site P482 for year 2012
Processing site P483 for year 2012
Processing site P484 for year 2012
Processing site P485 for year 2012
Processing site P486 for year 2012
Processing site P487 for year 2012
Processing site P488 for year 2012
Processing site P489 for year 2012
Processing site P490 for year 2012
Processing site P491 for year 2012
Processing site P492 for year 2012
Processing site P493 for year 2012
Processing site P494 for year 2012
Processing site P495 for year 2012
Processing site P496 for year 2012
Processing site P497 for year 2012
Processing site P498 for year 2012
Processing site P499 for year 2012
Processing site P500 for year 2012
Processing site P501 for year 2012
Processing site P502 for year 2012
Processing site P503 for year 2012
Processing site P504 for year 2012
Processing site P505 for year 2012
Processing site P506 for year 2012
Processing site P507 for year 2012
Processing site P508 for year 2012
Processing site P509 for year 2012
Processing site P510 for year 2012
Processing site P511 for year 2012
Processing site P512 for year 2012
Processing site P517 for year 2012
Processing site P519 for year 2012
Processing site P520 for year 2012
Processing site P521 for year 2012
Processing site P522 for year 2012
Processing site P537 for year 2012
Processing site P543 for year 2012
Processing site P544 for year 2012
Processing site P545 for year 2012
Processing site P547 for year 2012
Processing site P548 for year 2012
Processing site P549 for year 2012
Processing site P550 for year 2012
Processing site P551 for year 2012
Processing site P553 for year 2012
Processing site P554 for year 2012
Processing site P555 for year 2012
Processing site P556 for year 2012
Processing site P557 for year 2012
Processing site P558 for year 2012
Processing site P559 for year 2012
Processing site P560 for year 2012
Processing site P561 for year 2012
Processing site P562 for year 2012
Processing site P563 for year 2012
Processing site P564 for year 2012
Processing site P565 for year 2012
Processing site P566 for year 2012
Processing site P567 for year 2012
Processing site P568 for year 2012
Processing site P569 for year 2012
Processing site P570 for year 2012
Processing site P571 for year 2012
Processing site P572 for year 2012
Processing site P573 for year 2012
Processing site P574 for year 2012
Processing site P575 for year 2012
Processing site P577 for year 2012
Processing site P579 for year 2012
Processing site P580 for year 2012
Processing site P581 for year 2012
Processing site P582 for year 2012
Processing site P583 for year 2012
Processing site P584 for year 2012
Processing site P585 for year 2012
Processing site P586 for year 2012
Processing site P587 for year 2012
Processing site P588 for year 2012
Processing site P589 for year 2012
Processing site P590 for year 2012
Processing site P591 for year 2012
Processing site P592 for year 2012
Processing site P593 for year 2012
Processing site P594 for year 2012
Processing site P595 for year 2012
Processing site P596 for year 2012
Processing site P597 for year 2012
Processing site P598 for year 2012
Processing site P599 for year 2012
Processing site P600 for year 2012
Processing site P601 for year 2012
Processing site P603 for year 2012
Processing site P604 for year 2012
Processing site P605 for year 2012
Processing site P606 for year 2012
Processing site P607 for year 2012
Processing site P608 for year 2012
Processing site P609 for year 2012
Processing site P610 for year 2012
Processing site P611 for year 2012
Processing site P612 for year 2012
Processing site P613 for year 2012
Processing site P614 for year 2012
Processing site P615 for year 2012
Processing site P616 for year 2012
Processing site P617 for year 2012
Processing site P618 for year 2012
Processing site P619 for year 2012
Processing site P620 for year 2012
Processing site P621 for year 2012
Processing site P622 for year 2012
Processing site P626 for year 2012
Processing site P627 for year 2012
Processing site P628 for year 2012
Processing site P629 for year 2012
Processing site P630 for year 2012
Processing site P631 for year 2012
Processing site P632 for year 2012
Processing site P633 for year 2012
Processing site P634 for year 2012
Processing site P635 for year 2012
Processing site P636 for year 2012
Processing site P637 for year 2012
Processing site P638 for year 2012
Processing site P639 for year 2012
Processing site P640 for year 2012
Processing site P641 for year 2012
Processing site P642 for year 2012
Processing site P643 for year 2012
Processing site P644 for year 2012
Processing site P645 for year 2012
Processing site P646 for year 2012
Processing site P647 for year 2012
Processing site P648 for year 2012
Processing site P649 for year 2012
Processing site P650 for year 2012
Processing site P651 for year 2012
Processing site P652 for year 2012
Processing site P653 for year 2012
Processing site P723 for year 2012
Processing site P724 for year 2012
Processing site P725 for year 2012
Processing site P726 for year 2012
Processing site P727 for year 2012
Processing site P729 for year 2012
Processing site P740 for year 2012
Processing site P741 for year 2012
Processing site P742 for year 2012
Processing site P744 for year 2012
Processing site P795 for year 2012
Processing site P797 for year 2012
Processing site P799 for year 2012
Processing site P800 for year 2012
Processing site PALX for year 2012
Processing site PBPP for year 2012
Processing site PHJX for year 2012
Processing site PHLB for year 2012
Processing site PIN1 for year 2012
Processing site PIN2 for year 2012
Processing site PJZX for year 2012
Processing site PKRD for year 2012
Processing site PLPX for year 2012
Processing site PLTX for year 2012
Processing site PMOB for year 2012
Processing site PMTN for year 2012
Processing site POTR for year 2012
Processing site PPBF for year 2012
Processing site PSAP for year 2012
Processing site PSDM for year 2012
Processing site PTAX for year 2012
Processing site PTEX for year 2012
Processing site PVE3 for year 2012
Processing site PVHS for year 2012
Processing site PVRS for year 2012
Processing site RAAP for year 2012
Processing site RAMT for year 2012
Processing site RAPT for year 2012
Processing site RBRU for year 2012
Processing site RCA2 for year 2012
Processing site RDMT for year 2012
Processing site RDOM for year 2012
Processing site RHCL for year 2012
Processing site ROCK for year 2012
Processing site RSTP for year 2012
Processing site RSVY for year 2012
Processing site RTHS for year 2012
Processing site SACY for year 2012
Processing site SAWC for year 2012
Processing site SBCC for year 2012
Processing site SCIA for year 2012
Processing site SCIP for year 2012
Processing site SDHL for year 2012
Processing site SFDM for year 2012
Processing site SGDM for year 2012
Processing site SHOS for year 2012
Processing site SHRC for year 2012
Processing site SIO3 for year 2012
Processing site SIO5 for year 2012
Processing site SKYB for year 2012
Processing site SLMS for year 2012
Processing site SNHS for year 2012
Processing site SNI1 for year 2012
Processing site SNOG for year 2012
Processing site SOMT for year 2012
Processing site SPK1 for year 2012
Processing site SPMS for year 2012
Processing site TABL for year 2012
Processing site TABV for year 2012
Processing site TEHA for year 2012
Processing site THCP for year 2012
Processing site TILC for year 2012
Processing site TMAP for year 2012
Processing site TORP for year 2012
Processing site TOST for year 2012
Processing site TRAK for year 2012
Processing site TWMS for year 2012
Processing site UCLP for year 2012
Processing site UCSB for year 2012
Processing site USC1 for year 2012
Processing site USGC for year 2012
Processing site VCST for year 2012
Processing site VDCY for year 2012
Processing site VIMT for year 2012
Processing site VNCO for year 2012
Processing site VNCX for year 2012
Processing site VNPS for year 2012
Processing site VTIS for year 2012
Processing site WATC for year 2012
Processing site WCHS for year 2012
Processing site WGPP for year 2012
Processing site WHC1 for year 2012
Processing site WHYT for year 2012
Processing site WIDC for year 2012
Processing site WKPK for year 2012
Processing site WLSN for year 2012
Processing site WMAP for year 2012
Processing site WNRA for year 2012
Processing site WOMT for year 2012
Processing site WRHS for year 2012
Processing site WWMT for year 2012
Processing site DVLE for year 2012
Processing site DVLW for year 2012
Processing site LINJ for year 2012
Processing site QHTP for year 2012
Processing site LPCG for year 2012
Processing site CRFP for year 2012
Processing site ELSC for year 2012
Processing site HBCO for year 2012
Processing site FSHB for year 2012
Processing site OCSD for year 2012
Processing site PHIN for year 2012
Processing site CRAM for year 2012
Processing site ELTS for year 2012
Processing site VINE for year 2012
Processing site DVNE for year 2012
Processing site DYH2 for year 2012
Processing site LPHS for year 2012
Processing site VTOR for year 2012
Processing site MSCG for year 2012
Processing site THMG for year 2012
Processing site SGPS for year 2012
Processing site DAM2 for year 2012
Processing site DAM3 for year 2012
Processing site SONG for year 2012
Processing site RMVJ for year 2012
Processing site CJMG for year 2012
                    Timestamp  Site  ...  Precipitation_Label_approx  ffw
0  2012-05-30 16:04:59.999998  PSDM  ...                         0.0    0
0  2012-01-01 00:00:00.000000  7ODM  ...                         0.0    0
0  2012-10-25 01:49:59.999998  P604  ...                         0.0    0
1  2012-05-30 16:10:00.000001  PSDM  ...                         0.0    0
1  2012-10-25 01:55:00.000001  P604  ...                         0.0    0
1  2012-01-01 00:05:00.000003  7ODM  ...                         0.0    0
2  2012-10-25 02:00:00.000003  P604  ...                         0.0    0
2  2012-05-30 16:15:00.000004  PSDM  ...                         0.0    0
2  2012-01-01 00:09:59.999999  7ODM  ...                         0.0    0
3  2012-10-25 02:04:59.999999  P604  ...                         0.0    0

[10 rows x 16 columns]
Number of rows in result_df before saving: 46419001
Successfully processed and saved data for year 2012
Successfully processed year 2012
Processing year 2013
Processing site 7ODM for year 2013
Processing site AGMT for year 2013
Processing site ALPP for year 2013
Processing site ANA1 for year 2013
Processing site ARM1 for year 2013
Processing site ARM2 for year 2013
Processing site AVRY for year 2013
Processing site AZRY for year 2013
Processing site AZU1 for year 2013
Processing site BALD for year 2013
Processing site BBDM for year 2013
Processing site BBRY for year 2013
Processing site BCWR for year 2013
Processing site BEMT for year 2013
Processing site BEPK for year 2013
Processing site BGIS for year 2013
Processing site BILL for year 2013
Processing site BKAP for year 2013
Processing site BKMS for year 2013
Processing site BKR1 for year 2013
Processing site BKR2 for year 2013
Processing site BLSA for year 2013
Processing site BMHL for year 2013
Processing site BOMG for year 2013
Processing site BRAN for year 2013
Processing site BRPK for year 2013
Processing site BSRY for year 2013
Processing site BTDM for year 2013
Processing site BVPP for year 2013
Processing site CA99 for year 2013
Processing site CACT for year 2013
Processing site CAT2 for year 2013
Processing site CAT3 for year 2013
Processing site CBHS for year 2013
Processing site CCCC for year 2013
Processing site CCCO for year 2013
Processing site CCCS for year 2013
Processing site CCST for year 2013
Processing site CDMT for year 2013
Processing site CGDM for year 2013
Processing site CHIL for year 2013
Processing site CHMS for year 2013
Processing site CIRX for year 2013
Processing site CIT1 for year 2013
Processing site CJMG for year 2013
Processing site CJMS for year 2013
Processing site CLAR for year 2013
Processing site CLBD for year 2013
Processing site CMP9 for year 2013
Processing site CNPP for year 2013
Processing site COPR for year 2013
Processing site COSO for year 2013
Processing site COTD for year 2013
Processing site CPBN for year 2013
Processing site CRAM for year 2013
Processing site CRCN for year 2013
Processing site CRFP for year 2013
Processing site CRHS for year 2013
Processing site CRRS for year 2013
Processing site CRU1 for year 2013
Processing site CSCI for year 2013
Processing site CSDH for year 2013
Processing site CSN1 for year 2013
Processing site CSST for year 2013
Processing site CTDM for year 2013
Processing site CTMS for year 2013
Processing site CUHS for year 2013
Processing site CVHS for year 2013
Processing site DAM2 for year 2013
Processing site DAM3 for year 2013
Processing site DDMN for year 2013
Processing site DESC for year 2013
Processing site DHLG for year 2013
Processing site DLUZ for year 2013
Processing site DOND for year 2013
Processing site DSME for year 2013
Processing site DSSC for year 2013
Processing site DVLS for year 2013
Processing site DVLW for year 2013
Processing site DVNE for year 2013
Processing site DVNW for year 2013
Processing site DVPB for year 2013
Processing site DVSE for year 2013
Processing site DVSW for year 2013
Processing site DYH2 for year 2013
Processing site ECFS for year 2013
Processing site EDPP for year 2013
Processing site ELSC for year 2013
Processing site ELTN for year 2013
Processing site ELTS for year 2013
Processing site ESRW for year 2013
Processing site EWPP for year 2013
Processing site FHOG for year 2013
Processing site FMTP for year 2013
Processing site FMVT for year 2013
Processing site FSHB for year 2013
Processing site FVPK for year 2013
Processing site FZHS for year 2013
Processing site GDEC for year 2013
Processing site GHRP for year 2013
Processing site GLRS for year 2013
Processing site GMRC for year 2013
Processing site GOL2 for year 2013
Processing site GOLD for year 2013
Processing site GVRS for year 2013
Processing site HBCO for year 2013
Processing site HCMN for year 2013
Processing site HIVI for year 2013
Processing site HNPS for year 2013
Processing site HOL3 for year 2013
Processing site HOLP for year 2013
Processing site HOTK for year 2013
Processing site HVYS for year 2013
Processing site I40A for year 2013
Processing site IDOG for year 2013
Processing site IDQG for year 2013
Processing site IID2 for year 2013
Processing site IMPS for year 2013
Processing site ISLK for year 2013
Processing site KBRC for year 2013
Processing site KNOL for year 2013
Processing site KYVW for year 2013
Processing site LAPC for year 2013
Processing site LBC1 for year 2013
Processing site LBC2 for year 2013
Processing site LBCH for year 2013
Processing site LDES for year 2013
Processing site LDSW for year 2013
Processing site LEEP for year 2013
Processing site LEMA for year 2013
Processing site LFRS for year 2013
Processing site LGWD for year 2013
Processing site LINC for year 2013
Processing site LINJ for year 2013
Processing site LJRN for year 2013
Processing site LL01 for year 2013
Processing site LLAS for year 2013
Processing site LNMT for year 2013
Processing site LONG for year 2013
Processing site LORS for year 2013
Processing site LPCG for year 2013
Processing site LPHS for year 2013
Processing site LVMS for year 2013
Processing site MAT2 for year 2013
Processing site MHMS for year 2013
Processing site MINS for year 2013
Processing site MJPK for year 2013
Processing site MLFP for year 2013
Processing site MONP for year 2013
Processing site MPWD for year 2013
Processing site MRDM for year 2013
Processing site MSCG for year 2013
Processing site MSOB for year 2013
Processing site MUSB for year 2013
Processing site MVFD for year 2013
Processing site MWTP for year 2013
Processing site NHRG for year 2013
Processing site NOCO for year 2013
Processing site NOPE for year 2013
Processing site NOPK for year 2013
Processing site NSSS for year 2013
Processing site OAES for year 2013
Processing site OCSD for year 2013
Processing site OEOC for year 2013
Processing site OPBL for year 2013
Processing site OPCL for year 2013
Processing site OPCP for year 2013
Processing site OPCX for year 2013
Processing site OPRD for year 2013
Processing site ORMT for year 2013
Processing site OVLS for year 2013
Processing site OXYC for year 2013
Processing site OZST for year 2013
Processing site P056 for year 2013
Processing site P066 for year 2013
Processing site P091 for year 2013
Processing site P092 for year 2013
Processing site P093 for year 2013
Processing site P094 for year 2013
Processing site P245 for year 2013
Processing site P308 for year 2013
Processing site P311 for year 2013
Processing site P462 for year 2013
Processing site P463 for year 2013
Processing site P464 for year 2013
Processing site P465 for year 2013
Processing site P466 for year 2013
Processing site P467 for year 2013
Processing site P468 for year 2013
Processing site P469 for year 2013
Processing site P470 for year 2013
Processing site P471 for year 2013
Processing site P472 for year 2013
Processing site P473 for year 2013
Processing site P474 for year 2013
Processing site P475 for year 2013
Processing site P476 for year 2013
Processing site P477 for year 2013
Processing site P478 for year 2013
Processing site P479 for year 2013
Processing site P480 for year 2013
Processing site P481 for year 2013
Processing site P482 for year 2013
Processing site P483 for year 2013
Processing site P484 for year 2013
Processing site P485 for year 2013
Processing site P486 for year 2013
Processing site P487 for year 2013
Processing site P488 for year 2013
Processing site P489 for year 2013
Processing site P490 for year 2013
Processing site P491 for year 2013
Processing site P492 for year 2013
Processing site P493 for year 2013
Processing site P494 for year 2013
Processing site P495 for year 2013
Processing site P496 for year 2013
Processing site P497 for year 2013
Processing site P498 for year 2013
Processing site P499 for year 2013
Processing site P500 for year 2013
Processing site P501 for year 2013
Processing site P502 for year 2013
Processing site P503 for year 2013
Processing site P504 for year 2013
Processing site P505 for year 2013
Processing site P506 for year 2013
Processing site P507 for year 2013
Processing site P508 for year 2013
Processing site P509 for year 2013
Processing site P510 for year 2013
Processing site P511 for year 2013
Processing site P512 for year 2013
Processing site P517 for year 2013
Processing site P520 for year 2013
Processing site P521 for year 2013
Processing site P522 for year 2013
Processing site P537 for year 2013
Processing site P543 for year 2013
Processing site P544 for year 2013
Processing site P545 for year 2013
Processing site P547 for year 2013
Processing site P548 for year 2013
Processing site P549 for year 2013
Processing site P550 for year 2013
Processing site P551 for year 2013
Processing site P553 for year 2013
Processing site P554 for year 2013
Processing site P555 for year 2013
Processing site P556 for year 2013
Processing site P557 for year 2013
Processing site P558 for year 2013
Processing site P559 for year 2013
Processing site P560 for year 2013
Processing site P561 for year 2013
Processing site P562 for year 2013
Processing site P563 for year 2013
Processing site P564 for year 2013
Processing site P565 for year 2013
Processing site P566 for year 2013
Processing site P567 for year 2013
Processing site P568 for year 2013
Processing site P569 for year 2013
Processing site P570 for year 2013
Processing site P571 for year 2013
Processing site P572 for year 2013
Processing site P573 for year 2013
Processing site P574 for year 2013
Processing site P575 for year 2013
Processing site P577 for year 2013
Processing site P579 for year 2013
Processing site P580 for year 2013
Processing site P581 for year 2013
Processing site P582 for year 2013
Processing site P583 for year 2013
Processing site P584 for year 2013
Processing site P585 for year 2013
Processing site P586 for year 2013
Processing site P587 for year 2013
Processing site P588 for year 2013
Processing site P589 for year 2013
Processing site P590 for year 2013
Processing site P591 for year 2013
Processing site P592 for year 2013
Processing site P593 for year 2013
Processing site P594 for year 2013
Processing site P595 for year 2013
Processing site P596 for year 2013
Processing site P597 for year 2013
Processing site P598 for year 2013
Processing site P599 for year 2013
Processing site P600 for year 2013
Processing site P601 for year 2013
Processing site P603 for year 2013
Processing site P604 for year 2013
Processing site P605 for year 2013
Processing site P606 for year 2013
Processing site P607 for year 2013
Processing site P608 for year 2013
Processing site P609 for year 2013
Processing site P610 for year 2013
Processing site P611 for year 2013
Processing site P612 for year 2013
Processing site P613 for year 2013
Processing site P614 for year 2013
Processing site P615 for year 2013
Processing site P616 for year 2013
Processing site P617 for year 2013
Processing site P618 for year 2013
Processing site P619 for year 2013
Processing site P620 for year 2013
Processing site P621 for year 2013
Processing site P622 for year 2013
Processing site P626 for year 2013
Processing site P627 for year 2013
Processing site P628 for year 2013
Processing site P629 for year 2013
Processing site P630 for year 2013
Processing site P631 for year 2013
Processing site P632 for year 2013
Processing site P633 for year 2013
Processing site P634 for year 2013
Processing site P635 for year 2013
Processing site P636 for year 2013
Processing site P637 for year 2013
Processing site P638 for year 2013
Processing site P639 for year 2013
Processing site P640 for year 2013
Processing site P641 for year 2013
Processing site P642 for year 2013
Processing site P643 for year 2013
Processing site P644 for year 2013
Processing site P645 for year 2013
Processing site P646 for year 2013
Processing site P647 for year 2013
Processing site P648 for year 2013
Processing site P649 for year 2013
Processing site P650 for year 2013
Processing site P651 for year 2013
Processing site P652 for year 2013
Processing site P653 for year 2013
Processing site P723 for year 2013
Processing site P724 for year 2013
Processing site P725 for year 2013
Processing site P726 for year 2013
Processing site P727 for year 2013
Processing site P729 for year 2013
Processing site P740 for year 2013
Processing site P741 for year 2013
Processing site P742 for year 2013
Processing site P744 for year 2013
Processing site P795 for year 2013
Processing site P797 for year 2013
Processing site P799 for year 2013
Processing site P800 for year 2013
Processing site PALX for year 2013
Processing site PBPP for year 2013
Processing site PHIN for year 2013
Processing site PHJX for year 2013
Processing site PHLB for year 2013
Processing site PIN1 for year 2013
Processing site PIN2 for year 2013
Processing site PJZX for year 2013
Processing site PKRD for year 2013
Processing site PLPX for year 2013
Processing site PLTX for year 2013
Processing site PMOB for year 2013
Processing site PMTN for year 2013
Processing site POTR for year 2013
Processing site PPBF for year 2013
Processing site PSAP for year 2013
Processing site PSDM for year 2013
Processing site PTAX for year 2013
Processing site PTEX for year 2013
Processing site PVE3 for year 2013
Processing site PVHS for year 2013
Processing site PVRS for year 2013
Processing site QHTP for year 2013
Processing site RAAP for year 2013
Processing site RAMT for year 2013
Processing site RAPT for year 2013
Processing site RBRU for year 2013
Processing site RCA2 for year 2013
Processing site RDMT for year 2013
Processing site RDOM for year 2013
Processing site RHCL for year 2013
Processing site RMVJ for year 2013
Processing site ROCK for year 2013
Processing site RSTP for year 2013
Processing site RSVY for year 2013
Processing site RTHS for year 2013
Processing site SACY for year 2013
Processing site SAWC for year 2013
Processing site SBCC for year 2013
Processing site SCIA for year 2013
Processing site SCIP for year 2013
Processing site SDHL for year 2013
Processing site SFDM for year 2013
Processing site SGDM for year 2013
Processing site SGPS for year 2013
Processing site SHOS for year 2013
Processing site SHRC for year 2013
Processing site SIO5 for year 2013
Processing site SKYB for year 2013
Processing site SLMS for year 2013
Processing site SNHS for year 2013
Processing site SNI1 for year 2013
Processing site SNOG for year 2013
Processing site SOMT for year 2013
Processing site SONG for year 2013
Processing site SPK1 for year 2013
Processing site SPMS for year 2013
Processing site TABL for year 2013
Processing site TABV for year 2013
Processing site THCP for year 2013
Processing site THMG for year 2013
Processing site TILC for year 2013
Processing site TMAP for year 2013
Processing site TORP for year 2013
Processing site TOST for year 2013
Processing site TRAK for year 2013
Processing site TWMS for year 2013
Processing site UCLP for year 2013
Processing site UCSB for year 2013
Processing site USC1 for year 2013
Processing site USGC for year 2013
Processing site VCST for year 2013
Processing site VDCY for year 2013
Processing site VIMT for year 2013
Processing site VNCO for year 2013
Processing site VNCX for year 2013
Processing site VNPS for year 2013
Processing site VTIS for year 2013
Processing site VTOR for year 2013
Processing site WATC for year 2013
Processing site WCHS for year 2013
Processing site WGPP for year 2013
Processing site WHC1 for year 2013
Processing site WHYT for year 2013
Processing site WIDC for year 2013
Processing site WKPK for year 2013
Processing site WLSN for year 2013
Processing site WMAP for year 2013
Processing site WNRA for year 2013
Processing site WOMT for year 2013
Processing site WRHS for year 2013
Processing site WWMT for year 2013
Processing site BAR1 for year 2013
Processing site DVLE for year 2013
Processing site ESE2 for year 2013
Processing site JPLM for year 2013
Processing site P519 for year 2013
Processing site RYAN for year 2013
Processing site KRAC for year 2013
Processing site TIVA for year 2013
Processing site SIMM for year 2013
Processing site ELLY for year 2013
Processing site LEBC for year 2013
Processing site TAFT for year 2013
Processing site P812 for year 2013
Processing site P810 for year 2013
Processing site SILK for year 2013
Processing site P809 for year 2013
Processing site P811 for year 2013
Processing site MTA1 for year 2013
Processing site COKG for year 2013
Processing site MERC for year 2013
Processing site THMS for year 2013
Processing site DLNO for year 2013
Processing site ACSB for year 2013
Processing site HELB for year 2013
Processing site AR53 for year 2013
Processing site AR27 for year 2013
Processing site CASE for year 2013
                    Timestamp  Site  ...  Precipitation_Label_approx  ffw
0  2013-05-24 06:14:59.999999  P638  ...                         0.0    0
0  2013-01-01 00:00:00.000000  7ODM  ...                         0.0    0
0  2013-10-15 15:14:59.999997  RAAP  ...                         0.0    0
1  2013-01-01 00:05:00.000000  7ODM  ...                         0.0    0
1  2013-10-15 15:19:59.999997  RAAP  ...                         0.0    0
1  2013-05-24 06:19:59.999999  P638  ...                         0.0    0
2  2013-05-24 06:24:59.999999  P638  ...                         0.0    0
2  2013-10-15 15:24:59.999997  RAAP  ...                         0.0    0
2  2013-01-01 00:10:00.000000  7ODM  ...                         0.0    0
3  2013-10-15 15:29:59.999997  RAAP  ...                         0.0    0

[10 rows x 16 columns]
Number of rows in result_df before saving: 47731587
Successfully processed and saved data for year 2013
Successfully processed year 2013
Processing year 2014
Processing site 7ODM for year 2014
Processing site ACSB for year 2014
Processing site AGMT for year 2014
Processing site ALPP for year 2014
Processing site ANA1 for year 2014
Processing site AR27 for year 2014
Processing site ARM1 for year 2014
Processing site ARM2 for year 2014
Processing site AVRY for year 2014
Processing site AZRY for year 2014
Processing site AZU1 for year 2014
Processing site BALD for year 2014
Processing site BAR1 for year 2014
Processing site BBDM for year 2014
Processing site BBRY for year 2014
Processing site BCWR for year 2014
Processing site BEMT for year 2014
Processing site BEPK for year 2014
Processing site BGIS for year 2014
Processing site BILL for year 2014
Processing site BKAP for year 2014
Processing site BKMS for year 2014
Processing site BKR1 for year 2014
Processing site BKR2 for year 2014
Processing site BLSA for year 2014
Processing site BMHL for year 2014
Processing site BOMG for year 2014
Processing site BRAN for year 2014
Processing site BRPK for year 2014
Processing site BSRY for year 2014
Processing site BTDM for year 2014
Processing site BVPP for year 2014
Processing site CA99 for year 2014
Processing site CACT for year 2014
Processing site CASE for year 2014
Processing site CAT2 for year 2014
Processing site CAT3 for year 2014
Processing site CBHS for year 2014
Processing site CCCC for year 2014
Processing site CCCS for year 2014
Processing site CCST for year 2014
Processing site CDMT for year 2014
Processing site CGDM for year 2014
Processing site CHIL for year 2014
Processing site CHMS for year 2014
Processing site CIRX for year 2014
Processing site CIT1 for year 2014
Processing site CJMG for year 2014
Processing site CJMS for year 2014
Processing site CLAR for year 2014
Processing site CLBD for year 2014
Processing site CMP9 for year 2014
Processing site CNPP for year 2014
Processing site COKG for year 2014
Processing site COPR for year 2014
Processing site COSO for year 2014
Processing site COTD for year 2014
Processing site CPBN for year 2014
Processing site CRAM for year 2014
Processing site CRCN for year 2014
Processing site CRFP for year 2014
Processing site CRHS for year 2014
Processing site CRRS for year 2014
Processing site CRU1 for year 2014
Processing site CSCI for year 2014
Processing site CSDH for year 2014
Processing site CSN1 for year 2014
Processing site CSST for year 2014
Processing site CTDM for year 2014
Processing site CTMS for year 2014
Processing site CUHS for year 2014
Processing site CVHS for year 2014
Processing site DAM2 for year 2014
Processing site DAM3 for year 2014
Processing site DESC for year 2014
Processing site DHLG for year 2014
Processing site DLNO for year 2014
Processing site DLUZ for year 2014
Processing site DOND for year 2014
Processing site DSME for year 2014
Processing site DSSC for year 2014
Processing site DVLS for year 2014
Processing site DVLW for year 2014
Processing site DVNE for year 2014
Processing site DVPB for year 2014
Processing site DVSE for year 2014
Processing site DVSW for year 2014
Processing site DYH2 for year 2014
Processing site ECFS for year 2014
Processing site EDPP for year 2014
Processing site ELLY for year 2014
Processing site ELSC for year 2014
Processing site ELTN for year 2014
Processing site ESE2 for year 2014
Processing site ESRW for year 2014
Processing site EWPP for year 2014
Processing site FHOG for year 2014
Processing site FMTP for year 2014
Processing site FMVT for year 2014
Processing site FSHB for year 2014
Processing site FVPK for year 2014
Processing site FZHS for year 2014
Processing site GDEC for year 2014
Processing site GHRP for year 2014
Processing site GLRS for year 2014
Processing site GMRC for year 2014
Processing site GOL2 for year 2014
Processing site GOLD for year 2014
Processing site GVRS for year 2014
Processing site HBCO for year 2014
Processing site HCMN for year 2014
Processing site HELB for year 2014
Processing site HIVI for year 2014
Processing site HNPS for year 2014
Processing site HOL3 for year 2014
Processing site HOLP for year 2014
Processing site HOTK for year 2014
Processing site HVYS for year 2014
Processing site I40A for year 2014
Processing site IDOG for year 2014
Processing site IDQG for year 2014
Processing site IID2 for year 2014
Processing site IMPS for year 2014
Processing site ISLK for year 2014
Processing site JPLM for year 2014
Processing site KBRC for year 2014
Processing site KNOL for year 2014
Processing site KRAC for year 2014
Processing site KYVW for year 2014
Processing site LAPC for year 2014
Processing site LBC1 for year 2014
Processing site LBC2 for year 2014
Processing site LBCH for year 2014
Processing site LDES for year 2014
Processing site LDSW for year 2014
Processing site LEBC for year 2014
Processing site LEEP for year 2014
Processing site LEMA for year 2014
Processing site LFRS for year 2014
Processing site LGWD for year 2014
Processing site LINC for year 2014
Processing site LINJ for year 2014
Processing site LJRN for year 2014
Processing site LL01 for year 2014
Processing site LLAS for year 2014
Processing site LNMT for year 2014
Processing site LONG for year 2014
Processing site LORS for year 2014
Processing site LPCG for year 2014
Processing site LPHS for year 2014
Processing site LVMS for year 2014
Processing site MAT2 for year 2014
Processing site MHMS for year 2014
Processing site MINS for year 2014
Processing site MJPK for year 2014
Processing site MLFP for year 2014
Processing site MONP for year 2014
Processing site MPWD for year 2014
Processing site MSCG for year 2014
Processing site MSOB for year 2014
Processing site MTA1 for year 2014
Processing site MUSB for year 2014
Processing site MVFD for year 2014
Processing site MWTP for year 2014
Processing site NHRG for year 2014
Processing site NOCO for year 2014
Processing site NOPK for year 2014
Processing site OAES for year 2014
Processing site OCSD for year 2014
Processing site OEOC for year 2014
Processing site OPBL for year 2014
Processing site OPCL for year 2014
Processing site OPCP for year 2014
Processing site OPCX for year 2014
Processing site OPRD for year 2014
Processing site ORMT for year 2014
Processing site OVLS for year 2014
Processing site OXYC for year 2014
Processing site OZST for year 2014
Processing site P056 for year 2014
Processing site P066 for year 2014
Processing site P091 for year 2014
Processing site P092 for year 2014
Processing site P093 for year 2014
Processing site P094 for year 2014
Processing site P245 for year 2014
Processing site P308 for year 2014
Processing site P311 for year 2014
Processing site P462 for year 2014
Processing site P463 for year 2014
Processing site P464 for year 2014
Processing site P465 for year 2014
Processing site P466 for year 2014
Processing site P467 for year 2014
Processing site P468 for year 2014
Processing site P469 for year 2014
Processing site P470 for year 2014
Processing site P471 for year 2014
Processing site P472 for year 2014
Processing site P473 for year 2014
Processing site P474 for year 2014
Processing site P475 for year 2014
Processing site P476 for year 2014
Processing site P477 for year 2014
Processing site P478 for year 2014
Processing site P479 for year 2014
Processing site P480 for year 2014
Processing site P481 for year 2014
Processing site P482 for year 2014
Processing site P483 for year 2014
Processing site P484 for year 2014
Processing site P485 for year 2014
Processing site P486 for year 2014
Processing site P487 for year 2014
Processing site P488 for year 2014
Processing site P489 for year 2014
Processing site P490 for year 2014
Processing site P491 for year 2014
Processing site P492 for year 2014
Processing site P493 for year 2014
Processing site P494 for year 2014
Processing site P495 for year 2014
Processing site P496 for year 2014
Processing site P497 for year 2014
Processing site P498 for year 2014
Processing site P499 for year 2014
Processing site P500 for year 2014
Processing site P501 for year 2014
Processing site P502 for year 2014
Processing site P503 for year 2014
Processing site P504 for year 2014
Processing site P505 for year 2014
Processing site P506 for year 2014
Processing site P507 for year 2014
Processing site P508 for year 2014
Processing site P509 for year 2014
Processing site P510 for year 2014
Processing site P511 for year 2014
Processing site P512 for year 2014
Processing site P517 for year 2014
Processing site P519 for year 2014
Processing site P520 for year 2014
Processing site P521 for year 2014
Processing site P522 for year 2014
Processing site P537 for year 2014
Processing site P543 for year 2014
Processing site P544 for year 2014
Processing site P545 for year 2014
Processing site P547 for year 2014
Processing site P548 for year 2014
Processing site P549 for year 2014
Processing site P550 for year 2014
Processing site P551 for year 2014
Processing site P553 for year 2014
Processing site P554 for year 2014
Processing site P555 for year 2014
Processing site P556 for year 2014
Processing site P557 for year 2014
Processing site P558 for year 2014
Processing site P560 for year 2014
Processing site P561 for year 2014
Processing site P562 for year 2014
Processing site P563 for year 2014
Processing site P564 for year 2014
Processing site P565 for year 2014
Processing site P566 for year 2014
Processing site P567 for year 2014
Processing site P568 for year 2014
Processing site P569 for year 2014
Processing site P570 for year 2014
Processing site P571 for year 2014
Processing site P572 for year 2014
Processing site P573 for year 2014
Processing site P574 for year 2014
Processing site P575 for year 2014
Processing site P577 for year 2014
Processing site P579 for year 2014
Processing site P580 for year 2014
Processing site P581 for year 2014
Processing site P582 for year 2014
Processing site P583 for year 2014
Processing site P584 for year 2014
Processing site P585 for year 2014
Processing site P586 for year 2014
Processing site P587 for year 2014
Processing site P588 for year 2014
Processing site P589 for year 2014
Processing site P590 for year 2014
Processing site P591 for year 2014
Processing site P592 for year 2014
Processing site P593 for year 2014
Processing site P594 for year 2014
Processing site P595 for year 2014
Processing site P596 for year 2014
Processing site P597 for year 2014
Processing site P598 for year 2014
Processing site P599 for year 2014
Processing site P600 for year 2014
Processing site P601 for year 2014
Processing site P603 for year 2014
Processing site P604 for year 2014
Processing site P605 for year 2014
Processing site P606 for year 2014
Processing site P607 for year 2014
Processing site P608 for year 2014
Processing site P609 for year 2014
Processing site P610 for year 2014
Processing site P611 for year 2014
Processing site P612 for year 2014
Processing site P613 for year 2014
Processing site P614 for year 2014
Processing site P615 for year 2014
Processing site P616 for year 2014
Processing site P617 for year 2014
Processing site P618 for year 2014
Processing site P619 for year 2014
Processing site P620 for year 2014
Processing site P621 for year 2014
Processing site P622 for year 2014
Processing site P626 for year 2014
Processing site P627 for year 2014
Processing site P628 for year 2014
Processing site P629 for year 2014
Processing site P630 for year 2014
Processing site P631 for year 2014
Processing site P632 for year 2014
Processing site P633 for year 2014
Processing site P634 for year 2014
Processing site P635 for year 2014
Processing site P636 for year 2014
Processing site P637 for year 2014
Processing site P638 for year 2014
Processing site P639 for year 2014
Processing site P640 for year 2014
Processing site P641 for year 2014
Processing site P642 for year 2014
Processing site P643 for year 2014
Processing site P644 for year 2014
Processing site P645 for year 2014
Processing site P646 for year 2014
Processing site P647 for year 2014
Processing site P648 for year 2014
Processing site P649 for year 2014
Processing site P651 for year 2014
Processing site P652 for year 2014
Processing site P653 for year 2014
Processing site P723 for year 2014
Processing site P724 for year 2014
Processing site P725 for year 2014
Processing site P726 for year 2014
Processing site P727 for year 2014
Processing site P729 for year 2014
Processing site P740 for year 2014
Processing site P741 for year 2014
Processing site P742 for year 2014
Processing site P744 for year 2014
Processing site P795 for year 2014
Processing site P797 for year 2014
Processing site P799 for year 2014
Processing site P800 for year 2014
Processing site P809 for year 2014
Processing site P810 for year 2014
Processing site P811 for year 2014
Processing site P812 for year 2014
Processing site PALX for year 2014
Processing site PBPP for year 2014
Processing site PHIN for year 2014
Processing site PHJX for year 2014
Processing site PHLB for year 2014
Processing site PIN1 for year 2014
Processing site PIN2 for year 2014
Processing site PJZX for year 2014
Processing site PKRD for year 2014
Processing site PLPX for year 2014
Processing site PLTX for year 2014
Processing site PMOB for year 2014
Processing site POTR for year 2014
Processing site PPBF for year 2014
Processing site PSAP for year 2014
Processing site PSDM for year 2014
Processing site PTAX for year 2014
Processing site PTEX for year 2014
Processing site PVE3 for year 2014
Processing site PVRS for year 2014
Processing site QHTP for year 2014
Processing site RAAP for year 2014
Processing site RAMT for year 2014
Processing site RAPT for year 2014
Processing site RBRU for year 2014
Processing site RCA2 for year 2014
Processing site RDMT for year 2014
Processing site RDOM for year 2014
Processing site RHCL for year 2014
Processing site RMVJ for year 2014
Processing site ROCK for year 2014
Processing site RSTP for year 2014
Processing site RSVY for year 2014
Processing site RTHS for year 2014
Processing site RYAN for year 2014
Processing site SACY for year 2014
Processing site SAWC for year 2014
Processing site SBCC for year 2014
Processing site SCIA for year 2014
Processing site SCIP for year 2014
Processing site SDHL for year 2014
Processing site SFDM for year 2014
Processing site SGDM for year 2014
Processing site SGPS for year 2014
Processing site SHOS for year 2014
Processing site SHRC for year 2014
Processing site SILK for year 2014
Processing site SIO5 for year 2014
Processing site SKYB for year 2014
Processing site SLMS for year 2014
Processing site SNHS for year 2014
Processing site SNI1 for year 2014
Processing site SNOG for year 2014
Processing site SOMT for year 2014
Processing site SONG for year 2014
Processing site SPK1 for year 2014
Processing site SPMS for year 2014
Processing site TABL for year 2014
Processing site TABV for year 2014
Processing site TAFT for year 2014
Processing site THCP for year 2014
Processing site THMG for year 2014
Processing site THMS for year 2014
Processing site TILC for year 2014
Processing site TIVA for year 2014
Processing site TMAP for year 2014
Processing site TORP for year 2014
Processing site TOST for year 2014
Processing site TRAK for year 2014
Processing site TWMS for year 2014
Processing site UCLP for year 2014
Processing site UCSB for year 2014
Processing site USC1 for year 2014
Processing site USGC for year 2014
Processing site VCST for year 2014
Processing site VDCY for year 2014
Processing site VIMT for year 2014
Processing site VNCO for year 2014
Processing site VNCX for year 2014
Processing site VNPS for year 2014
Processing site VTIS for year 2014
Processing site VTOR for year 2014
Processing site WATC for year 2014
Processing site WCHS for year 2014
Processing site WGPP for year 2014
Processing site WHC1 for year 2014
Processing site WHYT for year 2014
Processing site WIDC for year 2014
Processing site WKPK for year 2014
Processing site WLSN for year 2014
Processing site WMAP for year 2014
Processing site WNRA for year 2014
Processing site WOMT for year 2014
Processing site WRHS for year 2014
Processing site WWMT for year 2014
Processing site DDMN for year 2014
Processing site PMTN for year 2014
Processing site MRDM for year 2014
Processing site AR53 for year 2014
Processing site NOPE for year 2014
Processing site SIMM for year 2014
Processing site TEHA for year 2014
Processing site DVLE for year 2014
Processing site DVNW for year 2014
Processing site ASHM for year 2014
Processing site ELTS for year 2014
Processing site BEAT for year 2014
Processing site P650 for year 2014
Processing site JNHG for year 2014
Processing site CJVG for year 2014
Processing site RHCG for year 2014
Processing site WWFG for year 2014
Processing site ERRG for year 2014
Processing site WMDG for year 2014
Processing site LRRG for year 2014
Processing site CRGG for year 2014
Processing site LMSG for year 2014
Processing site LMHG for year 2014
Processing site MERC for year 2014
Processing site POBG for year 2014
Processing site YUHG for year 2014
                    Timestamp  Site  ...  Precipitation_Label_approx  ffw
0  2014-01-01 00:00:00.000000  7ODM  ...                         0.0    0
0  2014-05-22 23:50:00.000001  GVRS  ...                         0.0    0
0  2014-10-08 16:49:59.999998  P744  ...                         0.0    0
1  2014-05-22 23:55:00.000001  GVRS  ...                         0.0    0
1  2014-10-08 16:54:59.999998  P744  ...                         0.0    0
1  2014-01-01 00:05:00.000000  7ODM  ...                         0.0    0
2  2014-01-01 00:10:00.000000  7ODM  ...                         0.0    0
2  2014-10-08 16:59:59.999998  P744  ...                         0.0    0
2  2014-05-22 00:00:00.000002  HBCO  ...                         0.0    0
3  2014-01-01 00:15:00.000000  7ODM  ...                         0.0    0

[10 rows x 16 columns]
Number of rows in result_df before saving: 49142550
Successfully processed and saved data for year 2014
Successfully processed year 2014
Processing year 2015
Processing site 7ODM for year 2015
Processing site ACSB for year 2015
Processing site AGMT for year 2015
Processing site ALPP for year 2015
Processing site ANA1 for year 2015
Processing site AR27 for year 2015
Processing site AR53 for year 2015
Processing site ARM1 for year 2015
Processing site ARM2 for year 2015
Processing site ASHM for year 2015
Processing site AVRY for year 2015
Processing site AZRY for year 2015
Processing site AZU1 for year 2015
Processing site BALD for year 2015
Processing site BAR1 for year 2015
Processing site BBDM for year 2015
Processing site BBRY for year 2015
Processing site BCWR for year 2015
Processing site BEAT for year 2015
Processing site BEMT for year 2015
Processing site BEPK for year 2015
Processing site BGIS for year 2015
Processing site BILL for year 2015
Processing site BKAP for year 2015
Processing site BKMS for year 2015
Processing site BKR1 for year 2015
Processing site BKR2 for year 2015
Processing site BLSA for year 2015
Processing site BMHL for year 2015
Processing site BOMG for year 2015
Processing site BRAN for year 2015
Processing site BRPK for year 2015
Processing site BSRY for year 2015
Processing site BTDM for year 2015
Processing site BVPP for year 2015
Processing site CA99 for year 2015
Processing site CACT for year 2015
Processing site CASE for year 2015
Processing site CAT2 for year 2015
Processing site CAT3 for year 2015
Processing site CBHS for year 2015
Processing site CCCC for year 2015
Processing site CCCS for year 2015
Processing site CCST for year 2015
Processing site CDMT for year 2015
Processing site CGDM for year 2015
Processing site CHIL for year 2015
Processing site CHMS for year 2015
Processing site CIRX for year 2015
Processing site CIT1 for year 2015
Processing site CJMG for year 2015
Processing site CJMS for year 2015
Processing site CJVG for year 2015
Processing site CLAR for year 2015
Processing site CLBD for year 2015
Processing site CMP9 for year 2015
Processing site CNPP for year 2015
Processing site COKG for year 2015
Processing site COPR for year 2015
Processing site COSO for year 2015
Processing site COTD for year 2015
Processing site CPBN for year 2015
Processing site CRAM for year 2015
Processing site CRCN for year 2015
Processing site CRGG for year 2015
Processing site CRHS for year 2015
Processing site CRRS for year 2015
Processing site CRU1 for year 2015
Processing site CSCI for year 2015
Processing site CSDH for year 2015
Processing site CSN1 for year 2015
Processing site CSST for year 2015
Processing site CTDM for year 2015
Processing site CTMS for year 2015
Processing site CVHS for year 2015
Processing site DAM2 for year 2015
Processing site DAM3 for year 2015
Processing site DDMN for year 2015
Processing site DESC for year 2015
Processing site DHLG for year 2015
Processing site DLNO for year 2015
Processing site DLUZ for year 2015
Processing site DOND for year 2015
Processing site DSSC for year 2015
Processing site DVPB for year 2015
Processing site DYH2 for year 2015
Processing site ECFS for year 2015
Processing site EDPP for year 2015
Processing site ELLY for year 2015
Processing site ELSC for year 2015
Processing site ELTN for year 2015
Processing site ELTS for year 2015
Processing site ERRG for year 2015
Processing site EWPP for year 2015
Processing site FHOG for year 2015
Processing site FMTP for year 2015
Processing site FMVT for year 2015
Processing site FSHB for year 2015
Processing site FVPK for year 2015
Processing site FZHS for year 2015
Processing site GDEC for year 2015
Processing site GHRP for year 2015
Processing site GLRS for year 2015
Processing site GMRC for year 2015
Processing site GOL2 for year 2015
Processing site GOLD for year 2015
Processing site GVRS for year 2015
Processing site HBCO for year 2015
Processing site HCMN for year 2015
Processing site HELB for year 2015
Processing site HIVI for year 2015
Processing site HNPS for year 2015
Processing site HOL3 for year 2015
Processing site HOLP for year 2015
Processing site HOTK for year 2015
Processing site HVYS for year 2015
Processing site I40A for year 2015
Processing site IDOG for year 2015
Processing site IDQG for year 2015
Processing site IID2 for year 2015
Processing site IMPS for year 2015
Processing site ISLK for year 2015
Processing site JNHG for year 2015
Processing site JPLM for year 2015
Processing site KBRC for year 2015
Processing site KNOL for year 2015
Processing site KRAC for year 2015
Processing site KYVW for year 2015
Processing site LAPC for year 2015
Processing site LBC1 for year 2015
Processing site LBC2 for year 2015
Processing site LBCH for year 2015
Processing site LDES for year 2015
Processing site LDSW for year 2015
Processing site LEBC for year 2015
Processing site LEEP for year 2015
Processing site LEMA for year 2015
Processing site LFRS for year 2015
Processing site LGWD for year 2015
Processing site LINC for year 2015
Processing site LINJ for year 2015
Processing site LJRN for year 2015
Processing site LL01 for year 2015
Processing site LLAS for year 2015
Processing site LMHG for year 2015
Processing site LMSG for year 2015
Processing site LNMT for year 2015
Processing site LONG for year 2015
Processing site LORS for year 2015
Processing site LPCG for year 2015
Processing site LPHS for year 2015
Processing site LRRG for year 2015
Processing site LVMS for year 2015
Processing site MAT2 for year 2015
Processing site MERC for year 2015
Processing site MHMS for year 2015
Processing site MINS for year 2015
Processing site MJPK for year 2015
Processing site MLFP for year 2015
Processing site MONP for year 2015
Processing site MPWD for year 2015
Processing site MRDM for year 2015
Processing site MSCG for year 2015
Processing site MSOB for year 2015
Processing site MTA1 for year 2015
Processing site MUSB for year 2015
Processing site MWTP for year 2015
Processing site NHRG for year 2015
Processing site NOCO for year 2015
Processing site NOPE for year 2015
Processing site NOPK for year 2015
Processing site OAES for year 2015
Processing site OCSD for year 2015
Processing site OEOC for year 2015
Processing site OPBL for year 2015
Processing site OPCL for year 2015
Processing site OPCP for year 2015
Processing site OPCX for year 2015
Processing site OPRD for year 2015
Processing site ORMT for year 2015
Processing site OVLS for year 2015
Processing site OXYC for year 2015
Processing site OZST for year 2015
Processing site P056 for year 2015
Processing site P066 for year 2015
Processing site P091 for year 2015
Processing site P092 for year 2015
Processing site P093 for year 2015
Processing site P094 for year 2015
Processing site P245 for year 2015
Processing site P308 for year 2015
Processing site P311 for year 2015
Processing site P462 for year 2015
Processing site P463 for year 2015
Processing site P464 for year 2015
Processing site P465 for year 2015
Processing site P466 for year 2015
Processing site P467 for year 2015
Processing site P468 for year 2015
Processing site P469 for year 2015
Processing site P470 for year 2015
Processing site P471 for year 2015
Processing site P472 for year 2015
Processing site P473 for year 2015
Processing site P474 for year 2015
Processing site P475 for year 2015
Processing site P476 for year 2015
Processing site P477 for year 2015
Processing site P478 for year 2015
Processing site P479 for year 2015
Processing site P480 for year 2015
Processing site P481 for year 2015
Processing site P482 for year 2015
Processing site P483 for year 2015
Processing site P484 for year 2015
Processing site P485 for year 2015
Processing site P486 for year 2015
Processing site P487 for year 2015
Processing site P488 for year 2015
Processing site P489 for year 2015
Processing site P490 for year 2015
Processing site P491 for year 2015
Processing site P492 for year 2015
Processing site P493 for year 2015
Processing site P494 for year 2015
Processing site P495 for year 2015
Processing site P496 for year 2015
Processing site P497 for year 2015
Processing site P498 for year 2015
Processing site P499 for year 2015
Processing site P500 for year 2015
Processing site P501 for year 2015
Processing site P502 for year 2015
Processing site P503 for year 2015
Processing site P504 for year 2015
Processing site P505 for year 2015
Processing site P506 for year 2015
Processing site P507 for year 2015
Processing site P508 for year 2015
Processing site P509 for year 2015
Processing site P510 for year 2015
Processing site P511 for year 2015
Processing site P512 for year 2015
Processing site P517 for year 2015
Processing site P519 for year 2015
Processing site P520 for year 2015
Processing site P521 for year 2015
Processing site P522 for year 2015
Processing site P537 for year 2015
Processing site P543 for year 2015
Processing site P544 for year 2015
Processing site P545 for year 2015
Processing site P547 for year 2015
Processing site P548 for year 2015
Processing site P549 for year 2015
Processing site P550 for year 2015
Processing site P551 for year 2015
Processing site P553 for year 2015
Processing site P554 for year 2015
Processing site P555 for year 2015
Processing site P556 for year 2015
Processing site P557 for year 2015
Processing site P558 for year 2015
Processing site P560 for year 2015
Processing site P561 for year 2015
Processing site P562 for year 2015
Processing site P563 for year 2015
Processing site P564 for year 2015
Processing site P565 for year 2015
Processing site P566 for year 2015
Processing site P567 for year 2015
Processing site P568 for year 2015
Processing site P569 for year 2015
Processing site P570 for year 2015
Processing site P571 for year 2015
Processing site P572 for year 2015
Processing site P573 for year 2015
Processing site P574 for year 2015
Processing site P575 for year 2015
Processing site P577 for year 2015
Processing site P579 for year 2015
Processing site P580 for year 2015
Processing site P581 for year 2015
Processing site P582 for year 2015
Processing site P583 for year 2015
Processing site P584 for year 2015
Processing site P585 for year 2015
Processing site P586 for year 2015
Processing site P587 for year 2015
Processing site P588 for year 2015
Processing site P589 for year 2015
Processing site P590 for year 2015
Processing site P591 for year 2015
Processing site P592 for year 2015
Processing site P593 for year 2015
Processing site P594 for year 2015
Processing site P595 for year 2015
Processing site P596 for year 2015
Processing site P597 for year 2015
Processing site P598 for year 2015
Processing site P599 for year 2015
Processing site P600 for year 2015
Processing site P601 for year 2015
Processing site P603 for year 2015
Processing site P604 for year 2015
Processing site P605 for year 2015
Processing site P606 for year 2015
Processing site P607 for year 2015
Processing site P608 for year 2015
Processing site P609 for year 2015
Processing site P610 for year 2015
Processing site P611 for year 2015
Processing site P612 for year 2015
Processing site P613 for year 2015
Processing site P614 for year 2015
Processing site P615 for year 2015
Processing site P616 for year 2015
Processing site P617 for year 2015
Processing site P618 for year 2015
Processing site P619 for year 2015
Processing site P620 for year 2015
Processing site P621 for year 2015
Processing site P622 for year 2015
Processing site P626 for year 2015
Processing site P627 for year 2015
Processing site P628 for year 2015
Processing site P629 for year 2015
Processing site P630 for year 2015
Processing site P631 for year 2015
Processing site P632 for year 2015
Processing site P633 for year 2015
Processing site P634 for year 2015
Processing site P635 for year 2015
Processing site P636 for year 2015
Processing site P637 for year 2015
Processing site P638 for year 2015
Processing site P639 for year 2015
Processing site P640 for year 2015
Processing site P641 for year 2015
Processing site P642 for year 2015
Processing site P643 for year 2015
Processing site P644 for year 2015
Processing site P645 for year 2015
Processing site P646 for year 2015
Processing site P647 for year 2015
Processing site P648 for year 2015
Processing site P649 for year 2015
Processing site P650 for year 2015
Processing site P651 for year 2015
Processing site P652 for year 2015
Processing site P653 for year 2015
Processing site P723 for year 2015
Processing site P724 for year 2015
Processing site P725 for year 2015
Processing site P726 for year 2015
Processing site P727 for year 2015
Processing site P729 for year 2015
Processing site P740 for year 2015
Processing site P741 for year 2015
Processing site P742 for year 2015
Processing site P744 for year 2015
Processing site P795 for year 2015
Processing site P797 for year 2015
Processing site P800 for year 2015
Processing site P809 for year 2015
Processing site P810 for year 2015
Processing site P811 for year 2015
Processing site P812 for year 2015
Processing site PALX for year 2015
Processing site PBPP for year 2015
Processing site PHIN for year 2015
Processing site PHJX for year 2015
Processing site PHLB for year 2015
Processing site PIN1 for year 2015
Processing site PIN2 for year 2015
Processing site PJZX for year 2015
Processing site PKRD for year 2015
Processing site PLPX for year 2015
Processing site PLTX for year 2015
Processing site PMTN for year 2015
Processing site POBG for year 2015
Processing site POTR for year 2015
Processing site PPBF for year 2015
Processing site PSAP for year 2015
Processing site PSDM for year 2015
Processing site PTAX for year 2015
Processing site PTEX for year 2015
Processing site PVE3 for year 2015
Processing site PVRS for year 2015
Processing site QHTP for year 2015
Processing site RAAP for year 2015
Processing site RAMT for year 2015
Processing site RAPT for year 2015
Processing site RBRU for year 2015
Processing site RCA2 for year 2015
Processing site RDMT for year 2015
Processing site RDOM for year 2015
Processing site RHCG for year 2015
Processing site RHCL for year 2015
Processing site RMVJ for year 2015
Processing site ROCK for year 2015
Processing site RSTP for year 2015
Processing site RSVY for year 2015
Processing site RTHS for year 2015
Processing site RYAN for year 2015
Processing site SACY for year 2015
Processing site SAWC for year 2015
Processing site SBCC for year 2015
Processing site SCIA for year 2015
Processing site SDHL for year 2015
Processing site SFDM for year 2015
Processing site SGDM for year 2015
Processing site SGPS for year 2015
Processing site SHOS for year 2015
Processing site SHRC for year 2015
Processing site SILK for year 2015
Processing site SIMM for year 2015
Processing site SIO5 for year 2015
Processing site SKYB for year 2015
Processing site SLMS for year 2015
Processing site SNHS for year 2015
Processing site SNI1 for year 2015
Processing site SNOG for year 2015
Processing site SOMT for year 2015
Processing site SONG for year 2015
Processing site SPK1 for year 2015
Processing site SPMS for year 2015
Processing site TABL for year 2015
Processing site TABV for year 2015
Processing site TEHA for year 2015
Processing site THCP for year 2015
Processing site THMG for year 2015
Processing site THMS for year 2015
Processing site TILC for year 2015
Processing site TIVA for year 2015
Processing site TMAP for year 2015
Processing site TORP for year 2015
Processing site TOST for year 2015
Processing site TRAK for year 2015
Processing site TWMS for year 2015
Processing site UCLP for year 2015
Processing site UCSB for year 2015
Processing site USC1 for year 2015
Processing site USGC for year 2015
Processing site VCST for year 2015
Processing site VDCY for year 2015
Processing site VIMT for year 2015
Processing site VNCO for year 2015
Processing site VNCX for year 2015
Processing site VNPS for year 2015
Processing site VTIS for year 2015
Processing site VTOR for year 2015
Processing site WATC for year 2015
Processing site WCHS for year 2015
Processing site WGPP for year 2015
Processing site WHC1 for year 2015
Processing site WHYT for year 2015
Processing site WIDC for year 2015
Processing site WKPK for year 2015
Processing site WLSN for year 2015
Processing site WMAP for year 2015
Processing site WMDG for year 2015
Processing site WNRA for year 2015
Processing site WOMT for year 2015
Processing site WRHS for year 2015
Processing site WWFG for year 2015
Processing site WWMT for year 2015
Processing site YUHG for year 2015
Processing site P799 for year 2015
Processing site SCIP for year 2015
Processing site CRFP for year 2015
Processing site HMTG for year 2015
Processing site CUHS for year 2015
Processing site MVFD for year 2015
Processing site COAG for year 2015
Processing site ELSG for year 2015
Processing site MTGG for year 2015
Processing site RKMG for year 2015
Processing site FOXG for year 2015
Processing site GMAG for year 2015
Processing site LKHG for year 2015
Processing site HAR7 for year 2015
Processing site RAGG for year 2015
Processing site WASG for year 2015
Processing site TAFT for year 2015
Processing site DSME for year 2015
Processing site PVHS for year 2015
Processing site BFLD for year 2015
Processing site BFSH for year 2015
Processing site DONO for year 2015
Processing site VINZ for year 2015
                    Timestamp  Site  ...  Precipitation_Label_approx  ffw
0  2015-01-01 00:00:00.000000  7ODM  ...                         0.0    0
0  2015-10-03 23:24:59.999997  P574  ...                         0.0    0
0  2015-05-19 14:24:59.999998  DAM2  ...                         0.0    0
1  2015-01-01 00:05:00.000000  7ODM  ...                         0.0    0
1  2015-05-19 14:29:59.999998  DAM2  ...                         0.0    0
1  2015-10-03 23:29:59.999997  P574  ...                         0.0    0
2  2015-05-19 14:34:59.999998  DAM2  ...                         0.0    0
2  2015-01-01 00:10:00.000000  7ODM  ...                         0.0    0
2  2015-10-03 23:34:59.999997  P574  ...                         0.0    0
3  2015-01-01 00:15:00.000000  7ODM  ...                         0.0    0

[10 rows x 16 columns]
Number of rows in result_df before saving: 50048309
Successfully processed and saved data for year 2015
Successfully processed year 2015
Processing year 2016
Processing site 7ODM for year 2016
Processing site ACSB for year 2016
Processing site AGMT for year 2016
Processing site ALPP for year 2016
Processing site AR27 for year 2016
Processing site AR53 for year 2016
Processing site ARM1 for year 2016
Processing site ARM2 for year 2016
Processing site ASHM for year 2016
Processing site AVRY for year 2016
Processing site AZRY for year 2016
Processing site AZU1 for year 2016
Processing site BALD for year 2016
Processing site BAR1 for year 2016
Processing site BBDM for year 2016
Processing site BBRY for year 2016
Processing site BCWR for year 2016
Processing site BEAT for year 2016
Processing site BEMT for year 2016
Processing site BEPK for year 2016
Processing site BFLD for year 2016
Processing site BFSH for year 2016
Processing site BGIS for year 2016
Processing site BILL for year 2016
Processing site BKAP for year 2016
Processing site BKMS for year 2016
Processing site BKR1 for year 2016
Processing site BKR2 for year 2016
Processing site BLSA for year 2016
Processing site BMHL for year 2016
Processing site BOMG for year 2016
Processing site BRAN for year 2016
Processing site BRPK for year 2016
Processing site BSRY for year 2016
Processing site BTDM for year 2016
Processing site BVPP for year 2016
Processing site CA99 for year 2016
Processing site CACT for year 2016
Processing site CASE for year 2016
Processing site CAT2 for year 2016
Processing site CAT3 for year 2016
Processing site CBHS for year 2016
Processing site CCCC for year 2016
Processing site CCCS for year 2016
Processing site CCST for year 2016
Processing site CDMT for year 2016
Processing site CGDM for year 2016
Processing site CHIL for year 2016
Processing site CHMS for year 2016
Processing site CIRX for year 2016
Processing site CIT1 for year 2016
Processing site CJMG for year 2016
Processing site CJMS for year 2016
Processing site CJVG for year 2016
Processing site CLAR for year 2016
Processing site CLBD for year 2016
Processing site CMP9 for year 2016
Processing site CNPP for year 2016
Processing site COAG for year 2016
Processing site COKG for year 2016
Processing site COPR for year 2016
Processing site COTD for year 2016
Processing site CPBN for year 2016
Processing site CRAM for year 2016
Processing site CRCN for year 2016
Processing site CRFP for year 2016
Processing site CRGG for year 2016
Processing site CRHS for year 2016
Processing site CRRS for year 2016
Processing site CRU1 for year 2016
Processing site CSCI for year 2016
Processing site CSDH for year 2016
Processing site CSN1 for year 2016
Processing site CSST for year 2016
Processing site CTDM for year 2016
Processing site CTMS for year 2016
Processing site CUHS for year 2016
Processing site CVHS for year 2016
Processing site DAM2 for year 2016
Processing site DAM3 for year 2016
Processing site DDMN for year 2016
Processing site DESC for year 2016
Processing site DHLG for year 2016
Processing site DLNO for year 2016
Processing site DLUZ for year 2016
Processing site DOND for year 2016
Processing site DONO for year 2016
Processing site DSSC for year 2016
Processing site DVPB for year 2016
Processing site DYH2 for year 2016
Processing site ECFS for year 2016
Processing site EDPP for year 2016
Processing site ELLY for year 2016
Processing site ELSC for year 2016
Processing site ELSG for year 2016
Processing site ELTN for year 2016
Processing site ELTS for year 2016
Processing site ERRG for year 2016
Processing site EWPP for year 2016
Processing site FHOG for year 2016
Processing site FMTP for year 2016
Processing site FMVT for year 2016
Processing site FOXG for year 2016
Processing site FSHB for year 2016
Processing site FVPK for year 2016
Processing site FZHS for year 2016
Processing site GDEC for year 2016
Processing site GHRP for year 2016
Processing site GLRS for year 2016
Processing site GMAG for year 2016
Processing site GMRC for year 2016
Processing site GOL2 for year 2016
Processing site GOLD for year 2016
Processing site GVRS for year 2016
Processing site HAR7 for year 2016
Processing site HBCO for year 2016
Processing site HCMN for year 2016
Processing site HIVI for year 2016
Processing site HMTG for year 2016
Processing site HNPS for year 2016
Processing site HOL3 for year 2016
Processing site HOLP for year 2016
Processing site HOTK for year 2016
Processing site HVYS for year 2016
Processing site I40A for year 2016
Processing site IDOG for year 2016
Processing site IDQG for year 2016
Processing site IID2 for year 2016
Processing site IMPS for year 2016
Processing site ISLK for year 2016
Processing site JNHG for year 2016
Processing site JPLM for year 2016
Processing site KBRC for year 2016
Processing site KNOL for year 2016
Processing site KRAC for year 2016
Processing site KYVW for year 2016
Processing site LAPC for year 2016
Processing site LBC1 for year 2016
Processing site LBC2 for year 2016
Processing site LBCH for year 2016
Processing site LDES for year 2016
Processing site LDSW for year 2016
Processing site LEEP for year 2016
Processing site LEMA for year 2016
Processing site LFRS for year 2016
Processing site LGWD for year 2016
Processing site LINC for year 2016
Processing site LINJ for year 2016
Processing site LJRN for year 2016
Processing site LKHG for year 2016
Processing site LL01 for year 2016
Processing site LMHG for year 2016
Processing site LMSG for year 2016
Processing site LNMT for year 2016
Processing site LORS for year 2016
Processing site LPCG for year 2016
Processing site LPHS for year 2016
Processing site LRRG for year 2016
Processing site LVMS for year 2016
Processing site MAT2 for year 2016
Processing site MERC for year 2016
Processing site MHMS for year 2016
Processing site MINS for year 2016
Processing site MJPK for year 2016
Processing site MLFP for year 2016
Processing site MONP for year 2016
Processing site MPWD for year 2016
Processing site MRDM for year 2016
Processing site MSCG for year 2016
Processing site MSOB for year 2016
Processing site MTA1 for year 2016
Processing site MTGG for year 2016
Processing site MUSB for year 2016
Processing site MWTP for year 2016
Processing site NHRG for year 2016
Processing site NOCO for year 2016
Processing site NOPE for year 2016
Processing site NOPK for year 2016
Processing site OAES for year 2016
Processing site OCSD for year 2016
Processing site OEOC for year 2016
Processing site OPBL for year 2016
Processing site OPCL for year 2016
Processing site OPCP for year 2016
Processing site OPCX for year 2016
Processing site OPRD for year 2016
Processing site ORMT for year 2016
Processing site OVLS for year 2016
Processing site OXYC for year 2016
Processing site OZST for year 2016
Processing site P056 for year 2016
Processing site P066 for year 2016
Processing site P091 for year 2016
Processing site P092 for year 2016
Processing site P093 for year 2016
Processing site P094 for year 2016
Processing site P245 for year 2016
Processing site P308 for year 2016
Processing site P311 for year 2016
Processing site P462 for year 2016
Processing site P463 for year 2016
Processing site P464 for year 2016
Processing site P465 for year 2016
Processing site P466 for year 2016
Processing site P467 for year 2016
Processing site P468 for year 2016
Processing site P469 for year 2016
Processing site P470 for year 2016
Processing site P471 for year 2016
Processing site P472 for year 2016
Processing site P473 for year 2016
Processing site P474 for year 2016
Processing site P475 for year 2016
Processing site P476 for year 2016
Processing site P477 for year 2016
Processing site P478 for year 2016
Processing site P479 for year 2016
Processing site P480 for year 2016
Processing site P481 for year 2016
Processing site P482 for year 2016
Processing site P483 for year 2016
Processing site P484 for year 2016
Processing site P485 for year 2016
Processing site P486 for year 2016
Processing site P487 for year 2016
Processing site P488 for year 2016
Processing site P489 for year 2016
Processing site P490 for year 2016
Processing site P491 for year 2016
Processing site P492 for year 2016
Processing site P493 for year 2016
Processing site P494 for year 2016
Processing site P495 for year 2016
Processing site P496 for year 2016
Processing site P497 for year 2016
Processing site P498 for year 2016
Processing site P499 for year 2016
Processing site P500 for year 2016
Processing site P501 for year 2016
Processing site P502 for year 2016
Processing site P503 for year 2016
Processing site P504 for year 2016
Processing site P505 for year 2016
Processing site P506 for year 2016
Processing site P507 for year 2016
Processing site P508 for year 2016
Processing site P509 for year 2016
Processing site P510 for year 2016
Processing site P511 for year 2016
Processing site P512 for year 2016
Processing site P517 for year 2016
Processing site P519 for year 2016
Processing site P520 for year 2016
Processing site P521 for year 2016
Processing site P522 for year 2016
Processing site P537 for year 2016
Processing site P543 for year 2016
Processing site P544 for year 2016
Processing site P545 for year 2016
Processing site P547 for year 2016
Processing site P548 for year 2016
Processing site P549 for year 2016
Processing site P550 for year 2016
Processing site P551 for year 2016
Processing site P553 for year 2016
Processing site P554 for year 2016
Processing site P555 for year 2016
Processing site P556 for year 2016
Processing site P557 for year 2016
Processing site P558 for year 2016
Processing site P560 for year 2016
Processing site P561 for year 2016
Processing site P562 for year 2016
Processing site P563 for year 2016
Processing site P564 for year 2016
Processing site P565 for year 2016
Processing site P566 for year 2016
Processing site P567 for year 2016
Processing site P568 for year 2016
Processing site P569 for year 2016
Processing site P570 for year 2016
Processing site P571 for year 2016
Processing site P572 for year 2016
Processing site P573 for year 2016
Processing site P574 for year 2016
Processing site P575 for year 2016
Processing site P577 for year 2016
Processing site P579 for year 2016
Processing site P580 for year 2016
Processing site P581 for year 2016
Processing site P582 for year 2016
Processing site P583 for year 2016
Processing site P584 for year 2016
Processing site P585 for year 2016
Processing site P586 for year 2016
Processing site P587 for year 2016
Processing site P588 for year 2016
Processing site P589 for year 2016
Processing site P590 for year 2016
Processing site P591 for year 2016
Processing site P592 for year 2016
Processing site P593 for year 2016
Processing site P594 for year 2016
Processing site P595 for year 2016
Processing site P596 for year 2016
Processing site P597 for year 2016
Processing site P598 for year 2016
Processing site P599 for year 2016
Processing site P600 for year 2016
Processing site P601 for year 2016
Processing site P603 for year 2016
Processing site P604 for year 2016
Processing site P605 for year 2016
Processing site P606 for year 2016
Processing site P607 for year 2016
Processing site P608 for year 2016
Processing site P609 for year 2016
Processing site P610 for year 2016
Processing site P611 for year 2016
Processing site P612 for year 2016
Processing site P613 for year 2016
Processing site P614 for year 2016
Processing site P615 for year 2016
Processing site P616 for year 2016
Processing site P617 for year 2016
Processing site P618 for year 2016
Processing site P619 for year 2016
Processing site P620 for year 2016
Processing site P621 for year 2016
Processing site P622 for year 2016
Processing site P626 for year 2016
Processing site P627 for year 2016
Processing site P628 for year 2016
Processing site P629 for year 2016
Processing site P630 for year 2016
Processing site P631 for year 2016
Processing site P632 for year 2016
Processing site P633 for year 2016
Processing site P634 for year 2016
Processing site P635 for year 2016
Processing site P636 for year 2016
Processing site P637 for year 2016
Processing site P638 for year 2016
Processing site P639 for year 2016
Processing site P640 for year 2016
Processing site P641 for year 2016
Processing site P642 for year 2016
Processing site P643 for year 2016
Processing site P644 for year 2016
Processing site P645 for year 2016
Processing site P646 for year 2016
Processing site P647 for year 2016
Processing site P648 for year 2016
Processing site P649 for year 2016
Processing site P650 for year 2016
Processing site P651 for year 2016
Processing site P652 for year 2016
Processing site P653 for year 2016
Processing site P723 for year 2016
Processing site P724 for year 2016
Processing site P725 for year 2016
Processing site P726 for year 2016
Processing site P727 for year 2016
Processing site P729 for year 2016
Processing site P740 for year 2016
Processing site P741 for year 2016
Processing site P742 for year 2016
Processing site P744 for year 2016
Processing site P795 for year 2016
Processing site P797 for year 2016
Processing site P799 for year 2016
Processing site P800 for year 2016
Processing site P809 for year 2016
Processing site P810 for year 2016
Processing site P811 for year 2016
Processing site PALX for year 2016
Processing site PBPP for year 2016
Processing site PHIN for year 2016
Processing site PHJX for year 2016
Processing site PHLB for year 2016
Processing site PIN1 for year 2016
Processing site PIN2 for year 2016
Processing site PJZX for year 2016
Processing site PKRD for year 2016
Processing site PLPX for year 2016
Processing site PLTX for year 2016
Processing site PMTN for year 2016
Processing site POBG for year 2016
Processing site POTR for year 2016
Processing site PPBF for year 2016
Processing site PSAP for year 2016
Processing site PSDM for year 2016
Processing site PTAX for year 2016
Processing site PTEX for year 2016
Processing site PVE3 for year 2016
Processing site PVHS for year 2016
Processing site PVRS for year 2016
Processing site QHTP for year 2016
Processing site RAAP for year 2016
Processing site RAGG for year 2016
Processing site RAMT for year 2016
Processing site RAPT for year 2016
Processing site RBRU for year 2016
Processing site RCA2 for year 2016
Processing site RDMT for year 2016
Processing site RDOM for year 2016
Processing site RHCG for year 2016
Processing site RHCL for year 2016
Processing site RKMG for year 2016
Processing site RMVJ for year 2016
Processing site ROCK for year 2016
Processing site RSTP for year 2016
Processing site RSVY for year 2016
Processing site RTHS for year 2016
Processing site RYAN for year 2016
Processing site SACY for year 2016
Processing site SAWC for year 2016
Processing site SBCC for year 2016
Processing site SCIA for year 2016
Processing site SCIP for year 2016
Processing site SDHL for year 2016
Processing site SFDM for year 2016
Processing site SGDM for year 2016
Processing site SGPS for year 2016
Processing site SHOS for year 2016
Processing site SHRC for year 2016
Processing site SILK for year 2016
Processing site SIMM for year 2016
Processing site SIO5 for year 2016
Processing site SKYB for year 2016
Processing site SLMS for year 2016
Processing site SNHS for year 2016
Processing site SNI1 for year 2016
Processing site SNOG for year 2016
Processing site SOMT for year 2016
Processing site SONG for year 2016
Processing site SPK1 for year 2016
Processing site SPMS for year 2016
Processing site TABL for year 2016
Processing site TABV for year 2016
Processing site TAFT for year 2016
Processing site TEHA for year 2016
Processing site THCP for year 2016
Processing site THMG for year 2016
Processing site THMS for year 2016
Processing site TILC for year 2016
Processing site TIVA for year 2016
Processing site TMAP for year 2016
Processing site TORP for year 2016
Processing site TOST for year 2016
Processing site TRAK for year 2016
Processing site TWMS for year 2016
Processing site USGC for year 2016
Processing site VCST for year 2016
Processing site VDCY for year 2016
Processing site VIMT for year 2016
Processing site VINZ for year 2016
Processing site VNCO for year 2016
Processing site VNCX for year 2016
Processing site VNPS for year 2016
Processing site VTOR for year 2016
Processing site WASG for year 2016
Processing site WATC for year 2016
Processing site WCHS for year 2016
Processing site WGPP for year 2016
Processing site WHC1 for year 2016
Processing site WHYT for year 2016
Processing site WIDC for year 2016
Processing site WKPK for year 2016
Processing site WLSN for year 2016
Processing site WMAP for year 2016
Processing site WMDG for year 2016
Processing site WNRA for year 2016
Processing site WOMT for year 2016
Processing site WRHS for year 2016
Processing site WWFG for year 2016
Processing site WWMT for year 2016
Processing site YUHG for year 2016
Processing site HELB for year 2016
Processing site VTIS for year 2016
Processing site P812 for year 2016
Processing site ANA1 for year 2016
Processing site DSME for year 2016
Processing site MVFD for year 2016
Processing site PMOB for year 2016
Processing site UCLP for year 2016
Processing site UCSB for year 2016
Processing site LONG for year 2016
Processing site LLAS for year 2016
                    Timestamp  Site  ...  Precipitation_Label_approx  ffw
0  2016-01-01 00:00:00.000000  7ODM  ...                         0.0    0
0  2016-05-17 11:49:59.999997  P489  ...                         0.0    0
0  2016-10-02 18:45:00.000000  P800  ...                         0.0    0
1  2016-01-01 00:05:00.000003  7ODM  ...                         0.0    0
1  2016-10-02 18:50:00.000003  P800  ...                         0.0    0
1  2016-05-17 11:55:00.000000  P489  ...                         0.0    0
2  2016-10-02 18:54:59.999999  P800  ...                         0.0    0
2  2016-01-01 00:09:59.999999  7ODM  ...                         0.0    0
2  2016-05-17 12:00:00.000003  P489  ...                         0.0    0
3  2016-01-01 00:15:00.000002  7ODM  ...                         0.0    0

[10 rows x 16 columns]
Number of rows in result_df before saving: 49957952
Successfully processed and saved data for year 2016
Successfully processed year 2016
Processing year 2017
Processing site 7ODM for year 2017
Processing site ACSB for year 2017
Processing site AGMT for year 2017
Processing site ALPP for year 2017
Processing site ANA1 for year 2017
Processing site AR27 for year 2017
Processing site AR53 for year 2017
Processing site ARM1 for year 2017
Processing site ARM2 for year 2017
Processing site ASHM for year 2017
Processing site AVRY for year 2017
Processing site AZRY for year 2017
Processing site AZU1 for year 2017
Processing site BALD for year 2017
Processing site BAR1 for year 2017
Processing site BBDM for year 2017
Processing site BBRY for year 2017
Processing site BCWR for year 2017
Processing site BEAT for year 2017
Processing site BEMT for year 2017
Processing site BEPK for year 2017
Processing site BFLD for year 2017
Processing site BFSH for year 2017
Processing site BGIS for year 2017
Processing site BILL for year 2017
Processing site BKAP for year 2017
Processing site BKMS for year 2017
Processing site BLSA for year 2017
Processing site BMHL for year 2017
Processing site BOMG for year 2017
Processing site BRPK for year 2017
Processing site BSRY for year 2017
Processing site BTDM for year 2017
Processing site BVPP for year 2017
Processing site CA99 for year 2017
Processing site CACT for year 2017
Processing site CASE for year 2017
Processing site CAT2 for year 2017
Processing site CBHS for year 2017
Processing site CCCC for year 2017
Processing site CCCS for year 2017
Processing site CCST for year 2017
Processing site CDMT for year 2017
Processing site CGDM for year 2017
Processing site CHIL for year 2017
Processing site CHMS for year 2017
Processing site CIRX for year 2017
Processing site CIT1 for year 2017
Processing site CJMG for year 2017
Processing site CJMS for year 2017
Processing site CJVG for year 2017
Processing site CLAR for year 2017
Processing site CLBD for year 2017
Processing site CMP9 for year 2017
Processing site CNPP for year 2017
Processing site COAG for year 2017
Processing site COKG for year 2017
Processing site COPR for year 2017
Processing site COTD for year 2017
Processing site CPBN for year 2017
Processing site CRAM for year 2017
Processing site CRCN for year 2017
Processing site CRGG for year 2017
Processing site CRHS for year 2017
Processing site CRRS for year 2017
Processing site CRU1 for year 2017
Processing site CSCI for year 2017
Processing site CSDH for year 2017
Processing site CSN1 for year 2017
Processing site CSST for year 2017
Processing site CTDM for year 2017
Processing site CTMS for year 2017
Processing site CUHS for year 2017
Processing site CVHS for year 2017
Processing site DAM2 for year 2017
Processing site DAM3 for year 2017
Processing site DDMN for year 2017
Processing site DESC for year 2017
Processing site DHLG for year 2017
Processing site DLNO for year 2017
Processing site DLUZ for year 2017
Processing site DOND for year 2017
Processing site DONO for year 2017
Processing site DSSC for year 2017
Processing site DVPB for year 2017
Processing site ECFS for year 2017
Processing site EDPP for year 2017
Processing site ELLY for year 2017
Processing site ELSC for year 2017
Processing site ELSG for year 2017
Processing site ELTN for year 2017
Processing site ERRG for year 2017
Processing site EWPP for year 2017
Processing site FHOG for year 2017
Processing site FMTP for year 2017
Processing site FMVT for year 2017
Processing site FOXG for year 2017
Processing site FSHB for year 2017
Processing site FVPK for year 2017
Processing site FZHS for year 2017
Processing site GDEC for year 2017
Processing site GHRP for year 2017
Processing site GLRS for year 2017
Processing site GMAG for year 2017
Processing site GMRC for year 2017
Processing site GOL2 for year 2017
Processing site GOLD for year 2017
Processing site GVRS for year 2017
Processing site HAR7 for year 2017
Processing site HCMN for year 2017
Processing site HELB for year 2017
Processing site HIVI for year 2017
Processing site HMTG for year 2017
Processing site HNPS for year 2017
Processing site HOL3 for year 2017
Processing site HOLP for year 2017
Processing site HOTK for year 2017
Processing site HVYS for year 2017
Processing site I40A for year 2017
Processing site IDOG for year 2017
Processing site IDQG for year 2017
Processing site IID2 for year 2017
Processing site IMPS for year 2017
Processing site ISLK for year 2017
Processing site JNHG for year 2017
Processing site JPLM for year 2017
Processing site KBRC for year 2017
Processing site KNOL for year 2017
Processing site KRAC for year 2017
Processing site KYVW for year 2017
Processing site LAPC for year 2017
Processing site LBC1 for year 2017
Processing site LBC2 for year 2017
Processing site LBCH for year 2017
Processing site LDES for year 2017
Processing site LDSW for year 2017
Processing site LEEP for year 2017
Processing site LEMA for year 2017
Processing site LFRS for year 2017
Processing site LGWD for year 2017
Processing site LINC for year 2017
Processing site LINJ for year 2017
Processing site LJRN for year 2017
Processing site LKHG for year 2017
Processing site LL01 for year 2017
Processing site LLAS for year 2017
Processing site LMHG for year 2017
Processing site LMSG for year 2017
Processing site LNMT for year 2017
Processing site LORS for year 2017
Processing site LPCG for year 2017
Processing site LRRG for year 2017
Processing site LVMS for year 2017
Processing site MAT2 for year 2017
Processing site MERC for year 2017
Processing site MHMS for year 2017
Processing site MINS for year 2017
Processing site MJPK for year 2017
Processing site MLFP for year 2017
Processing site MONP for year 2017
Processing site MPWD for year 2017
Processing site MRDM for year 2017
Processing site MSCG for year 2017
Processing site MSOB for year 2017
Processing site MTGG for year 2017
Processing site MUSB for year 2017
Processing site MVFD for year 2017
Processing site MWTP for year 2017
Processing site NHRG for year 2017
Processing site NOCO for year 2017
Processing site NOPE for year 2017
Processing site NOPK for year 2017
Processing site OAES for year 2017
Processing site OCSD for year 2017
Processing site OEOC for year 2017
Processing site OPBL for year 2017
Processing site OPCL for year 2017
Processing site OPCP for year 2017
Processing site OPCX for year 2017
Processing site OPRD for year 2017
Processing site ORMT for year 2017
Processing site OVLS for year 2017
Processing site OXYC for year 2017
Processing site OZST for year 2017
Processing site P056 for year 2017
Processing site P066 for year 2017
Processing site P091 for year 2017
Processing site P092 for year 2017
Processing site P093 for year 2017
Processing site P094 for year 2017
Processing site P245 for year 2017
Processing site P308 for year 2017
Processing site P311 for year 2017
Processing site P462 for year 2017
Processing site P463 for year 2017
Processing site P464 for year 2017
Processing site P465 for year 2017
Processing site P466 for year 2017
Processing site P467 for year 2017
Processing site P468 for year 2017
Processing site P469 for year 2017
Processing site P470 for year 2017
Processing site P471 for year 2017
Processing site P472 for year 2017
Processing site P473 for year 2017
Processing site P474 for year 2017
Processing site P475 for year 2017
Processing site P476 for year 2017
Processing site P477 for year 2017
Processing site P478 for year 2017
Processing site P479 for year 2017
Processing site P480 for year 2017
Processing site P481 for year 2017
Processing site P482 for year 2017
Processing site P483 for year 2017
Processing site P484 for year 2017
Processing site P485 for year 2017
Processing site P486 for year 2017
Processing site P487 for year 2017
Processing site P488 for year 2017
Processing site P489 for year 2017
Processing site P490 for year 2017
Processing site P491 for year 2017
Processing site P492 for year 2017
Processing site P493 for year 2017
Processing site P494 for year 2017
Processing site P495 for year 2017
Processing site P496 for year 2017
Processing site P497 for year 2017
Processing site P498 for year 2017
Processing site P499 for year 2017
Processing site P500 for year 2017
Processing site P501 for year 2017
Processing site P502 for year 2017
Processing site P503 for year 2017
Processing site P504 for year 2017
Processing site P505 for year 2017
Processing site P506 for year 2017
Processing site P507 for year 2017
Processing site P508 for year 2017
Processing site P509 for year 2017
Processing site P510 for year 2017
Processing site P511 for year 2017
Processing site P512 for year 2017
Processing site P517 for year 2017
Processing site P519 for year 2017
Processing site P520 for year 2017
Processing site P521 for year 2017
Processing site P522 for year 2017
Processing site P537 for year 2017
Processing site P543 for year 2017
Processing site P544 for year 2017
Processing site P545 for year 2017
Processing site P547 for year 2017
Processing site P548 for year 2017
Processing site P549 for year 2017
Processing site P550 for year 2017
Processing site P551 for year 2017
Processing site P553 for year 2017
Processing site P554 for year 2017
Processing site P555 for year 2017
Processing site P556 for year 2017
Processing site P557 for year 2017
Processing site P558 for year 2017
Processing site P560 for year 2017
Processing site P561 for year 2017
Processing site P562 for year 2017
Processing site P563 for year 2017
Processing site P564 for year 2017
Processing site P565 for year 2017
Processing site P566 for year 2017
Processing site P567 for year 2017
Processing site P568 for year 2017
Processing site P569 for year 2017
Processing site P570 for year 2017
Processing site P571 for year 2017
Processing site P572 for year 2017
Processing site P573 for year 2017
Processing site P574 for year 2017
Processing site P575 for year 2017
Processing site P577 for year 2017
Processing site P579 for year 2017
Processing site P580 for year 2017
Processing site P581 for year 2017
Processing site P582 for year 2017
Processing site P583 for year 2017
Processing site P584 for year 2017
Processing site P585 for year 2017
Processing site P586 for year 2017
Processing site P587 for year 2017
Processing site P588 for year 2017
Processing site P589 for year 2017
Processing site P590 for year 2017
Processing site P591 for year 2017
Processing site P592 for year 2017
Processing site P593 for year 2017
Processing site P594 for year 2017
Processing site P595 for year 2017
Processing site P596 for year 2017
Processing site P597 for year 2017
Processing site P598 for year 2017
Processing site P599 for year 2017
Processing site P600 for year 2017
Processing site P601 for year 2017
Processing site P603 for year 2017
Processing site P604 for year 2017
Processing site P605 for year 2017
Processing site P606 for year 2017
Processing site P607 for year 2017
Processing site P608 for year 2017
Processing site P610 for year 2017
Processing site P611 for year 2017
Processing site P612 for year 2017
Processing site P613 for year 2017
Processing site P614 for year 2017
Processing site P615 for year 2017
Processing site P616 for year 2017
Processing site P617 for year 2017
Processing site P618 for year 2017
Processing site P619 for year 2017
Processing site P620 for year 2017
Processing site P621 for year 2017
Processing site P622 for year 2017
Processing site P626 for year 2017
Processing site P627 for year 2017
Processing site P628 for year 2017
Processing site P629 for year 2017
Processing site P630 for year 2017
Processing site P631 for year 2017
Processing site P632 for year 2017
Processing site P633 for year 2017
Processing site P634 for year 2017
Processing site P635 for year 2017
Processing site P636 for year 2017
Processing site P637 for year 2017
Processing site P638 for year 2017
Processing site P639 for year 2017
Processing site P640 for year 2017
Processing site P641 for year 2017
Processing site P642 for year 2017
Processing site P643 for year 2017
Processing site P644 for year 2017
Processing site P645 for year 2017
Processing site P646 for year 2017
Processing site P647 for year 2017
Processing site P648 for year 2017
Processing site P649 for year 2017
Processing site P651 for year 2017
Processing site P652 for year 2017
Processing site P653 for year 2017
Processing site P723 for year 2017
Processing site P724 for year 2017
Processing site P725 for year 2017
Processing site P726 for year 2017
Processing site P727 for year 2017
Processing site P729 for year 2017
Processing site P740 for year 2017
Processing site P741 for year 2017
Processing site P742 for year 2017
Processing site P744 for year 2017
Processing site P795 for year 2017
Processing site P797 for year 2017
Processing site P799 for year 2017
Processing site P800 for year 2017
Processing site P809 for year 2017
Processing site P810 for year 2017
Processing site P811 for year 2017
Processing site P812 for year 2017
Processing site PALX for year 2017
Processing site PBPP for year 2017
Processing site PHIN for year 2017
Processing site PHJX for year 2017
Processing site PHLB for year 2017
Processing site PIN1 for year 2017
Processing site PIN2 for year 2017
Processing site PKRD for year 2017
Processing site PLPX for year 2017
Processing site PLTX for year 2017
Processing site PMOB for year 2017
Processing site PMTN for year 2017
Processing site POBG for year 2017
Processing site POTR for year 2017
Processing site PPBF for year 2017
Processing site PSDM for year 2017
Processing site PTAX for year 2017
Processing site PTEX for year 2017
Processing site PVE3 for year 2017
Processing site PVHS for year 2017
Processing site PVRS for year 2017
Processing site QHTP for year 2017
Processing site RAAP for year 2017
Processing site RAGG for year 2017
Processing site RAMT for year 2017
Processing site RAPT for year 2017
Processing site RBRU for year 2017
Processing site RCA2 for year 2017
Processing site RDMT for year 2017
Processing site RDOM for year 2017
Processing site RHCG for year 2017
Processing site RHCL for year 2017
Processing site RKMG for year 2017
Processing site RMVJ for year 2017
Processing site ROCK for year 2017
Processing site RSTP for year 2017
Processing site RSVY for year 2017
Processing site RTHS for year 2017
Processing site RYAN for year 2017
Processing site SACY for year 2017
Processing site SAWC for year 2017
Processing site SBCC for year 2017
Processing site SCIA for year 2017
Processing site SCIP for year 2017
Processing site SDHL for year 2017
Processing site SFDM for year 2017
Processing site SGDM for year 2017
Processing site SGPS for year 2017
Processing site SHOS for year 2017
Processing site SHRC for year 2017
Processing site SILK for year 2017
Processing site SIMM for year 2017
Processing site SIO5 for year 2017
Processing site SKYB for year 2017
Processing site SLMS for year 2017
Processing site SNHS for year 2017
Processing site SNI1 for year 2017
Processing site SNOG for year 2017
Processing site SOMT for year 2017
Processing site SONG for year 2017
Processing site SPK1 for year 2017
Processing site SPMS for year 2017
Processing site TABL for year 2017
Processing site TABV for year 2017
Processing site TAFT for year 2017
Processing site TEHA for year 2017
Processing site THCP for year 2017
Processing site THMG for year 2017
Processing site THMS for year 2017
Processing site TILC for year 2017
Processing site TIVA for year 2017
Processing site TMAP for year 2017
Processing site TORP for year 2017
Processing site TOST for year 2017
Processing site TRAK for year 2017
Processing site USGC for year 2017
Processing site VCST for year 2017
Processing site VDCY for year 2017
Processing site VIMT for year 2017
Processing site VINZ for year 2017
Processing site VNCO for year 2017
Processing site VNCX for year 2017
Processing site VNPS for year 2017
Processing site VTIS for year 2017
Processing site VTOR for year 2017
Processing site WASG for year 2017
Processing site WATC for year 2017
Processing site WCHS for year 2017
Processing site WGPP for year 2017
Processing site WHC1 for year 2017
Processing site WHYT for year 2017
Processing site WIDC for year 2017
Processing site WKPK for year 2017
Processing site WLSN for year 2017
Processing site WMAP for year 2017
Processing site WMDG for year 2017
Processing site WNRA for year 2017
Processing site WOMT for year 2017
Processing site WRHS for year 2017
Processing site WWFG for year 2017
Processing site WWMT for year 2017
Processing site YUHG for year 2017
Processing site UCLP for year 2017
Processing site TWMS for year 2017
Processing site DYH2 for year 2017
Processing site LPHS for year 2017
Processing site HBCO for year 2017
Processing site CAT3 for year 2017
Processing site LONG for year 2017
Processing site BRAN for year 2017
Processing site PJZX for year 2017
Processing site DSME for year 2017
Processing site P609 for year 2017
Processing site P650 for year 2017
Processing site NSSS for year 2017
Processing site CRFP for year 2017
Processing site MTA1 for year 2017
Processing site DVNW for year 2017
Processing site DVSE for year 2017
                    Timestamp  Site  ...  Precipitation_Label_approx  ffw
0  2017-10-05 05:00:00.000003  P563  ...                         0.0    0
0  2017-01-01 00:00:00.000000  7ODM  ...                         0.0    0
0  2017-05-20 20:20:00.000003  P570  ...                         0.0    0
1  2017-01-01 00:05:00.000000  7ODM  ...                         0.0    0
1  2017-05-20 20:25:00.000003  P570  ...                         0.0    0
1  2017-10-05 05:05:00.000003  P563  ...                         0.0    0
2  2017-10-05 05:10:00.000003  P563  ...                         0.0    0
2  2017-01-01 00:10:00.000000  7ODM  ...                         0.0    0
2  2017-05-20 20:30:00.000003  P570  ...                         0.0    0
3  2017-10-05 05:15:00.000003  P563  ...                         0.0    0

[10 rows x 16 columns]
Number of rows in result_df before saving: 49598048
Successfully processed and saved data for year 2017
Successfully processed year 2017
Processing year 2018
Processing site 7ODM for year 2018
Processing site ACSB for year 2018
Processing site AGMT for year 2018
Processing site ALPP for year 2018
Processing site ANA1 for year 2018
Processing site AR27 for year 2018
Processing site AR53 for year 2018
Processing site ARM1 for year 2018
Processing site ARM2 for year 2018
Processing site AVRY for year 2018
Processing site AZRY for year 2018
Processing site AZU1 for year 2018
Processing site BALD for year 2018
Processing site BAR1 for year 2018
Processing site BBDM for year 2018
Processing site BBRY for year 2018
Processing site BEMT for year 2018
Processing site BEPK for year 2018
Processing site BGIS for year 2018
Processing site BILL for year 2018
Processing site BKAP for year 2018
Processing site BKMS for year 2018
Processing site BLSA for year 2018
Processing site BMHL for year 2018
Processing site BOMG for year 2018
Processing site BRPK for year 2018
Processing site BSRY for year 2018
Processing site BTDM for year 2018
Processing site BVPP for year 2018
Processing site CA99 for year 2018
Processing site CACT for year 2018
Processing site CAT2 for year 2018
Processing site CAT3 for year 2018
Processing site CBHS for year 2018
Processing site CCCC for year 2018
Processing site CCCS for year 2018
Processing site CDMT for year 2018
Processing site CGDM for year 2018
Processing site CHIL for year 2018
Processing site CHMS for year 2018
Processing site CIRX for year 2018
Processing site CIT1 for year 2018
Processing site CJMG for year 2018
Processing site CJMS for year 2018
Processing site CJVG for year 2018
Processing site CLAR for year 2018
Processing site CLBD for year 2018
Processing site CMP9 for year 2018
Processing site CNPP for year 2018
Processing site COAG for year 2018
Processing site COKG for year 2018
Processing site COPR for year 2018
Processing site COTD for year 2018
Processing site CPBN for year 2018
Processing site CRFP for year 2018
Processing site CRGG for year 2018
Processing site CRHS for year 2018
Processing site CRRS for year 2018
Processing site CRU1 for year 2018
Processing site CSCI for year 2018
Processing site CSDH for year 2018
Processing site CSN1 for year 2018
Processing site CSST for year 2018
Processing site CTDM for year 2018
Processing site CTMS for year 2018
Processing site CUHS for year 2018
Processing site CVHS for year 2018
Processing site DAM3 for year 2018
Processing site DDMN for year 2018
Processing site DESC for year 2018
Processing site DHLG for year 2018
Processing site DLUZ for year 2018
Processing site DSME for year 2018
Processing site DSSC for year 2018
Processing site DVNW for year 2018
Processing site DVPB for year 2018
Processing site DVSE for year 2018
Processing site DYH2 for year 2018
Processing site ECFS for year 2018
Processing site EDPP for year 2018
Processing site ELLY for year 2018
Processing site ELSC for year 2018
Processing site ELSG for year 2018
Processing site ELTN for year 2018
Processing site EWPP for year 2018
Processing site FHOG for year 2018
Processing site FMTP for year 2018
Processing site FMVT for year 2018
Processing site FOXG for year 2018
Processing site FSHB for year 2018
Processing site FVPK for year 2018
Processing site FZHS for year 2018
Processing site GHRP for year 2018
Processing site GLRS for year 2018
Processing site GMAG for year 2018
Processing site GMRC for year 2018
Processing site GOL2 for year 2018
Processing site GOLD for year 2018
Processing site GVRS for year 2018
Processing site HBCO for year 2018
Processing site HCMN for year 2018
Processing site HELB for year 2018
Processing site HIVI for year 2018
Processing site HNPS for year 2018
Processing site HOL3 for year 2018
Processing site HOLP for year 2018
Processing site HOTK for year 2018
Processing site HVYS for year 2018
Processing site I40A for year 2018
Processing site IDOG for year 2018
Processing site IDQG for year 2018
Processing site IID2 for year 2018
Processing site IMPS for year 2018
Processing site ISLK for year 2018
Processing site JNHG for year 2018
Processing site JPLM for year 2018
Processing site KBRC for year 2018
Processing site KNOL for year 2018
Processing site KRAC for year 2018
Processing site KYVW for year 2018
Processing site LAPC for year 2018
Processing site LBC1 for year 2018
Processing site LBC2 for year 2018
Processing site LBCH for year 2018
Processing site LDES for year 2018
Processing site LDSW for year 2018
Processing site LFRS for year 2018
Processing site LGWD for year 2018
Processing site LINC for year 2018
Processing site LINJ for year 2018
Processing site LJRN for year 2018
Processing site LKHG for year 2018
Processing site LL01 for year 2018
Processing site LLAS for year 2018
Processing site LMHG for year 2018
Processing site LMSG for year 2018
Processing site LNMT for year 2018
Processing site LONG for year 2018
Processing site LORS for year 2018
Processing site LPHS for year 2018
Processing site LRRG for year 2018
Processing site LVMS for year 2018
Processing site MAT2 for year 2018
Processing site MERC for year 2018
Processing site MHMS for year 2018
Processing site MINS for year 2018
Processing site MJPK for year 2018
Processing site MLFP for year 2018
Processing site MONP for year 2018
Processing site MPWD for year 2018
Processing site MSCG for year 2018
Processing site MSOB for year 2018
Processing site MTA1 for year 2018
Processing site MTGG for year 2018
Processing site MUSB for year 2018
Processing site MVFD for year 2018
Processing site MWTP for year 2018
Processing site NHRG for year 2018
Processing site NOCO for year 2018
Processing site NOPK for year 2018
Processing site NSSS for year 2018
Processing site OAES for year 2018
Processing site OCSD for year 2018
Processing site OEOC for year 2018
Processing site OPBL for year 2018
Processing site OPCL for year 2018
Processing site OPCP for year 2018
Processing site OPCX for year 2018
Processing site OPRD for year 2018
Processing site ORMT for year 2018
Processing site OVLS for year 2018
Processing site OXYC for year 2018
Processing site OZST for year 2018
Processing site P056 for year 2018
Processing site P066 for year 2018
Processing site P092 for year 2018
Processing site P093 for year 2018
Processing site P245 for year 2018
Processing site P308 for year 2018
Processing site P311 for year 2018
Processing site P462 for year 2018
Processing site P467 for year 2018
Processing site P468 for year 2018
Processing site P470 for year 2018
Processing site P471 for year 2018
Processing site P472 for year 2018
Processing site P473 for year 2018
Processing site P474 for year 2018
Processing site P475 for year 2018
Processing site P476 for year 2018
Processing site P477 for year 2018
Processing site P478 for year 2018
Processing site P479 for year 2018
Processing site P480 for year 2018
Processing site P481 for year 2018
Processing site P482 for year 2018
Processing site P483 for year 2018
Processing site P484 for year 2018
Processing site P485 for year 2018
Processing site P486 for year 2018
Processing site P487 for year 2018
Processing site P488 for year 2018
Processing site P489 for year 2018
Processing site P490 for year 2018
Processing site P491 for year 2018
Processing site P492 for year 2018
Processing site P493 for year 2018
Processing site P494 for year 2018
Processing site P495 for year 2018
Processing site P496 for year 2018
Processing site P497 for year 2018
Processing site P498 for year 2018
Processing site P499 for year 2018
Processing site P500 for year 2018
Processing site P501 for year 2018
Processing site P502 for year 2018
Processing site P503 for year 2018
Processing site P504 for year 2018
Processing site P505 for year 2018
Processing site P506 for year 2018
Processing site P507 for year 2018
Processing site P508 for year 2018
Processing site P509 for year 2018
Processing site P510 for year 2018
Processing site P511 for year 2018
Processing site P517 for year 2018
Processing site P519 for year 2018
Processing site P520 for year 2018
Processing site P521 for year 2018
Processing site P522 for year 2018
Processing site P537 for year 2018
Processing site P543 for year 2018
Processing site P544 for year 2018
Processing site P545 for year 2018
Processing site P547 for year 2018
Processing site P548 for year 2018
Processing site P549 for year 2018
Processing site P550 for year 2018
Processing site P551 for year 2018
Processing site P553 for year 2018
Processing site P554 for year 2018
Processing site P555 for year 2018
Processing site P556 for year 2018
Processing site P557 for year 2018
Processing site P558 for year 2018
Processing site P560 for year 2018
Processing site P563 for year 2018
Processing site P564 for year 2018
Processing site P565 for year 2018
Processing site P566 for year 2018
Processing site P567 for year 2018
Processing site P568 for year 2018
Processing site P569 for year 2018
Processing site P570 for year 2018
Processing site P571 for year 2018
Processing site P572 for year 2018
Processing site P573 for year 2018
Processing site P574 for year 2018
Processing site P575 for year 2018
Processing site P577 for year 2018
Processing site P579 for year 2018
Processing site P580 for year 2018
Processing site P581 for year 2018
Processing site P582 for year 2018
Processing site P583 for year 2018
Processing site P584 for year 2018
Processing site P585 for year 2018
Processing site P586 for year 2018
Processing site P587 for year 2018
Processing site P588 for year 2018
Processing site P589 for year 2018
Processing site P590 for year 2018
Processing site P591 for year 2018
Processing site P592 for year 2018
Processing site P594 for year 2018
Processing site P595 for year 2018
Processing site P596 for year 2018
Processing site P597 for year 2018
Processing site P598 for year 2018
Processing site P599 for year 2018
Processing site P600 for year 2018
Processing site P601 for year 2018
Processing site P603 for year 2018
Processing site P604 for year 2018
Processing site P605 for year 2018
Processing site P606 for year 2018
Processing site P607 for year 2018
Processing site P608 for year 2018
Processing site P609 for year 2018
Processing site P610 for year 2018
Processing site P611 for year 2018
Processing site P612 for year 2018
Processing site P613 for year 2018
Processing site P614 for year 2018
Processing site P615 for year 2018
Processing site P616 for year 2018
Processing site P617 for year 2018
Processing site P618 for year 2018
Processing site P619 for year 2018
Processing site P620 for year 2018
Processing site P621 for year 2018
Processing site P622 for year 2018
Processing site P626 for year 2018
Processing site P627 for year 2018
Processing site P628 for year 2018
Processing site P629 for year 2018
Processing site P630 for year 2018
Processing site P631 for year 2018
Processing site P632 for year 2018
Processing site P633 for year 2018
Processing site P634 for year 2018
Processing site P635 for year 2018
Processing site P636 for year 2018
Processing site P637 for year 2018
Processing site P638 for year 2018
Processing site P639 for year 2018
Processing site P640 for year 2018
Processing site P641 for year 2018
Processing site P642 for year 2018
Processing site P643 for year 2018
Processing site P644 for year 2018
Processing site P645 for year 2018
Processing site P646 for year 2018
Processing site P647 for year 2018
Processing site P648 for year 2018
Processing site P649 for year 2018
Processing site P650 for year 2018
Processing site P651 for year 2018
Processing site P652 for year 2018
Processing site P653 for year 2018
Processing site P724 for year 2018
Processing site P725 for year 2018
Processing site P726 for year 2018
Processing site P727 for year 2018
Processing site P729 for year 2018
Processing site P740 for year 2018
Processing site P741 for year 2018
Processing site P742 for year 2018
Processing site P744 for year 2018
Processing site P795 for year 2018
Processing site P797 for year 2018
Processing site P799 for year 2018
Processing site P800 for year 2018
Processing site P809 for year 2018
Processing site P810 for year 2018
Processing site P811 for year 2018
Processing site P812 for year 2018
Processing site PALX for year 2018
Processing site PBPP for year 2018
Processing site PHJX for year 2018
Processing site PHLB for year 2018
Processing site PIN1 for year 2018
Processing site PIN2 for year 2018
Processing site PJZX for year 2018
Processing site PKRD for year 2018
Processing site PLPX for year 2018
Processing site PLTX for year 2018
Processing site PMOB for year 2018
Processing site PMTN for year 2018
Processing site POBG for year 2018
Processing site POTR for year 2018
Processing site PPBF for year 2018
Processing site PSDM for year 2018
Processing site PVE3 for year 2018
Processing site PVRS for year 2018
Processing site QHTP for year 2018
Processing site RAAP for year 2018
Processing site RAGG for year 2018
Processing site RAMT for year 2018
Processing site RCA2 for year 2018
Processing site RDMT for year 2018
Processing site RDOM for year 2018
Processing site RHCL for year 2018
Processing site RKMG for year 2018
Processing site RMVJ for year 2018
Processing site ROCK for year 2018
Processing site RSTP for year 2018
Processing site RSVY for year 2018
Processing site RTHS for year 2018
Processing site SACY for year 2018
Processing site SAWC for year 2018
Processing site SBCC for year 2018
Processing site SCIA for year 2018
Processing site SCIP for year 2018
Processing site SDHL for year 2018
Processing site SFDM for year 2018
Processing site SGPS for year 2018
Processing site SHOS for year 2018
Processing site SHRC for year 2018
Processing site SILK for year 2018
Processing site SIO5 for year 2018
Processing site SKYB for year 2018
Processing site SLMS for year 2018
Processing site SNHS for year 2018
Processing site SNI1 for year 2018
Processing site SNOG for year 2018
Processing site SOMT for year 2018
Processing site SONG for year 2018
Processing site SPMS for year 2018
Processing site TABL for year 2018
Processing site TABV for year 2018
Processing site THCP for year 2018
Processing site THMG for year 2018
Processing site THMS for year 2018
Processing site TILC for year 2018
Processing site TIVA for year 2018
Processing site TMAP for year 2018
Processing site TORP for year 2018
Processing site TOST for year 2018
Processing site TRAK for year 2018
Processing site TWMS for year 2018
Processing site UCLP for year 2018
Processing site USGC for year 2018
Processing site VDCY for year 2018
Processing site VIMT for year 2018
Processing site VNCO for year 2018
Processing site VNCX for year 2018
Processing site VNPS for year 2018
Processing site VTIS for year 2018
Processing site VTOR for year 2018
Processing site WASG for year 2018
Processing site WATC for year 2018
Processing site WCHS for year 2018
Processing site WGPP for year 2018
Processing site WHYT for year 2018
Processing site WIDC for year 2018
Processing site WKPK for year 2018
Processing site WLSN for year 2018
Processing site WMAP for year 2018
Processing site WNRA for year 2018
Processing site WRHS for year 2018
Processing site WWMT for year 2018
Processing site YUHG for year 2018
Processing site DAM2 for year 2018
Processing site SPK1 for year 2018
Processing site WWFG for year 2018
Processing site WMDG for year 2018
Processing site P512 for year 2018
Processing site BFLD for year 2018
Processing site BFSH for year 2018
Processing site CRCN for year 2018
Processing site DLNO for year 2018
Processing site DOND for year 2018
Processing site DONO for year 2018
Processing site LEMA for year 2018
Processing site P562 for year 2018
Processing site RBRU for year 2018
Processing site SIMM for year 2018
Processing site TAFT for year 2018
Processing site TEHA for year 2018
Processing site VINZ for year 2018
Processing site RAPT for year 2018
Processing site HMTG for year 2018
Processing site P561 for year 2018
Processing site PVHS for year 2018
Processing site WHC1 for year 2018
Processing site P464 for year 2018
Processing site P465 for year 2018
Processing site P091 for year 2018
Processing site P094 for year 2018
Processing site P463 for year 2018
Processing site P466 for year 2018
Processing site P469 for year 2018
Processing site RHCG for year 2018
Processing site BRAN for year 2018
Processing site WOMT for year 2018
Processing site MRDM for year 2018
Processing site SGDM for year 2018
Processing site CASE for year 2018
Processing site REPO for year 2018
Processing site HAR7 for year 2018
Processing site COSO for year 2018
Processing site LEEP for year 2018
Processing site ERRG for year 2018
Processing site P593 for year 2018
Processing site PTEX for year 2018
Processing site LPCG for year 2018
Processing site JAS1 for year 2018
Processing site LBRF for year 2018
Processing site MXS1 for year 2018
                    Timestamp  Site  ...  Precipitation_Label_approx  ffw
0  2018-01-01 00:00:00.000000  7ODM  ...                         0.0    0
0  2018-11-03 15:00:00.000002  PMOB  ...                         0.0    0
0  2018-05-28 13:30:00.000001  NOPK  ...                         0.0    0
1  2018-01-01 00:05:00.000000  7ODM  ...                         0.0    0
1  2018-05-28 13:35:00.000001  NOPK  ...                         0.0    0
1  2018-11-03 15:05:00.000002  PMOB  ...                         0.0    0
2  2018-11-03 15:10:00.000002  PMOB  ...                         0.0    0
2  2018-01-01 00:10:00.000000  7ODM  ...                         0.0    0
2  2018-05-28 13:40:00.000001  NOPK  ...                         0.0    0
3  2018-01-01 00:15:00.000000  7ODM  ...                         0.0    0

[10 rows x 16 columns]
Number of rows in result_df before saving: 44678800
Successfully processed and saved data for year 2018
Successfully processed year 2018
Processing year 2019
Processing site ACSB for year 2019
Processing site AGMT for year 2019
Processing site ANA1 for year 2019
Processing site AR27 for year 2019
Processing site AR53 for year 2019
Processing site ARM1 for year 2019
Processing site ARM2 for year 2019
Processing site AVRY for year 2019
Processing site AZRY for year 2019
Processing site AZU1 for year 2019
Processing site BALD for year 2019
Processing site BBDM for year 2019
Processing site BBRY for year 2019
Processing site BEMT for year 2019
Processing site BEPK for year 2019
Processing site BFLD for year 2019
Processing site BFSH for year 2019
Processing site BGIS for year 2019
Processing site BILL for year 2019
Processing site BKAP for year 2019
Processing site BKMS for year 2019
Processing site BLSA for year 2019
Processing site BMHL for year 2019
Processing site BOMG for year 2019
Processing site BSRY for year 2019
Processing site BTDM for year 2019
Processing site BVPP for year 2019
Processing site CA99 for year 2019
Processing site CASE for year 2019
Processing site CAT2 for year 2019
Processing site CAT3 for year 2019
Processing site CBHS for year 2019
Processing site CCCC for year 2019
Processing site CCCS for year 2019
Processing site CDMT for year 2019
Processing site CHIL for year 2019
Processing site CHMS for year 2019
Processing site CIT1 for year 2019
Processing site CJMG for year 2019
Processing site CJMS for year 2019
Processing site CJVG for year 2019
Processing site CLAR for year 2019
Processing site CLBD for year 2019
Processing site CNPP for year 2019
Processing site COAG for year 2019
Processing site COKG for year 2019
Processing site COPR for year 2019
Processing site CPBN for year 2019
Processing site CRCN for year 2019
Processing site CRFP for year 2019
Processing site CRGG for year 2019
Processing site CRHS for year 2019
Processing site CRRS for year 2019
Processing site CRU1 for year 2019
Processing site CSCI for year 2019
Processing site CSDH for year 2019
Processing site CSST for year 2019
Processing site CTDM for year 2019
Processing site CTMS for year 2019
Processing site CUHS for year 2019
Processing site DDMN for year 2019
Processing site DESC for year 2019
Processing site DHLG for year 2019
Processing site DLNO for year 2019
Processing site DLUZ for year 2019
Processing site DOND for year 2019
Processing site DONO for year 2019
Processing site DSME for year 2019
Processing site DSSC for year 2019
Processing site DYH2 for year 2019
Processing site ECFS for year 2019
Processing site EDPP for year 2019
Processing site ELLY for year 2019
Processing site ELSC for year 2019
Processing site ELSG for year 2019
Processing site EWPP for year 2019
Processing site FHOG for year 2019
Processing site FMVT for year 2019
Processing site FSHB for year 2019
Processing site FVPK for year 2019
Processing site FZHS for year 2019
Processing site GHRP for year 2019
Processing site GLRS for year 2019
Processing site GMAG for year 2019
Processing site GMRC for year 2019
Processing site GOL2 for year 2019
Processing site GVRS for year 2019
Processing site HAR7 for year 2019
Processing site HCMN for year 2019
Processing site HELB for year 2019
Processing site HIVI for year 2019
Processing site HNPS for year 2019
Processing site HOL3 for year 2019
Processing site HOLP for year 2019
Processing site HOTK for year 2019
Processing site HVYS for year 2019
Processing site I40A for year 2019
Processing site IMPS for year 2019
Processing site ISLK for year 2019
Processing site JAS1 for year 2019
Processing site JNHG for year 2019
Processing site JPLM for year 2019
Processing site KBRC for year 2019
Processing site KNOL for year 2019
Processing site KRAC for year 2019
Processing site KYVW for year 2019
Processing site LAPC for year 2019
Processing site LBC1 for year 2019
Processing site LBC2 for year 2019
Processing site LBRF for year 2019
Processing site LDES for year 2019
Processing site LDSW for year 2019
Processing site LEMA for year 2019
Processing site LFRS for year 2019
Processing site LGWD for year 2019
Processing site LINC for year 2019
Processing site LINJ for year 2019
Processing site LJRN for year 2019
Processing site LL01 for year 2019
Processing site LLAS for year 2019
Processing site LMHG for year 2019
Processing site LMSG for year 2019
Processing site LNMT for year 2019
Processing site LORS for year 2019
Processing site LRRG for year 2019
Processing site MAT2 for year 2019
Processing site MERC for year 2019
Processing site MHMS for year 2019
Processing site MINS for year 2019
Processing site MJPK for year 2019
Processing site MLFP for year 2019
Processing site MONP for year 2019
Processing site MPWD for year 2019
Processing site MSOB for year 2019
Processing site MTGG for year 2019
Processing site MUSB for year 2019
Processing site MVFD for year 2019
Processing site MWTP for year 2019
Processing site MXS1 for year 2019
Processing site NHRG for year 2019
Processing site NOCO for year 2019
Processing site NOPK for year 2019
Processing site NSSS for year 2019
Processing site OAES for year 2019
Processing site OCSD for year 2019
Processing site OEOC for year 2019
Processing site OPBL for year 2019
Processing site OPCL for year 2019
Processing site OPCP for year 2019
Processing site OPCX for year 2019
Processing site OPRD for year 2019
Processing site ORMT for year 2019
Processing site OVLS for year 2019
Processing site OXYC for year 2019
Processing site OZST for year 2019
Processing site P056 for year 2019
Processing site P066 for year 2019
Processing site P091 for year 2019
Processing site P093 for year 2019
Processing site P094 for year 2019
Processing site P245 for year 2019
Processing site P311 for year 2019
Processing site P462 for year 2019
Processing site P463 for year 2019
Processing site P464 for year 2019
Processing site P465 for year 2019
Processing site P466 for year 2019
Processing site P467 for year 2019
Processing site P468 for year 2019
Processing site P469 for year 2019
Processing site P470 for year 2019
Processing site P471 for year 2019
Processing site P472 for year 2019
Processing site P473 for year 2019
Processing site P474 for year 2019
Processing site P475 for year 2019
Processing site P476 for year 2019
Processing site P477 for year 2019
Processing site P478 for year 2019
Processing site P479 for year 2019
Processing site P480 for year 2019
Processing site P481 for year 2019
Processing site P482 for year 2019
Processing site P483 for year 2019
Processing site P484 for year 2019
Processing site P485 for year 2019
Processing site P486 for year 2019
Processing site P487 for year 2019
Processing site P488 for year 2019
Processing site P489 for year 2019
Processing site P490 for year 2019
Processing site P491 for year 2019
Processing site P492 for year 2019
Processing site P493 for year 2019
Processing site P494 for year 2019
Processing site P495 for year 2019
Processing site P496 for year 2019
Processing site P497 for year 2019
Processing site P498 for year 2019
Processing site P499 for year 2019
Processing site P500 for year 2019
Processing site P501 for year 2019
Processing site P502 for year 2019
Processing site P503 for year 2019
Processing site P504 for year 2019
Processing site P505 for year 2019
Processing site P506 for year 2019
Processing site P507 for year 2019
Processing site P508 for year 2019
Processing site P509 for year 2019
Processing site P510 for year 2019
Processing site P511 for year 2019
Processing site P512 for year 2019
Processing site P517 for year 2019
Processing site P519 for year 2019
Processing site P520 for year 2019
Processing site P521 for year 2019
Processing site P522 for year 2019
Processing site P537 for year 2019
Processing site P543 for year 2019
Processing site P544 for year 2019
Processing site P545 for year 2019
Processing site P547 for year 2019
Processing site P548 for year 2019
Processing site P550 for year 2019
Processing site P551 for year 2019
Processing site P553 for year 2019
Processing site P554 for year 2019
Processing site P555 for year 2019
Processing site P556 for year 2019
Processing site P557 for year 2019
Processing site P558 for year 2019
Processing site P560 for year 2019
Processing site P561 for year 2019
Processing site P563 for year 2019
Processing site P564 for year 2019
Processing site P565 for year 2019
Processing site P566 for year 2019
Processing site P567 for year 2019
Processing site P568 for year 2019
Processing site P569 for year 2019
Processing site P570 for year 2019
Processing site P571 for year 2019
Processing site P572 for year 2019
Processing site P573 for year 2019
Processing site P574 for year 2019
Processing site P575 for year 2019
Processing site P577 for year 2019
Processing site P579 for year 2019
Processing site P580 for year 2019
Processing site P581 for year 2019
Processing site P582 for year 2019
Processing site P583 for year 2019
Processing site P584 for year 2019
Processing site P585 for year 2019
Processing site P586 for year 2019
Processing site P587 for year 2019
Processing site P588 for year 2019
Processing site P589 for year 2019
Processing site P590 for year 2019
Processing site P591 for year 2019
Processing site P592 for year 2019
Processing site P593 for year 2019
Processing site P594 for year 2019
Processing site P595 for year 2019
Processing site P597 for year 2019
Processing site P598 for year 2019
Processing site P599 for year 2019
Processing site P600 for year 2019
Processing site P601 for year 2019
Processing site P603 for year 2019
Processing site P604 for year 2019
Processing site P605 for year 2019
Processing site P606 for year 2019
Processing site P607 for year 2019
Processing site P608 for year 2019
Processing site P609 for year 2019
Processing site P610 for year 2019
Processing site P611 for year 2019
Processing site P612 for year 2019
Processing site P613 for year 2019
Processing site P614 for year 2019
Processing site P615 for year 2019
Processing site P616 for year 2019
Processing site P617 for year 2019
Processing site P618 for year 2019
Processing site P619 for year 2019
Processing site P620 for year 2019
Processing site P621 for year 2019
Processing site P622 for year 2019
Processing site P626 for year 2019
Processing site P627 for year 2019
Processing site P628 for year 2019
Processing site P629 for year 2019
Processing site P630 for year 2019
Processing site P631 for year 2019
Processing site P632 for year 2019
Processing site P633 for year 2019
Processing site P634 for year 2019
Processing site P636 for year 2019
Processing site P637 for year 2019
Processing site P638 for year 2019
Processing site P639 for year 2019
Processing site P640 for year 2019
Processing site P641 for year 2019
Processing site P642 for year 2019
Processing site P643 for year 2019
Processing site P644 for year 2019
Processing site P645 for year 2019
Processing site P646 for year 2019
Processing site P647 for year 2019
Processing site P649 for year 2019
Processing site P650 for year 2019
Processing site P651 for year 2019
Processing site P652 for year 2019
Processing site P653 for year 2019
Processing site P724 for year 2019
Processing site P725 for year 2019
Processing site P726 for year 2019
Processing site P727 for year 2019
Processing site P729 for year 2019
Processing site P740 for year 2019
Processing site P741 for year 2019
Processing site P742 for year 2019
Processing site P744 for year 2019
Processing site P795 for year 2019
Processing site P797 for year 2019
Processing site P799 for year 2019
Processing site P800 for year 2019
Processing site P809 for year 2019
Processing site P810 for year 2019
Processing site P811 for year 2019
Processing site P812 for year 2019
Processing site PALX for year 2019
Processing site PBPP for year 2019
Processing site PIN1 for year 2019
Processing site PIN2 for year 2019
Processing site PJZX for year 2019
Processing site PKRD for year 2019
Processing site PLPX for year 2019
Processing site PLTX for year 2019
Processing site PMOB for year 2019
Processing site PMTN for year 2019
Processing site POTR for year 2019
Processing site PPBF for year 2019
Processing site PSDM for year 2019
Processing site PTEX for year 2019
Processing site PVE3 for year 2019
Processing site PVRS for year 2019
Processing site RAAP for year 2019
Processing site RAMT for year 2019
Processing site RAPT for year 2019
Processing site RBRU for year 2019
Processing site RCA2 for year 2019
Processing site RDMT for year 2019
Processing site RDOM for year 2019
Processing site REPO for year 2019
Processing site RHCG for year 2019
Processing site RHCL for year 2019
Processing site RKMG for year 2019
Processing site RMVJ for year 2019
Processing site ROCK for year 2019
Processing site RSTP for year 2019
Processing site RSVY for year 2019
Processing site RTHS for year 2019
Processing site SACY for year 2019
Processing site SAWC for year 2019
Processing site SBCC for year 2019
Processing site SCIA for year 2019
Processing site SCIP for year 2019
Processing site SDHL for year 2019
Processing site SFDM for year 2019
Processing site SGPS for year 2019
Processing site SHOS for year 2019
Processing site SHRC for year 2019
Processing site SILK for year 2019
Processing site SIMM for year 2019
Processing site SIO5 for year 2019
Processing site SKYB for year 2019
Processing site SNHS for year 2019
Processing site SOMT for year 2019
Processing site SONG for year 2019
Processing site SPMS for year 2019
Processing site TABL for year 2019
Processing site TABV for year 2019
Processing site TAFT for year 2019
Processing site TEHA for year 2019
Processing site THCP for year 2019
Processing site THMS for year 2019
Processing site TILC for year 2019
Processing site TIVA for year 2019
Processing site TORP for year 2019
Processing site TOST for year 2019
Processing site TRAK for year 2019
Processing site USGC for year 2019
Processing site VDCY for year 2019
Processing site VIMT for year 2019
Processing site VINZ for year 2019
Processing site VNCO for year 2019
Processing site VNCX for year 2019
Processing site VNPS for year 2019
Processing site VTIS for year 2019
Processing site VTOR for year 2019
Processing site WATC for year 2019
Processing site WCHS for year 2019
Processing site WGPP for year 2019
Processing site WHC1 for year 2019
Processing site WHYT for year 2019
Processing site WKPK for year 2019
Processing site WLSN for year 2019
Processing site WMDG for year 2019
Processing site WOMT for year 2019
Processing site WWFG for year 2019
Processing site YUHG for year 2019
Processing site 7ODM for year 2019
Processing site CSN1 for year 2019
Processing site CVHS for year 2019
Processing site ELTN for year 2019
Processing site HMTG for year 2019
Processing site LBCH for year 2019
Processing site LPHS for year 2019
Processing site LVMS for year 2019
Processing site POBG for year 2019
Processing site TWMS for year 2019
Processing site WNRA for year 2019
Processing site WRHS for year 2019
Processing site WMAP for year 2019
Processing site LONG for year 2019
Processing site SPK1 for year 2019
Processing site LKHG for year 2019
Processing site CMP9 for year 2019
Processing site P549 for year 2019
Processing site CACT for year 2019
Processing site IDOG for year 2019
Processing site MSCG for year 2019
Processing site WIDC for year 2019
Processing site WWMT for year 2019
Processing site HBCO for year 2019
Processing site THMG for year 2019
Processing site IDQG for year 2019
Processing site P092 for year 2019
Processing site P596 for year 2019
Processing site P635 for year 2019
Processing site P648 for year 2019
Processing site IID2 for year 2019
Processing site PHJX for year 2019
Processing site PVHS for year 2019
Processing site SLMS for year 2019
Processing site WASG for year 2019
Processing site ALPP for year 2019
Processing site BAR1 for year 2019
Processing site CIRX for year 2019
Processing site TMAP for year 2019
Processing site COSO for year 2019
Processing site P308 for year 2019
Processing site GOLD for year 2019
Processing site ERRG for year 2019
Processing site UCLP for year 2019
Processing site RAGG for year 2019
Processing site SNI1 for year 2019
Processing site FMTP for year 2019
Processing site DS13 for year 2019
Processing site DAM2 for year 2019
Processing site DAM3 for year 2019
Processing site LEEP for year 2019
Processing site QHTP for year 2019
Processing site GDEC for year 2019
Processing site FOXG for year 2019
Processing site P808 for year 2019
Processing site ASHM for year 2019
Processing site BCWR for year 2019
Processing site BEAT for year 2019
Processing site BRAN for year 2019
Processing site CGDM for year 2019
Processing site CORX for year 2019
Processing site CRAM for year 2019
Processing site LPCG for year 2019
Processing site NEVA for year 2019
Processing site NOPE for year 2019
Processing site P723 for year 2019
Processing site PLO5 for year 2019
Processing site PLO6 for year 2019
Processing site RYAN for year 2019
Processing site SLHG for year 2019
Processing site PHIN for year 2019
Processing site ALAM for year 2019
                    Timestamp  Site  ...  Precipitation_Label_approx  ffw
0  2019-01-01 00:00:00.000000  ACSB  ...                         0.0    0
0  2019-06-14 10:55:00.000001  P799  ...                         0.0    0
0  2019-11-13 22:35:00.000003  P630  ...                         0.0    0
1  2019-06-14 11:00:00.000001  P799  ...                         0.0    0
1  2019-11-13 22:40:00.000003  P630  ...                         0.0    0
1  2019-01-01 00:05:00.000000  ACSB  ...                         0.0    0
2  2019-01-01 00:10:00.000000  ACSB  ...                         0.0    0
2  2019-06-14 11:05:00.000001  P799  ...                         0.0    0
2  2019-11-13 22:45:00.000003  P630  ...                         0.0    0
3  2019-11-13 22:50:00.000003  P630  ...                         0.0    0

[10 rows x 16 columns]
Number of rows in result_df before saving: 43704104
Successfully processed and saved data for year 2019
Successfully processed year 2019
Processing year 2020
Processing site 7ODM for year 2020
Processing site ACSB for year 2020
Processing site AGMT for year 2020
Processing site ALAM for year 2020
Processing site ANA1 for year 2020
Processing site AR27 for year 2020
Processing site AR53 for year 2020
Processing site ARM2 for year 2020
Processing site AVRY for year 2020
Processing site AZRY for year 2020
Processing site AZU1 for year 2020
Processing site BALD for year 2020
Processing site BAR1 for year 2020
Processing site BBDM for year 2020
Processing site BBRY for year 2020
Processing site BCWR for year 2020
Processing site BEMT for year 2020
Processing site BEPK for year 2020
Processing site BFLD for year 2020
Processing site BFSH for year 2020
Processing site BGIS for year 2020
Processing site BILL for year 2020
Processing site BKAP for year 2020
Processing site BKMS for year 2020
Processing site BLSA for year 2020
Processing site BMHL for year 2020
Processing site BOMG for year 2020
Processing site BSRY for year 2020
Processing site BTDM for year 2020
Processing site BVPP for year 2020
Processing site CA99 for year 2020
Processing site CASE for year 2020
Processing site CAT2 for year 2020
Processing site CAT3 for year 2020
Processing site CBHS for year 2020
Processing site CCCC for year 2020
Processing site CCCS for year 2020
Processing site CDMT for year 2020
Processing site CGDM for year 2020
Processing site CHIL for year 2020
Processing site CHMS for year 2020
Processing site CIT1 for year 2020
Processing site CJMG for year 2020
Processing site CJMS for year 2020
Processing site CJVG for year 2020
Processing site CLAR for year 2020
Processing site CLBD for year 2020
Processing site CMP9 for year 2020
Processing site CNPP for year 2020
Processing site COAG for year 2020
Processing site COPR for year 2020
Processing site CORX for year 2020
Processing site CPBN for year 2020
Processing site CRAM for year 2020
Processing site CRCN for year 2020
Processing site CRFP for year 2020
Processing site CRGG for year 2020
Processing site CRHS for year 2020
Processing site CRRS for year 2020
Processing site CRU1 for year 2020
Processing site CSCI for year 2020
Processing site CSDH for year 2020
Processing site CSST for year 2020
Processing site CTMS for year 2020
Processing site CUHS for year 2020
Processing site CVHS for year 2020
Processing site DAM2 for year 2020
Processing site DDMN for year 2020
Processing site DESC for year 2020
Processing site DHLG for year 2020
Processing site DLNO for year 2020
Processing site DLUZ for year 2020
Processing site DOND for year 2020
Processing site DONO for year 2020
Processing site DREW for year 2020
Processing site DS13 for year 2020
Processing site DSME for year 2020
Processing site DSSC for year 2020
Processing site ECFS for year 2020
Processing site EDPP for year 2020
Processing site ELSC for year 2020
Processing site ELSG for year 2020
Processing site ELTN for year 2020
Processing site ERRG for year 2020
Processing site EWPP for year 2020
Processing site FHOG for year 2020
Processing site FMTP for year 2020
Processing site FMVT for year 2020
Processing site FOXG for year 2020
Processing site FVPK for year 2020
Processing site FZHS for year 2020
Processing site GDEC for year 2020
Processing site GHRP for year 2020
Processing site GLRS for year 2020
Processing site GMAG for year 2020
Processing site GMRC for year 2020
Processing site GOL2 for year 2020
Processing site GOLD for year 2020
Processing site GVRS for year 2020
Processing site HAR7 for year 2020
Processing site HBCO for year 2020
Processing site HCMN for year 2020
Processing site HELB for year 2020
Processing site HIVI for year 2020
Processing site HMTG for year 2020
Processing site HNPS for year 2020
Processing site HOL3 for year 2020
Processing site HOTK for year 2020
Processing site HVYS for year 2020
Processing site I40A for year 2020
Processing site IDOG for year 2020
Processing site IDQG for year 2020
Processing site IID2 for year 2020
Processing site IMPS for year 2020
Processing site ISLK for year 2020
Processing site JAS1 for year 2020
Processing site JNHG for year 2020
Processing site JPLM for year 2020
Processing site KBRC for year 2020
Processing site KDL1 for year 2020
Processing site KNOL for year 2020
Processing site KRAC for year 2020
Processing site KYVW for year 2020
Processing site LAPC for year 2020
Processing site LBC1 for year 2020
Processing site LBC2 for year 2020
Processing site LBRF for year 2020
Processing site LDES for year 2020
Processing site LDSW for year 2020
Processing site LEMA for year 2020
Processing site LGWD for year 2020
Processing site LINC for year 2020
Processing site LINJ for year 2020
Processing site LJRN for year 2020
Processing site LKHG for year 2020
Processing site LL01 for year 2020
Processing site LLAS for year 2020
Processing site LMHG for year 2020
Processing site LNMT for year 2020
Processing site LORS for year 2020
Processing site LPCG for year 2020
Processing site LPHS for year 2020
Processing site LRRG for year 2020
Processing site LVMS for year 2020
Processing site MAT2 for year 2020
Processing site MERC for year 2020
Processing site MHMS for year 2020
Processing site MINS for year 2020
Processing site MJPK for year 2020
Processing site MLFP for year 2020
Processing site MONP for year 2020
Processing site MPWD for year 2020
Processing site MRRY for year 2020
Processing site MSCG for year 2020
Processing site MSOB for year 2020
Processing site MTGG for year 2020
Processing site MUSB for year 2020
Processing site MVFD for year 2020
Processing site MWTP for year 2020
Processing site MXS1 for year 2020
Processing site NEVA for year 2020
Processing site NHRG for year 2020
Processing site NOCO for year 2020
Processing site NOPK for year 2020
Processing site NSSS for year 2020
Processing site OAES for year 2020
Processing site OCSD for year 2020
Processing site OEOC for year 2020
Processing site OPBL for year 2020
Processing site OPCP for year 2020
Processing site OPCX for year 2020
Processing site OPRD for year 2020
Processing site ORMT for year 2020
Processing site OVLS for year 2020
Processing site OZST for year 2020
Processing site P056 for year 2020
Processing site P066 for year 2020
Processing site P091 for year 2020
Processing site P092 for year 2020
Processing site P093 for year 2020
Processing site P094 for year 2020
Processing site P245 for year 2020
Processing site P308 for year 2020
Processing site P311 for year 2020
Processing site P462 for year 2020
Processing site P463 for year 2020
Processing site P464 for year 2020
Processing site P465 for year 2020
Processing site P466 for year 2020
Processing site P467 for year 2020
Processing site P468 for year 2020
Processing site P469 for year 2020
Processing site P470 for year 2020
Processing site P471 for year 2020
Processing site P472 for year 2020
Processing site P475 for year 2020
Processing site P476 for year 2020
Processing site P477 for year 2020
Processing site P479 for year 2020
Processing site P480 for year 2020
Processing site P481 for year 2020
Processing site P482 for year 2020
Processing site P483 for year 2020
Processing site P484 for year 2020
Processing site P485 for year 2020
Processing site P486 for year 2020
Processing site P487 for year 2020
Processing site P488 for year 2020
Processing site P489 for year 2020
Processing site P490 for year 2020
Processing site P491 for year 2020
Processing site P492 for year 2020
Processing site P493 for year 2020
Processing site P494 for year 2020
Processing site P495 for year 2020
Processing site P496 for year 2020
Processing site P497 for year 2020
Processing site P498 for year 2020
Processing site P499 for year 2020
Processing site P500 for year 2020
Processing site P501 for year 2020
Processing site P502 for year 2020
Processing site P503 for year 2020
Processing site P504 for year 2020
Processing site P505 for year 2020
Processing site P506 for year 2020
Processing site P507 for year 2020
Processing site P508 for year 2020
Processing site P510 for year 2020
Processing site P511 for year 2020
Processing site P512 for year 2020
Processing site P517 for year 2020
Processing site P519 for year 2020
Processing site P520 for year 2020
Processing site P521 for year 2020
Processing site P522 for year 2020
Processing site P537 for year 2020
Processing site P543 for year 2020
Processing site P544 for year 2020
Processing site P545 for year 2020
Processing site P547 for year 2020
Processing site P548 for year 2020
Processing site P550 for year 2020
Processing site P551 for year 2020
Processing site P554 for year 2020
Processing site P555 for year 2020
Processing site P556 for year 2020
Processing site P557 for year 2020
Processing site P558 for year 2020
Processing site P560 for year 2020
Processing site P561 for year 2020
Processing site P563 for year 2020
Processing site P564 for year 2020
Processing site P565 for year 2020
Processing site P566 for year 2020
Processing site P567 for year 2020
Processing site P568 for year 2020
Processing site P569 for year 2020
Processing site P570 for year 2020
Processing site P572 for year 2020
Processing site P573 for year 2020
Processing site P574 for year 2020
Processing site P575 for year 2020
Processing site P577 for year 2020
Processing site P579 for year 2020
Processing site P580 for year 2020
Processing site P581 for year 2020
Processing site P582 for year 2020
Processing site P583 for year 2020
Processing site P584 for year 2020
Processing site P585 for year 2020
Processing site P586 for year 2020
Processing site P587 for year 2020
Processing site P588 for year 2020
Processing site P589 for year 2020
Processing site P590 for year 2020
Processing site P591 for year 2020
Processing site P592 for year 2020
Processing site P593 for year 2020
Processing site P594 for year 2020
Processing site P595 for year 2020
Processing site P596 for year 2020
Processing site P597 for year 2020
Processing site P598 for year 2020
Processing site P599 for year 2020
Processing site P600 for year 2020
Processing site P601 for year 2020
Processing site P603 for year 2020
Processing site P604 for year 2020
Processing site P605 for year 2020
Processing site P606 for year 2020
Processing site P607 for year 2020
Processing site P608 for year 2020
Processing site P609 for year 2020
Processing site P610 for year 2020
Processing site P611 for year 2020
Processing site P612 for year 2020
Processing site P613 for year 2020
Processing site P614 for year 2020
Processing site P615 for year 2020
Processing site P616 for year 2020
Processing site P617 for year 2020
Processing site P618 for year 2020
Processing site P619 for year 2020
Processing site P620 for year 2020
Processing site P621 for year 2020
Processing site P622 for year 2020
Processing site P626 for year 2020
Processing site P627 for year 2020
Processing site P628 for year 2020
Processing site P629 for year 2020
Processing site P630 for year 2020
Processing site P631 for year 2020
Processing site P632 for year 2020
Processing site P633 for year 2020
Processing site P634 for year 2020
Processing site P635 for year 2020
Processing site P636 for year 2020
Processing site P637 for year 2020
Processing site P638 for year 2020
Processing site P639 for year 2020
Processing site P640 for year 2020
Processing site P641 for year 2020
Processing site P642 for year 2020
Processing site P643 for year 2020
Processing site P644 for year 2020
Processing site P645 for year 2020
Processing site P646 for year 2020
Processing site P647 for year 2020
Processing site P648 for year 2020
Processing site P649 for year 2020
Processing site P650 for year 2020
Processing site P651 for year 2020
Processing site P652 for year 2020
Processing site P653 for year 2020
Processing site P724 for year 2020
Processing site P725 for year 2020
Processing site P726 for year 2020
Processing site P727 for year 2020
Processing site P729 for year 2020
Processing site P740 for year 2020
Processing site P741 for year 2020
Processing site P742 for year 2020
Processing site P744 for year 2020
Processing site P795 for year 2020
Processing site P797 for year 2020
Processing site P808 for year 2020
Processing site P809 for year 2020
Processing site P810 for year 2020
Processing site P811 for year 2020
Processing site P812 for year 2020
Processing site PALX for year 2020
Processing site PBPP for year 2020
Processing site PHJX for year 2020
Processing site PIN1 for year 2020
Processing site PIN2 for year 2020
Processing site PJZX for year 2020
Processing site PKRD for year 2020
Processing site PLPX for year 2020
Processing site PLTX for year 2020
Processing site PMOB for year 2020
Processing site PMTN for year 2020
Processing site POBG for year 2020
Processing site POTR for year 2020
Processing site PPBF for year 2020
Processing site PSDM for year 2020
Processing site PTEX for year 2020
Processing site PVE3 for year 2020
Processing site PVHS for year 2020
Processing site QHTP for year 2020
Processing site RAAP for year 2020
Processing site RAMT for year 2020
Processing site RAPT for year 2020
Processing site RBRU for year 2020
Processing site RCA2 for year 2020
Processing site RCSC for year 2020
Processing site RDMT for year 2020
Processing site RDOM for year 2020
Processing site REPO for year 2020
Processing site RHCG for year 2020
Processing site RHCL for year 2020
Processing site RKMG for year 2020
Processing site RMVJ for year 2020
Processing site ROCK for year 2020
Processing site RSTP for year 2020
Processing site RSVY for year 2020
Processing site RTHS for year 2020
Processing site SACY for year 2020
Processing site SAWC for year 2020
Processing site SBCC for year 2020
Processing site SCIA for year 2020
Processing site SCIP for year 2020
Processing site SDHL for year 2020
Processing site SFDM for year 2020
Processing site SGPS for year 2020
Processing site SHOS for year 2020
Processing site SHRC for year 2020
Processing site SILK for year 2020
Processing site SIMM for year 2020
Processing site SIO5 for year 2020
Processing site SKYB for year 2020
Processing site SLHG for year 2020
Processing site SLMS for year 2020
Processing site SNHS for year 2020
Processing site SOMT for year 2020
Processing site SONG for year 2020
Processing site SPK1 for year 2020
Processing site SPMS for year 2020
Processing site TABL for year 2020
Processing site TABV for year 2020
Processing site TAFT for year 2020
Processing site TEHA for year 2020
Processing site THCP for year 2020
Processing site THMG for year 2020
Processing site THMS for year 2020
Processing site TILC for year 2020
Processing site TIVA for year 2020
Processing site TMAP for year 2020
Processing site TORP for year 2020
Processing site TOST for year 2020
Processing site TRAK for year 2020
Processing site USGC for year 2020
Processing site VDCY for year 2020
Processing site VIMT for year 2020
Processing site VINZ for year 2020
Processing site VNCO for year 2020
Processing site VNPS for year 2020
Processing site VTIS for year 2020
Processing site VTOR for year 2020
Processing site WASG for year 2020
Processing site WATC for year 2020
Processing site WCHS for year 2020
Processing site WGPP for year 2020
Processing site WHC1 for year 2020
Processing site WHYT for year 2020
Processing site WIDC for year 2020
Processing site WKPK for year 2020
Processing site WLSN for year 2020
Processing site WMAP for year 2020
Processing site WNRA for year 2020
Processing site WOMT for year 2020
Processing site WRHS for year 2020
Processing site WWMT for year 2020
Processing site P509 for year 2020
Processing site UCLP for year 2020
Processing site LFRS for year 2020
Processing site P799 for year 2020
Processing site PVRS for year 2020
Processing site COSO for year 2020
Processing site CACT for year 2020
Processing site P571 for year 2020
Processing site COTD for year 2020
Processing site LONG for year 2020
Processing site OPCL for year 2020
Processing site BRAN for year 2020
Processing site P553 for year 2020
Processing site COKG for year 2020
Processing site FSHB for year 2020
Processing site WMDG for year 2020
Processing site YUHG for year 2020
Processing site ASHM for year 2020
Processing site CIRX for year 2020
Processing site CTDM for year 2020
Processing site P800 for year 2020
Processing site ELLY for year 2020
Processing site CSN1 for year 2020
Processing site LBCH for year 2020
Processing site P473 for year 2020
Processing site P474 for year 2020
Processing site P478 for year 2020
Processing site VNCX for year 2020
Processing site P723 for year 2020
Processing site DYH2 for year 2020
Processing site HELP for year 2020
Processing site DAM3 for year 2020
                    Timestamp  Site  ...  Precipitation_Label_approx  ffw
0  2020-10-21 13:44:59.999998  CAT3  ...                         0.0    0
0  2020-01-01 00:00:00.000000  7ODM  ...                         0.0    0
0  2020-05-30 16:25:00.000002  DONO  ...                         0.0    0
1  2020-10-21 13:50:00.000001  CAT3  ...                         0.0    0
1  2020-01-01 00:05:00.000003  7ODM  ...                         0.0    0
1  2020-05-30 16:29:59.999998  DONO  ...                         0.0    0
2  2020-10-21 13:54:59.999997  CAT3  ...                         0.0    0
2  2020-01-01 00:09:59.999999  7ODM  ...                         0.0    0
2  2020-05-30 16:35:00.000001  DONO  ...                         0.0    0
3  2020-05-30 16:39:59.999997  DONO  ...                         0.0    0

[10 rows x 16 columns]
Number of rows in result_df before saving: 47137452
Successfully processed and saved data for year 2020
Successfully processed year 2020
Processing year 2021
Processing site 7ODM for year 2021
Processing site ACSB for year 2021
Processing site AGMT for year 2021
Processing site ALAM for year 2021
Processing site ANA1 for year 2021
Processing site AR53 for year 2021
Processing site ASHM for year 2021
Processing site AVRY for year 2021
Processing site AZRY for year 2021
Processing site AZU1 for year 2021
Processing site BALD for year 2021
Processing site BAR1 for year 2021
Processing site BBDM for year 2021
Processing site BBRY for year 2021
Processing site BCWR for year 2021
Processing site BEMT for year 2021
Processing site BEPK for year 2021
Processing site BFLD for year 2021
Processing site BFSH for year 2021
Processing site BGIS for year 2021
Processing site BILL for year 2021
Processing site BKAP for year 2021
Processing site BKMS for year 2021
Processing site BLSA for year 2021
Processing site BMHL for year 2021
Processing site BOMG for year 2021
Processing site BRAN for year 2021
Processing site BSRY for year 2021
Processing site BTDM for year 2021
Processing site BVPP for year 2021
Processing site CA99 for year 2021
Processing site CACT for year 2021
Processing site CASE for year 2021
Processing site CAT2 for year 2021
Processing site CAT3 for year 2021
Processing site CBHS for year 2021
Processing site CCCC for year 2021
Processing site CCCS for year 2021
Processing site CDMT for year 2021
Processing site CGDM for year 2021
Processing site CHIL for year 2021
Processing site CHMS for year 2021
Processing site CIRX for year 2021
Processing site CIT1 for year 2021
Processing site CJMS for year 2021
Processing site CJVG for year 2021
Processing site CLAR for year 2021
Processing site CLBD for year 2021
Processing site CMP9 for year 2021
Processing site CNPP for year 2021
Processing site COAG for year 2021
Processing site COKG for year 2021
Processing site COPR for year 2021
Processing site CORX for year 2021
Processing site COSO for year 2021
Processing site COTD for year 2021
Processing site CPBN for year 2021
Processing site CRAM for year 2021
Processing site CRCN for year 2021
Processing site CRFP for year 2021
Processing site CRGG for year 2021
Processing site CRRS for year 2021
Processing site CRU1 for year 2021
Processing site CSCI for year 2021
Processing site CSDH for year 2021
Processing site CSN1 for year 2021
Processing site CSST for year 2021
Processing site CTDM for year 2021
Processing site CTMS for year 2021
Processing site CUHS for year 2021
Processing site CVHS for year 2021
Processing site DAM2 for year 2021
Processing site DDMN for year 2021
Processing site DESC for year 2021
Processing site DHLG for year 2021
Processing site DLNO for year 2021
Processing site DLUZ for year 2021
Processing site DOND for year 2021
Processing site DONO for year 2021
Processing site DREW for year 2021
Processing site DS13 for year 2021
Processing site DSME for year 2021
Processing site DSSC for year 2021
Processing site DYH2 for year 2021
Processing site ECFS for year 2021
Processing site EDPP for year 2021
Processing site ELLY for year 2021
Processing site ELSC for year 2021
Processing site ELSG for year 2021
Processing site ELTN for year 2021
Processing site ERRG for year 2021
Processing site EWPP for year 2021
Processing site FHOG for year 2021
Processing site FMTP for year 2021
Processing site FMVT for year 2021
Processing site FSHB for year 2021
Processing site FVPK for year 2021
Processing site FZHS for year 2021
Processing site GDEC for year 2021
Processing site GHRP for year 2021
Processing site GLRS for year 2021
Processing site GMAG for year 2021
Processing site GMRC for year 2021
Processing site GOL2 for year 2021
Processing site GOLD for year 2021
Processing site GVRS for year 2021
Processing site HAR7 for year 2021
Processing site HBCO for year 2021
Processing site HCMN for year 2021
Processing site HELP for year 2021
Processing site HIVI for year 2021
Processing site HMTG for year 2021
Processing site HNPS for year 2021
Processing site HOL3 for year 2021
Processing site HOTK for year 2021
Processing site HVYS for year 2021
Processing site I40A for year 2021
Processing site IDOG for year 2021
Processing site IDQG for year 2021
Processing site IID2 for year 2021
Processing site IMPS for year 2021
Processing site ISLK for year 2021
Processing site JAS1 for year 2021
Processing site JNHG for year 2021
Processing site JPLM for year 2021
Processing site KBRC for year 2021
Processing site KDL1 for year 2021
Processing site KNOL for year 2021
Processing site KRAC for year 2021
Processing site KYVW for year 2021
Processing site LAPC for year 2021
Processing site LBC1 for year 2021
Processing site LBC2 for year 2021
Processing site LBCH for year 2021
Processing site LBRF for year 2021
Processing site LDES for year 2021
Processing site LDSW for year 2021
Processing site LEMA for year 2021
Processing site LFRS for year 2021
Processing site LGWD for year 2021
Processing site LINC for year 2021
Processing site LINJ for year 2021
Processing site LJRN for year 2021
Processing site LKHG for year 2021
Processing site LL01 for year 2021
Processing site LLAS for year 2021
Processing site LMHG for year 2021
Processing site LNMT for year 2021
Processing site LONG for year 2021
Processing site LORS for year 2021
Processing site LPHS for year 2021
Processing site LRRG for year 2021
Processing site LVMS for year 2021
Processing site MAT2 for year 2021
Processing site MERC for year 2021
Processing site MHMS for year 2021
Processing site MINS for year 2021
Processing site MJPK for year 2021
Processing site MLFP for year 2021
Processing site MONP for year 2021
Processing site MPWD for year 2021
Processing site MRRY for year 2021
Processing site MSCG for year 2021
Processing site MSOB for year 2021
Processing site MTGG for year 2021
Processing site MVFD for year 2021
Processing site MWTP for year 2021
Processing site MXS1 for year 2021
Processing site NEVA for year 2021
Processing site NHRG for year 2021
Processing site NOCO for year 2021
Processing site NOPK for year 2021
Processing site NSSS for year 2021
Processing site OAES for year 2021
Processing site OCSD for year 2021
Processing site OEOC for year 2021
Processing site OPBL for year 2021
Processing site OPCL for year 2021
Processing site OPCP for year 2021
Processing site OPCX for year 2021
Processing site OPRD for year 2021
Processing site ORMT for year 2021
Processing site OVLS for year 2021
Processing site OZST for year 2021
Processing site P056 for year 2021
Processing site P066 for year 2021
Processing site P091 for year 2021
Processing site P092 for year 2021
Processing site P093 for year 2021
Processing site P094 for year 2021
Processing site P245 for year 2021
Processing site P308 for year 2021
Processing site P311 for year 2021
Processing site P462 for year 2021
Processing site P463 for year 2021
Processing site P464 for year 2021
Processing site P465 for year 2021
Processing site P466 for year 2021
Processing site P467 for year 2021
Processing site P468 for year 2021
Processing site P469 for year 2021
Processing site P470 for year 2021
Processing site P471 for year 2021
Processing site P472 for year 2021
Processing site P473 for year 2021
Processing site P474 for year 2021
Processing site P475 for year 2021
Processing site P476 for year 2021
Processing site P477 for year 2021
Processing site P478 for year 2021
Processing site P479 for year 2021
Processing site P480 for year 2021
Processing site P481 for year 2021
Processing site P482 for year 2021
Processing site P483 for year 2021
Processing site P484 for year 2021
Processing site P485 for year 2021
Processing site P486 for year 2021
Processing site P487 for year 2021
Processing site P488 for year 2021
Processing site P489 for year 2021
Processing site P490 for year 2021
Processing site P491 for year 2021
Processing site P492 for year 2021
Processing site P493 for year 2021
Processing site P494 for year 2021
Processing site P495 for year 2021
Processing site P496 for year 2021
Processing site P497 for year 2021
Processing site P498 for year 2021
Processing site P499 for year 2021
Processing site P500 for year 2021
Processing site P501 for year 2021
Processing site P502 for year 2021
Processing site P503 for year 2021
Processing site P504 for year 2021
Processing site P505 for year 2021
Processing site P506 for year 2021
Processing site P507 for year 2021
Processing site P508 for year 2021
Processing site P509 for year 2021
Processing site P510 for year 2021
Processing site P511 for year 2021
Processing site P512 for year 2021
Processing site P517 for year 2021
Processing site P519 for year 2021
Processing site P520 for year 2021
Processing site P521 for year 2021
Processing site P522 for year 2021
Processing site P537 for year 2021
Processing site P543 for year 2021
Processing site P544 for year 2021
Processing site P545 for year 2021
Processing site P547 for year 2021
Processing site P548 for year 2021
Processing site P550 for year 2021
Processing site P551 for year 2021
Processing site P553 for year 2021
Processing site P554 for year 2021
Processing site P555 for year 2021
Processing site P556 for year 2021
Processing site P557 for year 2021
Processing site P558 for year 2021
Processing site P560 for year 2021
Processing site P561 for year 2021
Processing site P563 for year 2021
Processing site P564 for year 2021
Processing site P565 for year 2021
Processing site P566 for year 2021
Processing site P567 for year 2021
Processing site P568 for year 2021
Processing site P569 for year 2021
Processing site P570 for year 2021
Processing site P571 for year 2021
Processing site P572 for year 2021
Processing site P573 for year 2021
Processing site P574 for year 2021
Processing site P575 for year 2021
Processing site P577 for year 2021
Processing site P579 for year 2021
Processing site P580 for year 2021
Processing site P581 for year 2021
Processing site P582 for year 2021
Processing site P583 for year 2021
Processing site P584 for year 2021
Processing site P585 for year 2021
Processing site P586 for year 2021
Processing site P587 for year 2021
Processing site P589 for year 2021
Processing site P590 for year 2021
Processing site P591 for year 2021
Processing site P592 for year 2021
Processing site P593 for year 2021
Processing site P594 for year 2021
Processing site P595 for year 2021
Processing site P596 for year 2021
Processing site P597 for year 2021
Processing site P598 for year 2021
Processing site P599 for year 2021
Processing site P600 for year 2021
Processing site P601 for year 2021
Processing site P603 for year 2021
Processing site P604 for year 2021
Processing site P605 for year 2021
Processing site P606 for year 2021
Processing site P607 for year 2021
Processing site P608 for year 2021
Processing site P610 for year 2021
Processing site P611 for year 2021
Processing site P612 for year 2021
Processing site P613 for year 2021
Processing site P614 for year 2021
Processing site P615 for year 2021
Processing site P616 for year 2021
Processing site P617 for year 2021
Processing site P618 for year 2021
Processing site P619 for year 2021
Processing site P620 for year 2021
Processing site P621 for year 2021
Processing site P622 for year 2021
Processing site P626 for year 2021
Processing site P627 for year 2021
Processing site P628 for year 2021
Processing site P629 for year 2021
Processing site P630 for year 2021
Processing site P631 for year 2021
Processing site P632 for year 2021
Processing site P633 for year 2021
Processing site P634 for year 2021
Processing site P635 for year 2021
Processing site P636 for year 2021
Processing site P637 for year 2021
Processing site P638 for year 2021
Processing site P639 for year 2021
Processing site P640 for year 2021
Processing site P641 for year 2021
Processing site P642 for year 2021
Processing site P643 for year 2021
Processing site P644 for year 2021
Processing site P645 for year 2021
Processing site P646 for year 2021
Processing site P647 for year 2021
Processing site P648 for year 2021
Processing site P649 for year 2021
Processing site P650 for year 2021
Processing site P651 for year 2021
Processing site P652 for year 2021
Processing site P653 for year 2021
Processing site P723 for year 2021
Processing site P724 for year 2021
Processing site P725 for year 2021
Processing site P726 for year 2021
Processing site P727 for year 2021
Processing site P729 for year 2021
Processing site P740 for year 2021
Processing site P741 for year 2021
Processing site P742 for year 2021
Processing site P744 for year 2021
Processing site P797 for year 2021
Processing site P799 for year 2021
Processing site P800 for year 2021
Processing site P808 for year 2021
Processing site P809 for year 2021
Processing site P810 for year 2021
Processing site P811 for year 2021
Processing site P812 for year 2021
Processing site PALX for year 2021
Processing site PBPP for year 2021
Processing site PIN1 for year 2021
Processing site PIN2 for year 2021
Processing site PJZX for year 2021
Processing site PKRD for year 2021
Processing site PLPX for year 2021
Processing site PLTX for year 2021
Processing site PMOB for year 2021
Processing site PMTN for year 2021
Processing site POBG for year 2021
Processing site POTR for year 2021
Processing site PPBF for year 2021
Processing site PSDM for year 2021
Processing site PTEX for year 2021
Processing site PVE3 for year 2021
Processing site PVHS for year 2021
Processing site PVRS for year 2021
Processing site QHTP for year 2021
Processing site RAAP for year 2021
Processing site RAMT for year 2021
Processing site RAPT for year 2021
Processing site RBRU for year 2021
Processing site RCA2 for year 2021
Processing site RCSC for year 2021
Processing site RDMT for year 2021
Processing site RDOM for year 2021
Processing site REPO for year 2021
Processing site RHCG for year 2021
Processing site RHCL for year 2021
Processing site RKMG for year 2021
Processing site RMVJ for year 2021
Processing site ROCK for year 2021
Processing site RSTP for year 2021
Processing site RSVY for year 2021
Processing site RTHS for year 2021
Processing site SACY for year 2021
Processing site SAWC for year 2021
Processing site SBCC for year 2021
Processing site SCIA for year 2021
Processing site SDHL for year 2021
Processing site SFDM for year 2021
Processing site SGPS for year 2021
Processing site SHOS for year 2021
Processing site SHRC for year 2021
Processing site SILK for year 2021
Processing site SIMM for year 2021
Processing site SIO5 for year 2021
Processing site SKYB for year 2021
Processing site SLHG for year 2021
Processing site SLMS for year 2021
Processing site SNHS for year 2021
Processing site SOMT for year 2021
Processing site SONG for year 2021
Processing site SPMS for year 2021
Processing site TABL for year 2021
Processing site TABV for year 2021
Processing site TEHA for year 2021
Processing site THCP for year 2021
Processing site THMG for year 2021
Processing site THMS for year 2021
Processing site TILC for year 2021
Processing site TIVA for year 2021
Processing site TMAP for year 2021
Processing site TOST for year 2021
Processing site TRAK for year 2021
Processing site USGC for year 2021
Processing site VDCY for year 2021
Processing site VIMT for year 2021
Processing site VINZ for year 2021
Processing site VNCO for year 2021
Processing site VNCX for year 2021
Processing site VNPS for year 2021
Processing site VTIS for year 2021
Processing site VTOR for year 2021
Processing site WASG for year 2021
Processing site WATC for year 2021
Processing site WCHS for year 2021
Processing site WGPP for year 2021
Processing site WHC1 for year 2021
Processing site WHYT for year 2021
Processing site WIDC for year 2021
Processing site WKPK for year 2021
Processing site WMAP for year 2021
Processing site WMDG for year 2021
Processing site WNRA for year 2021
Processing site WOMT for year 2021
Processing site WRHS for year 2021
Processing site WWMT for year 2021
Processing site YUHG for year 2021
Processing site TAFT for year 2021
Processing site TORP for year 2021
Processing site CCST for year 2021
Processing site VCST for year 2021
Processing site UCLP for year 2021
Processing site LMSG for year 2021
Processing site MUSB for year 2021
Processing site HOLP for year 2021
Processing site AR27 for year 2021
Processing site WLSN for year 2021
Processing site SCIP for year 2021
Processing site THM2 for year 2021
Processing site FOXG for year 2021
Processing site P609 for year 2021
Processing site MTA1 for year 2021
Processing site ALPP for year 2021
Processing site P795 for year 2021
                    Timestamp  Site  ...  Precipitation_Label_approx  ffw
0  2021-10-19 13:49:59.999999  P498  ...                         0.0    0
0  2021-01-01 00:00:00.000000  7ODM  ...                         0.0    0
0  2021-05-25 23:04:59.999997  RTHS  ...                         0.0    0
1  2021-01-01 00:05:00.000000  7ODM  ...                         0.0    0
1  2021-05-25 23:09:59.999997  RTHS  ...                         0.0    0
1  2021-10-19 13:54:59.999999  P498  ...                         0.0    0
2  2021-10-19 13:59:59.999999  P498  ...                         0.0    0
2  2021-01-01 00:10:00.000000  7ODM  ...                         0.0    0
2  2021-05-25 23:14:59.999997  RTHS  ...                         0.0    0
3  2021-01-01 00:15:00.000000  7ODM  ...                         0.0    0

[10 rows x 16 columns]
Number of rows in result_df before saving: 47172813
Successfully processed and saved data for year 2021
Successfully processed year 2021
Processing year 2022
Processing site ACSB for year 2022
Processing site AGMT for year 2022
Processing site ALAM for year 2022
Processing site ALPP for year 2022
Processing site AR27 for year 2022
Processing site AR53 for year 2022
Processing site ASHM for year 2022
Processing site AVRY for year 2022
Processing site AZRY for year 2022
Processing site AZU1 for year 2022
Processing site BALD for year 2022
Processing site BAR1 for year 2022
Processing site BBDM for year 2022
Processing site BBRY for year 2022
Processing site BCWR for year 2022
Processing site BEMT for year 2022
Processing site BEPK for year 2022
Processing site BFLD for year 2022
Processing site BFSH for year 2022
Processing site BGIS for year 2022
Processing site BILL for year 2022
Processing site BKAP for year 2022
Processing site BKMS for year 2022
Processing site BLSA for year 2022
Processing site BMHL for year 2022
Processing site BOMG for year 2022
Processing site BRAN for year 2022
Processing site BSRY for year 2022
Processing site BTDM for year 2022
Processing site BVPP for year 2022
Processing site CA99 for year 2022
Processing site CACT for year 2022
Processing site CAT3 for year 2022
Processing site CBHS for year 2022
Processing site CCCC for year 2022
Processing site CCCS for year 2022
Processing site CDMT for year 2022
Processing site CGDM for year 2022
Processing site CHMS for year 2022
Processing site CIRX for year 2022
Processing site CIT1 for year 2022
Processing site CJMS for year 2022
Processing site CJVG for year 2022
Processing site CLAR for year 2022
Processing site CLBD for year 2022
Processing site CMP9 for year 2022
Processing site CNPP for year 2022
Processing site COKG for year 2022
Processing site COPR for year 2022
Processing site CORX for year 2022
Processing site COSO for year 2022
Processing site COTD for year 2022
Processing site CPBN for year 2022
Processing site CRAM for year 2022
Processing site CRCN for year 2022
Processing site CRFP for year 2022
Processing site CRGG for year 2022
Processing site CRRS for year 2022
Processing site CRU1 for year 2022
Processing site CSCI for year 2022
Processing site CSDH for year 2022
Processing site CSN1 for year 2022
Processing site CSST for year 2022
Processing site CTDM for year 2022
Processing site CTMS for year 2022
Processing site CUHS for year 2022
Processing site CVHS for year 2022
Processing site DAM2 for year 2022
Processing site DESC for year 2022
Processing site DHLG for year 2022
Processing site DLNO for year 2022
Processing site DLUZ for year 2022
Processing site DOND for year 2022
Processing site DONO for year 2022
Processing site DREW for year 2022
Processing site DS13 for year 2022
Processing site DSME for year 2022
Processing site DSSC for year 2022
Processing site DYH2 for year 2022
Processing site ECFS for year 2022
Processing site EDPP for year 2022
Processing site ELLY for year 2022
Processing site ELSC for year 2022
Processing site ELTN for year 2022
Processing site ERRG for year 2022
Processing site EWPP for year 2022
Processing site FHOG for year 2022
Processing site FMTP for year 2022
Processing site FMVT for year 2022
Processing site FOXG for year 2022
Processing site FSHB for year 2022
Processing site FVPK for year 2022
Processing site FZHS for year 2022
Processing site GDEC for year 2022
Processing site GHRP for year 2022
Processing site GLRS for year 2022
Processing site GMAG for year 2022
Processing site GMRC for year 2022
Processing site GOL2 for year 2022
Processing site GOLD for year 2022
Processing site GVRS for year 2022
Processing site HAR7 for year 2022
Processing site HBCO for year 2022
Processing site HCMN for year 2022
Processing site HELP for year 2022
Processing site HIVI for year 2022
Processing site HMTG for year 2022
Processing site HNPS for year 2022
Processing site HOL3 for year 2022
Processing site HOLP for year 2022
Processing site HOTK for year 2022
Processing site HVYS for year 2022
Processing site I40A for year 2022
Processing site IDOG for year 2022
Processing site IDQG for year 2022
Processing site IID2 for year 2022
Processing site IMPS for year 2022
Processing site ISLK for year 2022
Processing site JAS1 for year 2022
Processing site JNHG for year 2022
Processing site JPLM for year 2022
Processing site KBRC for year 2022
Processing site KDL1 for year 2022
Processing site KNOL for year 2022
Processing site KRAC for year 2022
Processing site KYVW for year 2022
Processing site LAPC for year 2022
Processing site LBC1 for year 2022
Processing site LBCH for year 2022
Processing site LBRF for year 2022
Processing site LDES for year 2022
Processing site LDSW for year 2022
Processing site LEMA for year 2022
Processing site LFRS for year 2022
Processing site LGWD for year 2022
Processing site LINC for year 2022
Processing site LINJ for year 2022
Processing site LJRN for year 2022
Processing site LKHG for year 2022
Processing site LL01 for year 2022
Processing site LLAS for year 2022
Processing site LMHG for year 2022
Processing site LMSG for year 2022
Processing site LNMT for year 2022
Processing site LONG for year 2022
Processing site LORS for year 2022
Processing site LPHS for year 2022
Processing site LRRG for year 2022
Processing site LVMS for year 2022
Processing site MAT2 for year 2022
Processing site MERC for year 2022
Processing site MHMS for year 2022
Processing site MJPK for year 2022
Processing site MLFP for year 2022
Processing site MONP for year 2022
Processing site MPWD for year 2022
Processing site MRRY for year 2022
Processing site MSCG for year 2022
Processing site MSOB for year 2022
Processing site MTA1 for year 2022
Processing site MTGG for year 2022
Processing site MUSB for year 2022
Processing site MVFD for year 2022
Processing site MWTP for year 2022
Processing site MXS1 for year 2022
Processing site NEVA for year 2022
Processing site NHRG for year 2022
Processing site NOCO for year 2022
Processing site NOPK for year 2022
Processing site NSSS for year 2022
Processing site OAES for year 2022
Processing site OCSD for year 2022
Processing site OEOC for year 2022
Processing site OPBL for year 2022
Processing site OPCL for year 2022
Processing site OPCP for year 2022
Processing site OPCX for year 2022
Processing site OPRD for year 2022
Processing site ORMT for year 2022
Processing site OVLS for year 2022
Processing site OZST for year 2022
Processing site P056 for year 2022
Processing site P066 for year 2022
Processing site P091 for year 2022
Processing site P092 for year 2022
Processing site P093 for year 2022
Processing site P094 for year 2022
Processing site P245 for year 2022
Processing site P308 for year 2022
Processing site P311 for year 2022
Processing site P462 for year 2022
Processing site P463 for year 2022
Processing site P464 for year 2022
Processing site P465 for year 2022
Processing site P466 for year 2022
Processing site P467 for year 2022
Processing site P468 for year 2022
Processing site P469 for year 2022
Processing site P470 for year 2022
Processing site P471 for year 2022
Processing site P472 for year 2022
Processing site P473 for year 2022
Processing site P474 for year 2022
Processing site P475 for year 2022
Processing site P476 for year 2022
Processing site P477 for year 2022
Processing site P478 for year 2022
Processing site P479 for year 2022
Processing site P480 for year 2022
Processing site P481 for year 2022
Processing site P482 for year 2022
Processing site P483 for year 2022
Processing site P484 for year 2022
Processing site P485 for year 2022
Processing site P486 for year 2022
Processing site P487 for year 2022
Processing site P488 for year 2022
Processing site P489 for year 2022
Processing site P490 for year 2022
Processing site P491 for year 2022
Processing site P492 for year 2022
Processing site P493 for year 2022
Processing site P494 for year 2022
Processing site P495 for year 2022
Processing site P496 for year 2022
Processing site P497 for year 2022
Processing site P498 for year 2022
Processing site P499 for year 2022
Processing site P500 for year 2022
Processing site P501 for year 2022
Processing site P502 for year 2022
Processing site P503 for year 2022
Processing site P504 for year 2022
Processing site P505 for year 2022
Processing site P506 for year 2022
Processing site P507 for year 2022
Processing site P508 for year 2022
Processing site P509 for year 2022
Processing site P510 for year 2022
Processing site P511 for year 2022
Processing site P512 for year 2022
Processing site P517 for year 2022
Processing site P519 for year 2022
Processing site P520 for year 2022
Processing site P521 for year 2022
Processing site P522 for year 2022
Processing site P537 for year 2022
Processing site P543 for year 2022
Processing site P545 for year 2022
Processing site P548 for year 2022
Processing site P550 for year 2022
Processing site P551 for year 2022
Processing site P553 for year 2022
Processing site P554 for year 2022
Processing site P555 for year 2022
Processing site P556 for year 2022
Processing site P557 for year 2022
Processing site P558 for year 2022
Processing site P560 for year 2022
Processing site P561 for year 2022
Processing site P563 for year 2022
Processing site P564 for year 2022
Processing site P565 for year 2022
Processing site P566 for year 2022
Processing site P567 for year 2022
Processing site P568 for year 2022
Processing site P569 for year 2022
Processing site P570 for year 2022
Processing site P571 for year 2022
Processing site P572 for year 2022
Processing site P573 for year 2022
Processing site P574 for year 2022
Processing site P575 for year 2022
Processing site P577 for year 2022
Processing site P579 for year 2022
Processing site P580 for year 2022
Processing site P581 for year 2022
Processing site P582 for year 2022
Processing site P583 for year 2022
Processing site P584 for year 2022
Processing site P585 for year 2022
Processing site P586 for year 2022
Processing site P587 for year 2022
Processing site P589 for year 2022
Processing site P590 for year 2022
Processing site P591 for year 2022
Processing site P592 for year 2022
Processing site P593 for year 2022
Processing site P594 for year 2022
Processing site P595 for year 2022
Processing site P596 for year 2022
Processing site P597 for year 2022
Processing site P598 for year 2022
Processing site P599 for year 2022
Processing site P600 for year 2022
Processing site P601 for year 2022
Processing site P603 for year 2022
Processing site P604 for year 2022
Processing site P606 for year 2022
Processing site P607 for year 2022
Processing site P608 for year 2022
Processing site P609 for year 2022
Processing site P610 for year 2022
Processing site P611 for year 2022
Processing site P612 for year 2022
Processing site P613 for year 2022
Processing site P614 for year 2022
Processing site P615 for year 2022
Processing site P616 for year 2022
Processing site P617 for year 2022
Processing site P618 for year 2022
Processing site P619 for year 2022
Processing site P620 for year 2022
Processing site P621 for year 2022
Processing site P622 for year 2022
Processing site P626 for year 2022
Processing site P627 for year 2022
Processing site P628 for year 2022
Processing site P629 for year 2022
Processing site P630 for year 2022
Processing site P631 for year 2022
Processing site P632 for year 2022
Processing site P633 for year 2022
Processing site P634 for year 2022
Processing site P635 for year 2022
Processing site P636 for year 2022
Processing site P637 for year 2022
Processing site P638 for year 2022
Processing site P639 for year 2022
Processing site P640 for year 2022
Processing site P641 for year 2022
Processing site P642 for year 2022
Processing site P643 for year 2022
Processing site P644 for year 2022
Processing site P645 for year 2022
Processing site P646 for year 2022
Processing site P647 for year 2022
Processing site P648 for year 2022
Processing site P649 for year 2022
Processing site P651 for year 2022
Processing site P652 for year 2022
Processing site P653 for year 2022
Processing site P723 for year 2022
Processing site P725 for year 2022
Processing site P726 for year 2022
Processing site P727 for year 2022
Processing site P729 for year 2022
Processing site P740 for year 2022
Processing site P741 for year 2022
Processing site P742 for year 2022
Processing site P744 for year 2022
Processing site P795 for year 2022
Processing site P797 for year 2022
Processing site P799 for year 2022
Processing site P800 for year 2022
Processing site P808 for year 2022
Processing site P809 for year 2022
Processing site P810 for year 2022
Processing site P811 for year 2022
Processing site P812 for year 2022
Processing site PALX for year 2022
Processing site PBPP for year 2022
Processing site PIN1 for year 2022
Processing site PIN2 for year 2022
Processing site PJZX for year 2022
Processing site PKRD for year 2022
Processing site PLPX for year 2022
Processing site PLTX for year 2022
Processing site PMOB for year 2022
Processing site PMTN for year 2022
Processing site POBG for year 2022
Processing site POTR for year 2022
Processing site PPBF for year 2022
Processing site PSDM for year 2022
Processing site PTEX for year 2022
Processing site PVHS for year 2022
Processing site PVRS for year 2022
Processing site QHTP for year 2022
Processing site RAAP for year 2022
Processing site RAMT for year 2022
Processing site RAPT for year 2022
Processing site RBRU for year 2022
Processing site RCA2 for year 2022
Processing site RCSC for year 2022
Processing site RDMT for year 2022
Processing site RDOM for year 2022
Processing site REPO for year 2022
Processing site RHCG for year 2022
Processing site RHCL for year 2022
Processing site RKMG for year 2022
Processing site RMVJ for year 2022
Processing site ROCK for year 2022
Processing site RSTP for year 2022
Processing site RSVY for year 2022
Processing site RTHS for year 2022
Processing site SACY for year 2022
Processing site SBCC for year 2022
Processing site SCIA for year 2022
Processing site SCIP for year 2022
Processing site SDHL for year 2022
Processing site SFDM for year 2022
Processing site SHOS for year 2022
Processing site SHRC for year 2022
Processing site SILK for year 2022
Processing site SIMM for year 2022
Processing site SIO5 for year 2022
Processing site SKYB for year 2022
Processing site SLHG for year 2022
Processing site SLMS for year 2022
Processing site SOMT for year 2022
Processing site SONG for year 2022
Processing site SPMS for year 2022
Processing site TABL for year 2022
Processing site TABV for year 2022
Processing site TAFT for year 2022
Processing site THCP for year 2022
Processing site THM2 for year 2022
Processing site THMG for year 2022
Processing site TILC for year 2022
Processing site TIVA for year 2022
Processing site TMAP for year 2022
Processing site TORP for year 2022
Processing site TOST for year 2022
Processing site TRAK for year 2022
Processing site USGC for year 2022
Processing site VDCY for year 2022
Processing site VIMT for year 2022
Processing site VINZ for year 2022
Processing site VNCO for year 2022
Processing site VNCX for year 2022
Processing site VTIS for year 2022
Processing site VTOR for year 2022
Processing site WATC for year 2022
Processing site WCHS for year 2022
Processing site WGPP for year 2022
Processing site WHC1 for year 2022
Processing site WHYT for year 2022
Processing site WIDC for year 2022
Processing site WKPK for year 2022
Processing site WMAP for year 2022
Processing site WMDG for year 2022
Processing site WNRA for year 2022
Processing site WOMT for year 2022
Processing site WRHS for year 2022
Processing site WWMT for year 2022
Processing site YUHG for year 2022
Processing site WASG for year 2022
Processing site CHIL for year 2022
Processing site COAG for year 2022
Processing site ELSG for year 2022
Processing site P605 for year 2022
Processing site PVE3 for year 2022
Processing site P724 for year 2022
Processing site P544 for year 2022
Processing site TEHA for year 2022
Processing site DDMN for year 2022
Processing site SAWC for year 2022
Processing site CAT2 for year 2022
Processing site VNPS for year 2022
Processing site MINS for year 2022
Processing site ANA1 for year 2022
Processing site WLSN for year 2022
Processing site TWMS for year 2022
Processing site VCST for year 2022
Processing site RAGG for year 2022
Processing site ARM1 for year 2022
Processing site ARM2 for year 2022
Processing site SPK1 for year 2022
Processing site SNOG for year 2022
Processing site P650 for year 2022
Processing site LBC2 for year 2022
Processing site SKUL for year 2022
Processing site DVPB for year 2022
Processing site DAM3 for year 2022
Processing site LITT for year 2022
Processing site CASE for year 2022
                    Timestamp  Site  ...  Precipitation_Label_approx  ffw
0  2022-01-01 00:00:00.000000  ACSB  ...                         0.0    0
0  2022-05-24 02:44:59.999999  P583  ...                         0.0    0
0  2022-10-18 14:15:00.000000  ISLK  ...                         0.0    0
1  2022-05-24 02:49:59.999999  P583  ...                         0.0    0
1  2022-10-18 14:20:00.000000  ISLK  ...                         0.0    0
1  2022-01-01 00:05:00.000000  ACSB  ...                         0.0    0
2  2022-10-18 14:25:00.000000  ISLK  ...                         0.0    0
2  2022-05-24 02:54:59.999999  P583  ...                         0.0    0
2  2022-01-01 00:10:00.000000  ACSB  ...                         0.0    0
3  2022-05-24 02:59:59.999999  P583  ...                         0.0    0

[10 rows x 16 columns]
Number of rows in result_df before saving: 47031137
Successfully processed and saved data for year 2022
Successfully processed year 2022
Processing year 2023
Processing site ACSB for year 2023
Processing site AGMT for year 2023
Processing site ALAM for year 2023
Processing site ANA1 for year 2023
Processing site AR27 for year 2023
Processing site AR53 for year 2023
Processing site ARM1 for year 2023
Processing site ARM2 for year 2023
Processing site AVRY for year 2023
Processing site AZU1 for year 2023
Processing site BAR1 for year 2023
Processing site BBDM for year 2023
Processing site BCWR for year 2023
Processing site BEMT for year 2023
Processing site BEPK for year 2023
Processing site BFLD for year 2023
Processing site BFSH for year 2023
Processing site BGIS for year 2023
Processing site BILL for year 2023
Processing site BKAP for year 2023
Processing site BKMS for year 2023
Processing site BMHL for year 2023
Processing site BOMG for year 2023
Processing site BRAN for year 2023
Processing site BSRY for year 2023
Processing site BTDM for year 2023
Processing site BVPP for year 2023
Processing site CA99 for year 2023
Processing site CACT for year 2023
Processing site CASE for year 2023
Processing site CAT3 for year 2023
Processing site CBHS for year 2023
Processing site CCCC for year 2023
Processing site CDMT for year 2023
Processing site CGDM for year 2023
Processing site CHIL for year 2023
Processing site CHMS for year 2023
Processing site CIRX for year 2023
Processing site CIT1 for year 2023
Processing site CJMS for year 2023
Processing site CJVG for year 2023
Processing site CLBD for year 2023
Processing site CMP9 for year 2023
Processing site CNPP for year 2023
Processing site COPR for year 2023
Processing site COSO for year 2023
Processing site COTD for year 2023
Processing site CPBN for year 2023
Processing site CRCN for year 2023
Processing site CRFP for year 2023
Processing site CRGG for year 2023
Processing site CRRS for year 2023
Processing site CRU1 for year 2023
Processing site CSCI for year 2023
Processing site CSDH for year 2023
Processing site CSN1 for year 2023
Processing site CSST for year 2023
Processing site CTDM for year 2023
Processing site CTMS for year 2023
Processing site CUHS for year 2023
Processing site CVHS for year 2023
Processing site DAM2 for year 2023
Processing site DDMN for year 2023
Processing site DESC for year 2023
Processing site DHLG for year 2023
Processing site DLNO for year 2023
Processing site DLUZ for year 2023
Processing site DOND for year 2023
Processing site DREW for year 2023
Processing site DSME for year 2023
Processing site DSSC for year 2023
Processing site DVPB for year 2023
Processing site DYH2 for year 2023
Processing site ECFS for year 2023
Processing site EDPP for year 2023
Processing site ELLY for year 2023
Processing site ELSC for year 2023
Processing site ELTN for year 2023
Processing site EWPP for year 2023
Processing site FHOG for year 2023
Processing site FMVT for year 2023
Processing site FOXG for year 2023
Processing site FVPK for year 2023
Processing site FZHS for year 2023
Processing site GDEC for year 2023
Processing site GHRP for year 2023
Processing site GLRS for year 2023
Processing site GMAG for year 2023
Processing site GMRC for year 2023
Processing site GOL2 for year 2023
Processing site GOLD for year 2023
Processing site GVRS for year 2023
Processing site HAR7 for year 2023
Processing site HBCO for year 2023
Processing site HCMN for year 2023
Processing site HELP for year 2023
Processing site HIVI for year 2023
Processing site HNPS for year 2023
Processing site HOLP for year 2023
Processing site HOTK for year 2023
Processing site HVYS for year 2023
Processing site I40A for year 2023
Processing site IDOG for year 2023
Processing site IDQG for year 2023
Processing site IID2 for year 2023
Processing site IMPS for year 2023
Processing site ISLK for year 2023
Processing site JNHG for year 2023
Processing site JPLM for year 2023
Processing site KBRC for year 2023
Processing site KDL1 for year 2023
Processing site KNOL for year 2023
Processing site KRAC for year 2023
Processing site KYVW for year 2023
Processing site LAPC for year 2023
Processing site LBC1 for year 2023
Processing site LBC2 for year 2023
Processing site LBCH for year 2023
Processing site LBRF for year 2023
Processing site LDES for year 2023
Processing site LDSW for year 2023
Processing site LEMA for year 2023
Processing site LFRS for year 2023
Processing site LGWD for year 2023
Processing site LINC for year 2023
Processing site LITT for year 2023
Processing site LJRN for year 2023
Processing site LKHG for year 2023
Processing site LL01 for year 2023
Processing site LLAS for year 2023
Processing site LMHG for year 2023
Processing site LMSG for year 2023
Processing site LNMT for year 2023
Processing site LONG for year 2023
Processing site LORS for year 2023
Processing site LPHS for year 2023
Processing site LRRG for year 2023
Processing site LVMS for year 2023
Processing site MAT2 for year 2023
Processing site MERC for year 2023
Processing site MHMS for year 2023
Processing site MJPK for year 2023
Processing site MLFP for year 2023
Processing site MONP for year 2023
Processing site MPWD for year 2023
Processing site MRRY for year 2023
Processing site MSCG for year 2023
Processing site MSOB for year 2023
Processing site MTA1 for year 2023
Processing site MTGG for year 2023
Processing site MUSB for year 2023
Processing site MVFD for year 2023
Processing site MWTP for year 2023
Processing site MXS1 for year 2023
Processing site NHRG for year 2023
Processing site NOCO for year 2023
Processing site NOPK for year 2023
Processing site NSSS for year 2023
Processing site OAES for year 2023
Processing site OCSD for year 2023
Processing site OEOC for year 2023
Processing site OPBL for year 2023
Processing site OPCL for year 2023
Processing site OPCP for year 2023
Processing site OPCX for year 2023
Processing site OPRD for year 2023
Processing site ORMT for year 2023
Processing site OVLS for year 2023
Processing site OZST for year 2023
Processing site P056 for year 2023
Processing site P066 for year 2023
Processing site P091 for year 2023
Processing site P092 for year 2023
Processing site P093 for year 2023
Processing site P094 for year 2023
Processing site P245 for year 2023
Processing site P308 for year 2023
Processing site P462 for year 2023
Processing site P464 for year 2023
Processing site P465 for year 2023
Processing site P466 for year 2023
Processing site P467 for year 2023
Processing site P469 for year 2023
Processing site P470 for year 2023
Processing site P471 for year 2023
Processing site P472 for year 2023
Processing site P473 for year 2023
Processing site P474 for year 2023
Processing site P475 for year 2023
Processing site P476 for year 2023
Processing site P477 for year 2023
Processing site P478 for year 2023
Processing site P479 for year 2023
Processing site P480 for year 2023
Processing site P481 for year 2023
Processing site P482 for year 2023
Processing site P483 for year 2023
Processing site P484 for year 2023
Processing site P485 for year 2023
Processing site P486 for year 2023
Processing site P487 for year 2023
Processing site P488 for year 2023
Processing site P489 for year 2023
Processing site P490 for year 2023
Processing site P491 for year 2023
Processing site P492 for year 2023
Processing site P493 for year 2023
Processing site P494 for year 2023
Processing site P495 for year 2023
Processing site P496 for year 2023
Processing site P497 for year 2023
Processing site P498 for year 2023
Processing site P499 for year 2023
Processing site P500 for year 2023
Processing site P501 for year 2023
Processing site P502 for year 2023
Processing site P504 for year 2023
Processing site P505 for year 2023
Processing site P507 for year 2023
Processing site P508 for year 2023
Processing site P509 for year 2023
Processing site P510 for year 2023
Processing site P511 for year 2023
Processing site P512 for year 2023
Processing site P517 for year 2023
Processing site P519 for year 2023
Processing site P520 for year 2023
Processing site P521 for year 2023
Processing site P522 for year 2023
Processing site P537 for year 2023
Processing site P543 for year 2023
Processing site P544 for year 2023
Processing site P545 for year 2023
Processing site P548 for year 2023
Processing site P550 for year 2023
Processing site P551 for year 2023
Processing site P553 for year 2023
Processing site P554 for year 2023
Processing site P555 for year 2023
Processing site P556 for year 2023
Processing site P557 for year 2023
Processing site P558 for year 2023
Processing site P560 for year 2023
Processing site P561 for year 2023
Processing site P563 for year 2023
Processing site P564 for year 2023
Processing site P565 for year 2023
Processing site P566 for year 2023
Processing site P567 for year 2023
Processing site P568 for year 2023
Processing site P569 for year 2023
Processing site P570 for year 2023
Processing site P571 for year 2023
Processing site P572 for year 2023
Processing site P573 for year 2023
Processing site P575 for year 2023
Processing site P577 for year 2023
Processing site P579 for year 2023
Processing site P580 for year 2023
Processing site P581 for year 2023
Processing site P582 for year 2023
Processing site P583 for year 2023
Processing site P584 for year 2023
Processing site P585 for year 2023
Processing site P586 for year 2023
Processing site P587 for year 2023
Processing site P589 for year 2023
Processing site P591 for year 2023
Processing site P592 for year 2023
Processing site P593 for year 2023
Processing site P595 for year 2023
Processing site P596 for year 2023
Processing site P597 for year 2023
Processing site P598 for year 2023
Processing site P599 for year 2023
Processing site P600 for year 2023
Processing site P601 for year 2023
Processing site P603 for year 2023
Processing site P604 for year 2023
Processing site P605 for year 2023
Processing site P606 for year 2023
Processing site P607 for year 2023
Processing site P608 for year 2023
Processing site P609 for year 2023
Processing site P610 for year 2023
Processing site P611 for year 2023
Processing site P612 for year 2023
Processing site P613 for year 2023
Processing site P614 for year 2023
Processing site P615 for year 2023
Processing site P616 for year 2023
Processing site P617 for year 2023
Processing site P618 for year 2023
Processing site P619 for year 2023
Processing site P620 for year 2023
Processing site P621 for year 2023
Processing site P622 for year 2023
Processing site P626 for year 2023
Processing site P627 for year 2023
Processing site P629 for year 2023
Processing site P630 for year 2023
Processing site P631 for year 2023
Processing site P632 for year 2023
Processing site P633 for year 2023
Processing site P634 for year 2023
Processing site P635 for year 2023
Processing site P636 for year 2023
Processing site P637 for year 2023
Processing site P638 for year 2023
Processing site P639 for year 2023
Processing site P640 for year 2023
Processing site P642 for year 2023
Processing site P643 for year 2023
Processing site P645 for year 2023
Processing site P646 for year 2023
Processing site P647 for year 2023
Processing site P648 for year 2023
Processing site P723 for year 2023
Processing site P725 for year 2023
Processing site P726 for year 2023
Processing site P729 for year 2023
Processing site P740 for year 2023
Processing site P741 for year 2023
Processing site P742 for year 2023
Processing site P744 for year 2023
Processing site P795 for year 2023
Processing site P797 for year 2023
Processing site P800 for year 2023
Processing site P808 for year 2023
Processing site P809 for year 2023
Processing site P810 for year 2023
Processing site P811 for year 2023
Processing site P812 for year 2023
Processing site PALX for year 2023
Processing site PBPP for year 2023
Processing site PIN1 for year 2023
Processing site PIN2 for year 2023
Processing site PKRD for year 2023
Processing site PLTX for year 2023
Processing site PMOB for year 2023
Processing site POTR for year 2023
Processing site PPBF for year 2023
Processing site PSDM for year 2023
Processing site PTEX for year 2023
Processing site PVHS for year 2023
Processing site PVRS for year 2023
Processing site QHTP for year 2023
Processing site RAAP for year 2023
Processing site RAMT for year 2023
Processing site RAPT for year 2023
Processing site RBRU for year 2023
Processing site RCA2 for year 2023
Processing site RDMT for year 2023
Processing site RHCG for year 2023
Processing site RHCL for year 2023
Processing site RMVJ for year 2023
Processing site ROCK for year 2023
Processing site RSTP for year 2023
Processing site RSVY for year 2023
Processing site RTHS for year 2023
Processing site SACY for year 2023
Processing site SAWC for year 2023
Processing site SBCC for year 2023
Processing site SCIA for year 2023
Processing site SCIP for year 2023
Processing site SDHL for year 2023
Processing site SFDM for year 2023
Processing site SHOS for year 2023
Processing site SHRC for year 2023
Processing site SILK for year 2023
Processing site SIMM for year 2023
Processing site SIO5 for year 2023
Processing site SKUL for year 2023
Processing site SKYB for year 2023
Processing site SLHG for year 2023
Processing site SLMS for year 2023
Processing site SOMT for year 2023
Processing site SONG for year 2023
Processing site SPMS for year 2023
Processing site TABL for year 2023
Processing site TABV for year 2023
Processing site TEHA for year 2023
Processing site THCP for year 2023
Processing site THM2 for year 2023
Processing site THMG for year 2023
Processing site TILC for year 2023
Processing site TIVA for year 2023
Processing site TMAP for year 2023
Processing site TORP for year 2023
Processing site TOST for year 2023
Processing site TRAK for year 2023
Processing site TWMS for year 2023
Processing site USGC for year 2023
Processing site VCST for year 2023
Processing site VDCY for year 2023
Processing site VIMT for year 2023
Processing site VINZ for year 2023
Processing site VNCO for year 2023
Processing site VNCX for year 2023
Processing site VTIS for year 2023
Processing site VTOR for year 2023
Processing site WASG for year 2023
Processing site WATC for year 2023
Processing site WCHS for year 2023
Processing site WGPP for year 2023
Processing site WHC1 for year 2023
Processing site WHYT for year 2023
Processing site WIDC for year 2023
Processing site WKPK for year 2023
Processing site WLSN for year 2023
Processing site WMAP for year 2023
Processing site WNRA for year 2023
Processing site WOMT for year 2023
Processing site WRHS for year 2023
Processing site WWMT for year 2023
Processing site ALPP for year 2023
Processing site COAG for year 2023
Processing site HMTG for year 2023
Processing site RDOM for year 2023
Processing site RKMG for year 2023
Processing site BALD for year 2023
Processing site DS13 for year 2023
Processing site ERRG for year 2023
Processing site POBG for year 2023
Processing site SNOG for year 2023
Processing site HOL3 for year 2023
Processing site RAGG for year 2023
Processing site PVE3 for year 2023
Processing site DONO for year 2023
Processing site SPK1 for year 2023
Processing site ELSG for year 2023
Processing site P799 for year 2023
Processing site P506 for year 2023
Processing site P574 for year 2023
Processing site P594 for year 2023
Processing site P463 for year 2023
Processing site VNPS for year 2023
Processing site TAFT for year 2023
Processing site AZRY for year 2023
Processing site REPO for year 2023
Processing site CORX for year 2023
Processing site P503 for year 2023
Processing site PMTN for year 2023
Processing site P311 for year 2023
Processing site P468 for year 2023
Processing site P641 for year 2023
Processing site P644 for year 2023
Processing site P649 for year 2023
Processing site P650 for year 2023
Processing site P651 for year 2023
Processing site P653 for year 2023
Processing site P724 for year 2023
Processing site P727 for year 2023
Processing site COKG for year 2023
Processing site FSHB for year 2023
Processing site YUHG for year 2023
Processing site CLAR for year 2023
Processing site PSAP for year 2023
Processing site P652 for year 2023
Processing site MINS for year 2023
Processing site BBRY for year 2023
Processing site OXYC for year 2023
Processing site 7ODM for year 2023
Processing site FMTP for year 2023
Processing site CJMG for year 2023
Processing site LINJ for year 2023
Processing site DAM3 for year 2023
                    Timestamp  Site  ...  Precipitation_Label_approx  ffw
0  2023-01-01 00:00:00.000000  ACSB  ...                        0.01    0
0  2023-11-17 05:24:59.999999  P537  ...                        0.00    0
0  2023-06-10 14:44:59.999999  P643  ...                        0.00    0
1  2023-01-01 00:05:00.000000  ACSB  ...                        0.01    0
1  2023-06-10 14:49:59.999999  P643  ...                        0.00    0
1  2023-11-17 05:29:59.999999  P537  ...                        0.00    0
2  2023-01-01 00:10:00.000000  ACSB  ...                        0.01    0
2  2023-06-10 14:54:59.999999  P643  ...                        0.00    0
2  2023-11-17 05:34:59.999999  P537  ...                        0.00    0
3  2023-01-01 00:15:00.000000  ACSB  ...                        0.01    0

[10 rows x 16 columns]
Number of rows in result_df before saving: 43083452
Successfully processed and saved data for year 2023
Successfully processed year 2023
Completed data processing at 2025-01-08 06:16:50.779581
Total processing time: 5:51:19.670597
